"CustomerID","last_purchase_date","frequency","monetary","r_score","f_score","m_score","rfm_total","segment"
17230.0,"2011-03-20 16:12:00",11,3466.67,5,5,5,15,"Champions"
17504.0,"2011-05-17 12:59:00",10,2745.28,5,5,5,15,"Champions"
17850.0,"2011-02-10 14:38:00",35,5288.630000000007,5,5,5,15,"Champions"
13093.0,"2011-03-17 17:16:00",13,7741.47,5,5,5,15,"Champions"
15235.0,"2011-05-06 09:44:00",12,2247.5100000000007,5,5,5,15,"Champions"
15032.0,"2011-03-28 15:30:00",5,4464.1,5,4,5,14,"Champions"
12755.0,"2011-04-04 10:12:00",4,2203.1999999999994,5,4,5,14,"Champions"
13715.0,"2011-03-03 19:21:00",8,1053.9399999999996,5,5,4,14,"Champions"
17819.0,"2011-09-29 10:52:00",8,3661.0699999999993,4,5,5,14,"Champions"
14364.0,"2011-08-23 11:01:00",8,3717.3499999999985,4,5,5,14,"Champions"
18094.0,"2011-09-19 09:28:00",7,3017.2999999999997,4,5,5,14,"Champions"
13631.0,"2011-09-01 09:57:00",12,3021.77,4,5,5,14,"Champions"
16180.0,"2011-08-31 16:28:00",10,10217.479999999996,4,5,5,14,"Champions"
18073.0,"2011-08-17 14:02:00",13,3864.4400000000023,4,5,5,14,"Champions"
15410.0,"2011-09-16 14:47:00",8,3450.8400000000015,4,5,5,14,"Champions"
18231.0,"2011-05-31 14:18:00",6,2066.1700000000014,5,4,5,14,"Champions"
12980.0,"2011-07-07 11:42:00",12,7092.060000000001,4,5,5,14,"Champions"
16919.0,"2011-07-06 13:35:00",11,2596.45,4,5,5,14,"Champions"
16098.0,"2011-09-13 09:59:00",7,2005.63,4,5,5,14,"Champions"
16553.0,"2011-06-29 15:42:00",14,5664.569999999999,4,5,5,14,"Champions"
12754.0,"2011-04-18 09:00:00",5,2949.1199999999994,5,4,5,14,"Champions"
16735.0,"2011-09-22 11:49:00",7,2269.209999999998,4,5,5,14,"Champions"
15749.0,"2011-04-18 13:20:00",4,21535.9,5,4,5,14,"Champions"
15379.0,"2011-06-23 13:13:00",8,3631.890000000001,4,5,5,14,"Champions"
18260.0,"2011-06-20 12:37:00",8,2595.0,4,5,5,14,"Champions"
15581.0,"2011-08-11 09:38:00",14,3429.9700000000003,4,5,5,14,"Champions"
14573.0,"2011-06-13 11:15:00",13,1603.7200000000018,5,5,4,14,"Champions"
16928.0,"2011-09-20 15:10:00",19,2781.499999999998,4,5,5,14,"Champions"
17591.0,"2011-09-27 13:42:00",8,2215.0200000000004,4,5,5,14,"Champions"
13082.0,"2011-08-05 16:16:00",10,3595.48,4,5,5,14,"Champions"
16745.0,"2011-09-14 11:58:00",18,7170.700000000004,4,5,5,14,"Champions"
17061.0,"2011-09-27 11:24:00",12,5116.129999999999,4,5,5,14,"Champions"
15939.0,"2011-09-11 11:30:00",16,6102.259999999999,4,5,5,14,"Champions"
15658.0,"2011-06-02 15:22:00",8,958.8999999999994,5,5,4,14,"Champions"
15808.0,"2011-02-06 14:33:00",5,3724.770000000001,5,4,5,14,"Champions"
14854.0,"2011-09-22 17:00:00",8,2749.8899999999994,4,5,5,14,"Champions"
14407.0,"2011-08-24 14:02:00",9,2111.0800000000004,4,5,5,14,"Champions"
15764.0,"2011-09-19 16:16:00",10,3245.47,4,5,5,14,"Champions"
12409.0,"2011-09-22 10:38:00",7,11056.930000000002,4,5,5,14,"Champions"
16550.0,"2011-08-23 11:12:00",9,2266.25,4,5,5,14,"Champions"
15625.0,"2011-08-31 16:13:00",8,1504.5600000000002,4,5,4,13,"Champions"
15260.0,"2011-08-31 13:55:00",8,1780.77,4,5,4,13,"Champions"
14221.0,"2011-10-28 13:42:00",10,3427.8499999999995,3,5,5,13,"Loyal Customers"
17646.0,"2011-05-04 13:17:00",4,995.6599999999997,5,4,4,13,"Champions"
15596.0,"2011-08-31 10:55:00",9,1343.34,4,5,4,13,"Champions"
16725.0,"2011-02-10 16:52:00",8,775.0700000000004,5,5,3,13,"Loyal Customers"
14472.0,"2011-08-28 11:01:00",8,1936.8400000000015,4,5,4,13,"Champions"
15696.0,"2011-11-06 14:02:00",12,2644.460000000001,3,5,5,13,"Loyal Customers"
12853.0,"2011-08-24 11:00:00",9,1881.6999999999998,4,5,4,13,"Champions"
17965.0,"2011-11-02 09:31:00",14,2622.569999999999,3,5,5,13,"Loyal Customers"
15777.0,"2011-04-12 16:43:00",5,1021.6100000000001,5,4,4,13,"Champions"
15797.0,"2011-08-18 17:04:00",4,2207.4,4,4,5,13,"Champions"
12678.0,"2011-10-28 13:04:00",13,17588.26,3,5,5,13,"Loyal Customers"
13027.0,"2011-08-18 09:39:00",6,6912.0,4,4,5,13,"Champions"
14532.0,"2011-04-17 13:05:00",4,932.8499999999999,5,4,4,13,"Champions"
13722.0,"2011-08-11 15:26:00",4,2369.1600000000003,4,4,5,13,"Champions"
17696.0,"2011-11-01 13:43:00",14,2201.0500000000015,3,5,5,13,"Loyal Customers"
13911.0,"2011-10-13 15:43:00",9,2580.9100000000003,3,5,5,13,"Loyal Customers"
17770.0,"2011-05-25 12:34:00",5,1143.27,5,4,4,13,"Champions"
13869.0,"2011-08-08 13:53:00",4,3104.9500000000035,4,4,5,13,"Champions"
17400.0,"2011-08-05 15:38:00",5,2129.960000000003,4,4,5,13,"Champions"
17723.0,"2011-08-04 18:37:00",6,3276.4,4,4,5,13,"Champions"
16843.0,"2011-10-28 09:06:00",17,10183.820000000016,3,5,5,13,"Loyal Customers"
12643.0,"2011-08-03 12:56:00",6,3344.6400000000003,4,4,5,13,"Champions"
13802.0,"2011-07-24 13:26:00",6,3906.2700000000013,4,4,5,13,"Champions"
14828.0,"2011-05-27 10:16:00",3,2139.76,5,3,5,13,"Loyal Customers"
12916.0,"2011-07-24 10:35:00",5,2982.35,4,4,5,13,"Champions"
15704.0,"2011-07-22 13:35:00",4,2293.6200000000003,4,4,5,13,"Champions"
15606.0,"2011-10-13 13:32:00",11,2422.6400000000003,3,5,5,13,"Loyal Customers"
12947.0,"2011-07-19 10:06:00",11,1407.2900000000002,4,5,4,13,"Champions"
12840.0,"2011-07-19 09:29:00",6,2714.2699999999995,4,4,5,13,"Champions"
17337.0,"2011-07-11 14:56:00",7,1944.3200000000027,4,5,4,13,"Champions"
15332.0,"2010-12-08 14:43:00",4,1661.06,5,4,4,13,"Champions"
17509.0,"2011-10-13 12:16:00",11,6100.7400000000025,3,5,5,13,"Loyal Customers"
17126.0,"2011-07-10 13:52:00",7,991.8499999999998,4,5,4,13,"Champions"
17152.0,"2011-05-29 12:19:00",4,1503.5,5,4,4,13,"Champions"
17669.0,"2011-10-28 08:53:00",7,3406.72,3,5,5,13,"Loyal Customers"
14016.0,"2011-07-08 14:27:00",5,4328.460000000003,4,4,5,13,"Champions"
13475.0,"2011-06-01 13:52:00",4,1431.7800000000002,5,4,4,13,"Champions"
17204.0,"2011-06-23 13:54:00",9,1352.91,4,5,4,13,"Champions"
18168.0,"2011-06-16 19:21:00",9,1133.64,4,5,4,13,"Champions"
12383.0,"2011-06-08 08:02:00",6,1839.3099999999995,5,4,4,13,"Champions"
14740.0,"2011-06-01 15:17:00",4,1423.2099999999991,5,4,4,13,"Champions"
17874.0,"2011-06-07 12:54:00",7,658.2600000000001,5,5,3,13,"Loyal Customers"
12868.0,"2011-06-07 10:42:00",6,1607.0600000000009,5,4,4,13,"Champions"
13842.0,"2011-10-12 10:51:00",9,3385.6199999999994,3,5,5,13,"Loyal Customers"
16520.0,"2011-06-06 13:24:00",4,1036.6200000000003,5,4,4,13,"Champions"
15508.0,"2011-06-03 15:43:00",6,1000.2700000000003,5,4,4,13,"Champions"
12590.0,"2011-06-02 14:25:00",3,9861.380000000001,5,3,5,13,"Loyal Customers"
13520.0,"2011-10-12 10:20:00",8,3487.749999999999,3,5,5,13,"Loyal Customers"
15281.0,"2011-10-12 09:10:00",12,2239.9500000000003,3,5,5,13,"Loyal Customers"
16029.0,"2011-11-01 10:27:00",76,50992.61,3,5,5,13,"Loyal Customers"
14239.0,"2011-10-27 14:40:00",13,2323.5000000000014,3,5,5,13,"Loyal Customers"
17107.0,"2011-11-07 08:41:00",7,10380.429999999991,3,5,5,13,"Loyal Customers"
13327.0,"2011-11-01 10:21:00",9,3617.5699999999983,3,5,5,13,"Loyal Customers"
15874.0,"2011-10-07 12:58:00",9,4330.67,3,5,5,13,"Loyal Customers"
17164.0,"2011-11-07 09:14:00",8,2466.4000000000005,3,5,5,13,"Loyal Customers"
14004.0,"2011-10-27 14:40:00",7,4582.640000000001,3,5,5,13,"Loyal Customers"
12594.0,"2011-11-02 12:20:00",11,3320.2199999999984,3,5,5,13,"Loyal Customers"
16477.0,"2011-10-07 09:44:00",7,2494.4600000000005,3,5,5,13,"Loyal Customers"
13317.0,"2011-10-06 19:21:00",9,2140.07,3,5,5,13,"Loyal Customers"
16875.0,"2011-10-06 19:20:00",9,2023.4700000000005,3,5,5,13,"Loyal Customers"
18226.0,"2011-11-01 09:57:00",14,5192.100000000004,3,5,5,13,"Loyal Customers"
18257.0,"2011-10-31 14:48:00",12,2265.38,3,5,5,13,"Loyal Customers"
13097.0,"2011-11-07 10:43:00",14,5893.319999999995,3,5,5,13,"Loyal Customers"
12939.0,"2011-10-06 14:33:00",8,11581.8,3,5,5,13,"Loyal Customers"
15296.0,"2011-10-26 16:33:00",10,3610.31,3,5,5,13,"Loyal Customers"
14842.0,"2011-11-04 13:09:00",8,2456.8,3,5,5,13,"Loyal Customers"
17396.0,"2011-10-31 14:12:00",8,7330.8,3,5,5,13,"Loyal Customers"
16316.0,"2011-10-06 13:48:00",12,2755.5600000000013,3,5,5,13,"Loyal Customers"
13552.0,"2011-10-04 15:19:00",16,3539.5300000000016,3,5,5,13,"Loyal Customers"
12484.0,"2011-11-07 11:37:00",8,4495.269999999998,3,5,5,13,"Loyal Customers"
14341.0,"2011-10-25 15:48:00",9,2166.379999999999,3,5,5,13,"Loyal Customers"
16556.0,"2011-10-04 11:36:00",7,3313.79,3,5,5,13,"Loyal Customers"
13340.0,"2011-10-25 13:15:00",7,10736.479999999992,3,5,5,13,"Loyal Customers"
12830.0,"2011-11-02 11:54:00",7,6748.4000000000015,3,5,5,13,"Loyal Customers"
16714.0,"2011-05-05 11:09:00",4,911.5299999999993,5,4,4,13,"Champions"
14952.0,"2011-10-24 13:50:00",15,7912.79,3,5,5,13,"Loyal Customers"
15299.0,"2011-10-03 14:19:00",11,3787.09,3,5,5,13,"Loyal Customers"
12637.0,"2011-10-03 13:46:00",10,5953.25,3,5,5,13,"Loyal Customers"
13505.0,"2011-10-03 12:14:00",8,4282.880000000001,3,5,5,13,"Loyal Customers"
15974.0,"2011-10-31 13:13:00",8,3429.55,3,5,5,13,"Loyal Customers"
15719.0,"2011-11-07 12:29:00",14,5043.959999999997,3,5,5,13,"Loyal Customers"
18239.0,"2011-05-05 12:38:00",5,1561.6100000000001,5,4,4,13,"Champions"
15521.0,"2011-11-03 13:52:00",13,2574.6500000000005,3,5,5,13,"Loyal Customers"
12408.0,"2011-11-07 12:30:00",9,2842.5700000000015,3,5,5,13,"Loyal Customers"
18008.0,"2011-09-30 15:17:00",9,2116.19,3,5,5,13,"Loyal Customers"
17406.0,"2011-01-13 12:52:00",5,1928.720000000001,5,4,4,13,"Champions"
16729.0,"2011-11-03 19:11:00",26,7076.279999999984,3,5,5,13,"Loyal Customers"
16686.0,"2011-10-23 13:49:00",9,3043.479999999999,3,5,5,13,"Loyal Customers"
14800.0,"2011-10-23 12:46:00",16,4236.340000000001,3,5,5,13,"Loyal Customers"
17894.0,"2011-09-29 09:23:00",8,1119.8100000000002,4,5,4,13,"Champions"
17634.0,"2011-11-03 13:09:00",9,2361.970000000003,3,5,5,13,"Loyal Customers"
13901.0,"2011-09-28 14:48:00",5,2867.2000000000003,4,4,5,13,"Champions"
13527.0,"2011-11-06 12:04:00",8,2263.76,3,5,5,13,"Loyal Customers"
13993.0,"2011-11-07 13:00:00",12,3409.66,3,5,5,13,"Loyal Customers"
13136.0,"2011-10-20 19:13:00",11,2545.380000000001,3,5,5,13,"Loyal Customers"
18242.0,"2011-09-28 13:43:00",4,2232.4900000000002,4,4,5,13,"Champions"
16182.0,"2011-09-28 13:23:00",4,6617.650000000001,4,4,5,13,"Champions"
13134.0,"2011-09-28 09:22:00",7,1740.6299999999994,4,5,4,13,"Champions"
15827.0,"2011-09-27 15:35:00",20,1641.4800000000005,4,5,4,13,"Champions"
15129.0,"2011-10-20 14:40:00",11,3447.3999999999996,3,5,5,13,"Loyal Customers"
12455.0,"2011-09-27 15:31:00",6,2466.859999999997,4,4,5,13,"Champions"
15301.0,"2011-10-20 09:57:00",14,5028.119999999998,3,5,5,13,"Loyal Customers"
12585.0,"2011-04-19 13:39:00",4,1982.8099999999993,5,4,4,13,"Champions"
14776.0,"2011-10-19 15:34:00",13,2195.58,3,5,5,13,"Loyal Customers"
14175.0,"2011-10-19 13:42:00",7,3108.0600000000004,3,5,5,13,"Loyal Customers"
15674.0,"2011-09-27 15:17:00",8,1744.0200000000027,4,5,4,13,"Champions"
14808.0,"2011-10-31 12:21:00",15,2175.3699999999985,3,5,5,13,"Loyal Customers"
13555.0,"2011-09-27 12:36:00",4,4149.2800000000025,4,4,5,13,"Champions"
14101.0,"2011-09-27 12:28:00",6,5976.79,4,4,5,13,"Champions"
14107.0,"2011-10-19 12:12:00",8,2688.48,3,5,5,13,"Loyal Customers"
17997.0,"2011-09-26 16:13:00",12,1511.300000000003,4,5,4,13,"Champions"
15752.0,"2011-10-31 11:37:00",8,2628.930000000003,3,5,5,13,"Loyal Customers"
16984.0,"2011-09-22 18:21:00",5,4392.419999999999,4,4,5,13,"Champions"
17213.0,"2011-10-30 14:53:00",11,2741.0799999999995,3,5,5,13,"Loyal Customers"
12909.0,"2011-10-31 12:43:00",8,2128.83,3,5,5,13,"Loyal Customers"
12744.0,"2011-10-19 11:18:00",10,9120.389999999998,3,5,5,13,"Loyal Customers"
15201.0,"2011-09-22 09:53:00",11,927.8400000000006,4,5,4,13,"Champions"
14639.0,"2011-10-18 15:06:00",8,2952.340000000003,3,5,5,13,"Loyal Customers"
15810.0,"2011-09-22 09:38:00",7,1145.4299999999994,4,5,4,13,"Champions"
14040.0,"2011-10-30 12:42:00",15,3542.189999999999,3,5,5,13,"Loyal Customers"
13324.0,"2011-11-07 15:51:00",12,7072.799999999993,3,5,5,13,"Loyal Customers"
12520.0,"2011-09-21 15:23:00",6,2582.5099999999993,4,4,5,13,"Champions"
13908.0,"2011-09-21 11:49:00",5,2347.0499999999984,4,4,5,13,"Champions"
15140.0,"2011-10-18 14:07:00",8,2350.0000000000005,3,5,5,13,"Loyal Customers"
12431.0,"2011-11-04 11:55:00",18,6416.389999999999,3,5,5,13,"Loyal Customers"
15505.0,"2011-10-18 07:56:00",7,3497.1400000000012,3,5,5,13,"Loyal Customers"
14810.0,"2011-10-30 11:19:00",11,2087.8799999999997,3,5,5,13,"Loyal Customers"
16709.0,"2011-09-16 10:56:00",5,3029.870000000001,4,4,5,13,"Champions"
13141.0,"2011-09-16 09:54:00",6,2385.8000000000006,4,4,5,13,"Champions"
15370.0,"2011-10-30 10:58:00",8,2360.550000000001,3,5,5,13,"Loyal Customers"
18173.0,"2011-09-14 11:26:00",4,2106.84,4,4,5,13,"Champions"
14211.0,"2011-10-17 13:23:00",13,2208.3,3,5,5,13,"Loyal Customers"
14163.0,"2011-09-13 15:18:00",4,2445.9100000000008,4,4,5,13,"Champions"
16306.0,"2011-05-10 12:12:00",9,602.2700000000001,5,5,3,13,"Loyal Customers"
15673.0,"2011-09-12 16:12:00",4,2881.020000000001,4,4,5,13,"Champions"
15996.0,"2011-09-12 15:14:00",7,1044.7799999999993,4,5,4,13,"Champions"
16209.0,"2011-09-12 11:58:00",5,2262.62,4,4,5,13,"Champions"
14307.0,"2011-09-12 09:38:00",6,2995.7200000000003,4,4,5,13,"Champions"
14210.0,"2011-09-09 12:55:00",7,1900.89,4,5,4,13,"Champions"
16187.0,"2011-11-08 09:50:00",17,6841.24,3,5,5,13,"Loyal Customers"
14414.0,"2011-09-09 12:09:00",8,1485.1300000000006,4,5,4,13,"Champions"
16652.0,"2011-10-17 11:43:00",11,6654.260000000001,3,5,5,13,"Loyal Customers"
18093.0,"2011-09-07 15:43:00",5,2083.42,4,4,5,13,"Champions"
15491.0,"2011-09-05 15:56:00",7,3090.850000000001,4,4,5,13,"Champions"
14565.0,"2011-09-05 12:37:00",6,3073.770000000002,4,4,5,13,"Champions"
12502.0,"2011-09-05 11:52:00",5,3723.870000000001,4,4,5,13,"Champions"
17722.0,"2011-09-04 15:22:00",6,2380.64,4,4,5,13,"Champions"
15708.0,"2011-10-30 10:54:00",11,3329.72,3,5,5,13,"Loyal Customers"
17050.0,"2011-09-04 13:48:00",6,3228.8399999999997,4,4,5,13,"Champions"
12625.0,"2011-05-12 09:54:00",3,2614.3199999999993,5,3,5,13,"Loyal Customers"
17719.0,"2011-11-02 10:36:00",18,5367.800000000004,3,5,5,13,"Loyal Customers"
18087.0,"2011-09-02 15:12:00",4,3770.12,4,4,5,13,"Champions"
13952.0,"2011-05-12 19:27:00",3,3246.0909999999994,5,3,5,13,"Loyal Customers"
16456.0,"2011-09-01 13:50:00",5,2158.3700000000003,4,4,5,13,"Champions"
12352.0,"2011-11-03 14:37:00",11,1545.4100000000008,3,5,4,12,"Loyal Customers"
16409.0,"2011-11-03 16:45:00",5,2028.8800000000012,3,4,5,12,"Loyal Customers"
13941.0,"2011-11-18 09:43:00",7,4912.41,2,5,5,12,"At Risk"
16871.0,"2011-11-17 19:27:00",7,2761.49,2,5,5,12,"At Risk"
14154.0,"2011-04-14 16:26:00",2,1345.6200000000003,5,3,4,12,"Loyal Customers"
15722.0,"2011-11-04 11:43:00",6,2181.21,3,4,5,12,"Loyal Customers"
17203.0,"2011-11-04 12:27:00",6,3563.849999999999,3,4,5,12,"Loyal Customers"
17193.0,"2011-11-04 12:47:00",9,1674.46,3,5,4,12,"Loyal Customers"
12928.0,"2011-11-04 14:24:00",5,2062.6999999999994,3,4,5,12,"Loyal Customers"
17799.0,"2011-11-17 15:16:00",11,3026.0799999999986,2,5,5,12,"At Risk"
16466.0,"2011-11-06 11:35:00",7,1603.4600000000007,3,5,4,12,"Loyal Customers"
16656.0,"2011-11-17 14:43:00",21,8568.240000000002,2,5,5,12,"At Risk"
14404.0,"2011-11-06 12:30:00",7,1434.7200000000003,3,5,4,12,"Loyal Customers"
16771.0,"2011-11-06 13:28:00",5,2246.8100000000018,3,4,5,12,"Loyal Customers"
12647.0,"2011-11-17 12:56:00",13,3669.920000000001,2,5,5,12,"At Risk"
16186.0,"2011-11-17 12:43:00",13,3991.940000000003,2,5,5,12,"At Risk"
14112.0,"2011-11-17 12:30:00",12,2774.170000000001,2,5,5,12,"At Risk"
13523.0,"2011-11-06 15:11:00",6,3755.3800000000006,3,4,5,12,"Loyal Customers"
17716.0,"2011-11-17 12:00:00",12,5505.79,2,5,5,12,"At Risk"
15529.0,"2011-11-17 11:29:00",12,3967.779999999997,2,5,5,12,"At Risk"
12567.0,"2011-11-17 11:02:00",11,9114.939999999995,2,5,5,12,"At Risk"
17613.0,"2011-11-17 10:51:00",17,4509.370000000002,2,5,5,12,"At Risk"
13871.0,"2011-11-17 10:49:00",14,6389.800000000004,2,5,5,12,"At Risk"
12477.0,"2011-11-17 09:51:00",9,13117.009999999993,2,5,5,12,"At Risk"
12610.0,"2011-11-17 09:34:00",7,2057.9900000000007,2,5,5,12,"At Risk"
12712.0,"2011-11-17 09:15:00",17,4241.63,2,5,5,12,"At Risk"
12481.0,"2011-11-17 08:29:00",11,5590.8600000000015,2,5,5,12,"At Risk"
15493.0,"2011-11-07 12:04:00",7,1967.250000000004,3,5,4,12,"Loyal Customers"
15805.0,"2011-11-16 16:32:00",20,5452.169999999997,2,5,5,12,"At Risk"
12500.0,"2011-11-16 16:20:00",13,4206.270000000001,2,5,5,12,"At Risk"
12626.0,"2011-11-16 16:06:00",13,6388.349999999998,2,5,5,12,"At Risk"
16912.0,"2011-11-16 15:51:00",14,2528.670000000001,2,5,5,12,"At Risk"
18075.0,"2011-11-16 15:21:00",14,2538.7200000000016,2,5,5,12,"At Risk"
12910.0,"2011-11-16 14:28:00",8,3075.0400000000013,2,5,5,12,"At Risk"
13717.0,"2011-11-07 14:13:00",7,1432.2600000000002,3,5,4,12,"Loyal Customers"
17596.0,"2011-11-16 14:11:00",7,2827.929999999998,2,5,5,12,"At Risk"
16348.0,"2011-11-07 15:44:00",7,1469.4500000000005,3,5,4,12,"Loyal Customers"
14360.0,"2011-11-08 09:12:00",4,2128.230000000001,3,4,5,12,"Loyal Customers"
13629.0,"2011-11-16 13:21:00",11,7792.36,2,5,5,12,"At Risk"
17277.0,"2011-04-26 12:47:00",2,1065.3500000000004,5,3,4,12,"Loyal Customers"
15249.0,"2011-11-08 11:45:00",15,6657.360000000008,2,5,5,12,"At Risk"
16698.0,"2011-04-27 10:52:00",2,1998.0,5,3,4,12,"Loyal Customers"
13047.0,"2011-11-08 12:10:00",18,3079.1000000000004,2,5,5,12,"At Risk"
12721.0,"2011-11-08 12:13:00",7,2628.9800000000005,2,5,5,12,"At Risk"
14232.0,"2011-11-08 12:17:00",8,2043.9300000000005,2,5,5,12,"At Risk"
12731.0,"2011-11-16 11:59:00",14,18793.410000000007,2,5,5,12,"At Risk"
15356.0,"2011-11-08 13:11:00",10,2766.4999999999995,2,5,5,12,"At Risk"
13975.0,"2011-11-08 13:19:00",7,2503.230000000001,2,5,5,12,"At Risk"
17377.0,"2011-11-16 11:17:00",21,3925.9199999999946,2,5,5,12,"At Risk"
14676.0,"2011-11-08 13:29:00",8,2543.24,2,5,5,12,"At Risk"
14057.0,"2011-11-16 10:32:00",18,6147.400000000002,2,5,5,12,"At Risk"
13695.0,"2011-11-08 14:26:00",15,2504.129999999999,2,5,5,12,"At Risk"
16837.0,"2011-11-08 14:27:00",12,3167.73,2,5,5,12,"At Risk"
15513.0,"2011-11-08 16:21:00",22,14520.079999999998,2,5,5,12,"At Risk"
16767.0,"2011-11-09 09:42:00",11,5580.6,2,5,5,12,"At Risk"
13384.0,"2011-11-09 11:04:00",9,4122.280000000001,2,5,5,12,"At Risk"
12949.0,"2011-11-09 11:25:00",10,4143.020000000001,2,5,5,12,"At Risk"
12472.0,"2011-11-09 11:33:00",13,6229.480000000007,2,5,5,12,"At Risk"
17865.0,"2011-11-09 12:08:00",27,10158.539999999992,2,5,5,12,"At Risk"
12415.0,"2011-11-15 14:22:00",26,123725.44999999985,2,5,5,12,"At Risk"
15955.0,"2011-11-15 14:15:00",16,4389.810000000004,2,5,5,12,"At Risk"
13804.0,"2011-11-09 12:32:00",7,2635.7899999999995,2,5,5,12,"At Risk"
17220.0,"2011-11-15 13:47:00",14,3198.2500000000023,2,5,5,12,"At Risk"
13209.0,"2011-11-09 13:54:00",11,5820.160000000002,2,5,5,12,"At Risk"
15114.0,"2011-11-09 15:05:00",10,2760.559999999998,2,5,5,12,"At Risk"
17690.0,"2011-11-09 15:17:00",16,4748.450000000001,2,5,5,12,"At Risk"
14944.0,"2011-11-10 09:10:00",14,5842.950000000003,2,5,5,12,"At Risk"
12708.0,"2011-11-10 09:52:00",16,2616.3200000000015,2,5,5,12,"At Risk"
16218.0,"2011-11-10 09:59:00",8,3054.8700000000017,2,5,5,12,"At Risk"
13983.0,"2011-11-10 11:06:00",13,2590.46,2,5,5,12,"At Risk"
15785.0,"2011-11-10 12:08:00",8,2303.7500000000014,2,5,5,12,"At Risk"
17416.0,"2011-11-10 12:47:00",9,6838.340000000003,2,5,5,12,"At Risk"
16743.0,"2011-11-10 13:13:00",8,2191.84,2,5,5,12,"At Risk"
17849.0,"2011-05-05 13:46:00",4,605.7999999999998,5,4,3,12,"Loyal Customers"
13735.0,"2011-11-15 11:14:00",8,2766.18,2,5,5,12,"At Risk"
12473.0,"2011-11-10 13:48:00",9,2848.229999999999,2,5,5,12,"At Risk"
17314.0,"2011-11-15 09:41:00",11,2514.76,2,5,5,12,"At Risk"
14466.0,"2011-11-10 14:07:00",7,2272.4000000000005,2,5,5,12,"At Risk"
17442.0,"2011-11-10 14:54:00",10,2210.26,2,5,5,12,"At Risk"
13148.0,"2011-11-10 15:23:00",17,3348.4800000000014,2,5,5,12,"At Risk"
15981.0,"2011-11-15 08:00:00",8,3408.4799999999987,2,5,5,12,"At Risk"
14680.0,"2011-11-14 16:59:00",23,26932.339999999986,2,5,5,12,"At Risk"
12600.0,"2011-11-11 10:29:00",11,2581.0400000000004,2,5,5,12,"At Risk"
14226.0,"2011-11-11 11:34:00",7,2201.6399999999994,2,5,5,12,"At Risk"
18183.0,"2011-05-05 17:47:00",6,600.52,5,4,3,12,"Loyal Customers"
17512.0,"2011-11-11 12:11:00",11,2920.0400000000013,2,5,5,12,"At Risk"
12726.0,"2011-11-11 13:35:00",7,2609.1000000000004,2,5,5,12,"At Risk"
15058.0,"2011-11-14 14:57:00",11,2124.990000000002,2,5,5,12,"At Risk"
15125.0,"2011-11-14 13:57:00",23,11117.050000000001,2,5,5,12,"At Risk"
17191.0,"2011-11-11 16:58:00",7,2095.130000000001,2,5,5,12,"At Risk"
17069.0,"2011-11-11 17:13:00",13,2655.2200000000016,2,5,5,12,"At Risk"
17652.0,"2011-11-14 12:55:00",18,4737.129999999998,2,5,5,12,"At Risk"
17211.0,"2011-11-13 12:03:00",9,2299.67,2,5,5,12,"At Risk"
13700.0,"2011-11-13 13:00:00",10,2265.12,2,5,5,12,"At Risk"
12867.0,"2011-11-13 15:30:00",10,3986.219999999994,2,5,5,12,"At Risk"
15291.0,"2011-11-14 11:02:00",20,4596.510000000003,2,5,5,12,"At Risk"
14227.0,"2011-11-13 15:48:00",15,3315.7100000000014,2,5,5,12,"At Risk"
18069.0,"2011-11-13 16:05:00",7,2021.8200000000002,2,5,5,12,"At Risk"
12428.0,"2011-11-14 08:22:00",12,7877.2000000000035,2,5,5,12,"At Risk"
13178.0,"2011-11-13 16:14:00",11,5725.470000000002,2,5,5,12,"At Risk"
14161.0,"2011-05-08 11:41:00",3,1110.5200000000002,5,3,4,12,"Loyal Customers"
17597.0,"2011-05-10 11:54:00",1,2044.37,5,2,5,12,"New Customers"
15171.0,"2011-01-19 12:39:00",2,1034.5,5,3,4,12,"Loyal Customers"
14920.0,"2011-05-11 10:32:00",2,977.7699999999999,5,3,4,12,"Loyal Customers"
15079.0,"2011-05-11 12:45:00",5,893.6599999999999,5,4,3,12,"Loyal Customers"
16244.0,"2011-05-12 10:18:00",2,1522.75,5,3,4,12,"Loyal Customers"
12857.0,"2011-05-13 10:20:00",2,1106.4000000000003,5,3,4,12,"Loyal Customers"
15813.0,"2011-05-16 08:13:00",2,1303.9099999999999,5,3,4,12,"Loyal Customers"
18218.0,"2011-05-17 14:16:00",4,626.38,5,4,3,12,"Loyal Customers"
15648.0,"2011-05-19 15:53:00",4,599.8999999999999,5,4,3,12,"Loyal Customers"
13151.0,"2011-05-20 12:55:00",2,1250.3700000000001,5,3,4,12,"Loyal Customers"
14195.0,"2011-05-22 10:29:00",3,962.7,5,3,4,12,"Loyal Customers"
14817.0,"2011-05-23 13:35:00",2,1110.3399999999997,5,3,4,12,"Loyal Customers"
18202.0,"2011-05-24 12:12:00",3,1396.9900000000002,5,3,4,12,"Loyal Customers"
15882.0,"2011-05-25 11:35:00",5,495.36,5,4,3,12,"Loyal Customers"
17955.0,"2011-05-25 12:00:00",4,557.3,5,4,3,12,"Loyal Customers"
13659.0,"2011-05-26 19:56:00",3,1550.8500000000008,5,3,4,12,"Loyal Customers"
13135.0,"2011-05-27 10:52:00",1,3096.0,5,2,5,12,"New Customers"
16889.0,"2011-05-29 11:05:00",3,1578.6700000000003,5,3,4,12,"Loyal Customers"
17454.0,"2011-05-31 13:58:00",4,517.5300000000002,5,4,3,12,"Loyal Customers"
12652.0,"2011-01-21 17:01:00",2,914.5299999999996,5,3,4,12,"Loyal Customers"
12601.0,"2011-06-03 10:17:00",6,569.5600000000001,5,4,3,12,"Loyal Customers"
14439.0,"2011-01-24 11:39:00",1,2661.2399999999993,5,2,5,12,"New Customers"
14867.0,"2011-06-07 11:39:00",4,701.3299999999998,5,4,3,12,"Loyal Customers"
14625.0,"2011-06-07 15:40:00",5,848.48,5,4,3,12,"Loyal Customers"
16955.0,"2011-06-08 10:36:00",5,493.66999999999996,5,4,3,12,"Loyal Customers"
13811.0,"2011-06-09 09:54:00",4,591.75,5,4,3,12,"Loyal Customers"
15098.0,"2011-06-10 15:39:00",5,649.5,5,4,3,12,"Loyal Customers"
14231.0,"2011-06-13 15:35:00",5,822.0599999999997,5,4,3,12,"Loyal Customers"
15643.0,"2011-06-13 17:19:00",6,647.4000000000001,5,4,3,12,"Loyal Customers"
13476.0,"2011-06-14 12:00:00",4,1092.7700000000002,4,4,4,12,"Champions"
14245.0,"2011-06-16 14:33:00",5,1677.4799999999996,4,4,4,12,"Champions"
14584.0,"2011-06-23 18:33:00",5,1029.2599999999993,4,4,4,12,"Champions"
14352.0,"2011-07-05 15:41:00",4,1078.96,4,4,4,12,"Champions"
17787.0,"2011-07-10 11:24:00",4,1865.1899999999991,4,4,4,12,"Champions"
18142.0,"2011-07-11 13:34:00",4,1014.9,4,4,4,12,"Champions"
12501.0,"2011-01-28 13:54:00",2,2089.68,5,2,5,12,"New Customers"
12669.0,"2011-07-12 09:54:00",4,1607.7299999999998,4,4,4,12,"Champions"
14267.0,"2011-07-12 11:11:00",7,1279.0899999999997,4,4,4,12,"Champions"
14461.0,"2011-07-14 17:11:00",3,2103.0600000000004,4,3,5,12,"Loyal Customers"
17444.0,"2011-07-15 12:05:00",3,2940.0399999999995,4,3,5,12,"Loyal Customers"
15716.0,"2011-07-17 11:59:00",4,1118.81,4,4,4,12,"Champions"
14758.0,"2011-07-18 08:21:00",4,1484.0599999999995,4,4,4,12,"Champions"
16398.0,"2011-07-18 10:14:00",4,1631.1500000000005,4,4,4,12,"Champions"
15108.0,"2011-07-21 10:24:00",5,1291.7500000000005,4,4,4,12,"Champions"
17062.0,"2011-01-30 11:01:00",5,534.4699999999999,5,4,3,12,"Loyal Customers"
12507.0,"2011-07-28 17:09:00",4,1258.0600000000002,4,4,4,12,"Champions"
15881.0,"2011-01-31 16:59:00",8,438.24,5,5,2,12,"Loyal Customers"
15245.0,"2011-07-28 18:56:00",3,2515.840000000001,4,3,5,12,"Loyal Customers"
14403.0,"2011-08-01 12:57:00",5,1426.3100000000002,4,4,4,12,"Champions"
14344.0,"2011-08-04 13:51:00",8,889.9300000000002,4,5,3,12,"Loyal Customers"
16572.0,"2011-08-04 16:34:00",4,999.6999999999999,4,4,4,12,"Champions"
17457.0,"2011-08-05 12:48:00",5,1737.7,4,4,4,12,"Champions"
13752.0,"2011-08-07 14:16:00",6,1186.2800000000002,4,4,4,12,"Champions"
16951.0,"2011-08-08 13:25:00",4,1262.750000000001,4,4,4,12,"Champions"
17085.0,"2011-08-08 14:15:00",6,1555.0499999999997,4,4,4,12,"Champions"
13162.0,"2011-08-09 15:59:00",5,1644.9899999999993,4,4,4,12,"Champions"
16045.0,"2011-08-12 12:41:00",4,1340.7,4,4,4,12,"Champions"
15107.0,"2011-02-01 14:46:00",8,247.66000000000003,5,5,2,12,"Loyal Customers"
12399.0,"2011-08-12 13:15:00",4,1108.6499999999999,4,4,4,12,"Champions"
15002.0,"2011-08-16 10:44:00",4,1641.7599999999998,4,4,4,12,"Champions"
16755.0,"2011-08-17 13:21:00",5,1484.6299999999997,4,4,4,12,"Champions"
18178.0,"2011-08-18 06:34:00",6,1573.4099999999994,4,4,4,12,"Champions"
14745.0,"2011-08-19 10:05:00",6,1167.16,4,4,4,12,"Champions"
16419.0,"2011-08-19 12:33:00",7,959.48,4,4,4,12,"Champions"
13963.0,"2011-02-04 14:43:00",4,664.54,5,4,3,12,"Loyal Customers"
14224.0,"2011-08-21 13:24:00",4,1050.12,4,4,4,12,"Champions"
17585.0,"2011-08-22 13:30:00",4,1133.0700000000004,4,4,4,12,"Champions"
14045.0,"2011-08-22 15:27:00",4,1659.75,4,4,4,12,"Champions"
14930.0,"2011-08-23 10:31:00",3,2372.860000000001,4,3,5,12,"Loyal Customers"
13593.0,"2011-08-23 13:35:00",6,1990.2800000000007,4,4,4,12,"Champions"
15812.0,"2011-08-24 14:19:00",5,1801.1400000000003,4,4,4,12,"Champions"
16503.0,"2011-08-25 11:46:00",5,1421.4300000000003,4,4,4,12,"Champions"
15641.0,"2011-08-26 14:04:00",4,1887.2000000000005,4,4,4,12,"Champions"
15569.0,"2011-08-28 10:15:00",5,1375.71,4,4,4,12,"Champions"
15095.0,"2011-08-28 12:01:00",5,1364.6999999999996,4,4,4,12,"Champions"
14078.0,"2011-08-30 12:16:00",6,1049.3700000000001,4,4,4,12,"Champions"
12710.0,"2011-09-04 12:00:00",4,1130.5700000000004,4,4,4,12,"Champions"
17774.0,"2011-09-04 12:49:00",5,1215.46,4,4,4,12,"Champions"
13819.0,"2011-02-11 10:38:00",3,1140.35,5,3,4,12,"Loyal Customers"
13748.0,"2011-09-05 09:45:00",5,948.2499999999998,4,4,4,12,"Champions"
13851.0,"2011-09-05 12:36:00",3,2651.4599999999996,4,3,5,12,"Loyal Customers"
16172.0,"2011-09-05 13:22:00",5,1140.21,4,4,4,12,"Champions"
13158.0,"2011-09-06 11:58:00",4,1201.0600000000006,4,4,4,12,"Champions"
16175.0,"2011-09-06 14:32:00",4,1037.5899999999997,4,4,4,12,"Champions"
14176.0,"2011-02-15 13:12:00",5,573.9999999999999,5,4,3,12,"Loyal Customers"
14223.0,"2011-09-08 13:38:00",4,975.2300000000002,4,4,4,12,"Champions"
16027.0,"2011-09-09 10:47:00",7,852.12,4,5,3,12,"Loyal Customers"
14837.0,"2011-09-11 10:58:00",5,1641.2000000000012,4,4,4,12,"Champions"
13124.0,"2011-09-11 12:45:00",3,3866.3299999999977,4,3,5,12,"Loyal Customers"
13611.0,"2011-09-11 14:51:00",4,1158.2000000000003,4,4,4,12,"Champions"
15980.0,"2011-09-12 09:41:00",3,2398.86,4,3,5,12,"Loyal Customers"
12924.0,"2011-09-12 13:55:00",5,929.9500000000003,4,4,4,12,"Champions"
14276.0,"2011-09-12 17:49:00",5,1019.3900000000001,4,4,4,12,"Champions"
15057.0,"2011-03-09 15:17:00",2,1489.5,5,3,4,12,"Loyal Customers"
16766.0,"2011-03-11 15:22:00",2,1145.6,5,3,4,12,"Loyal Customers"
15122.0,"2011-09-15 16:27:00",6,1612.129999999999,4,4,4,12,"Champions"
13261.0,"2011-03-16 12:22:00",2,944.1,5,3,4,12,"Loyal Customers"
17802.0,"2011-09-18 14:56:00",4,1251.8400000000001,4,4,4,12,"Champions"
13334.0,"2011-09-18 15:21:00",3,3536.8199999999993,4,3,5,12,"Loyal Customers"
16370.0,"2011-09-18 15:55:00",4,1320.5600000000006,4,4,4,12,"Champions"
14081.0,"2011-03-17 14:24:00",4,904.6699999999998,5,4,3,12,"Loyal Customers"
17848.0,"2011-09-19 16:49:00",9,901.2,4,5,3,12,"Loyal Customers"
17873.0,"2011-09-20 16:41:00",6,1764.3600000000004,4,4,4,12,"Champions"
12435.0,"2011-09-21 09:06:00",2,7829.8899999999985,4,3,5,12,"Loyal Customers"
12854.0,"2011-09-22 12:15:00",5,1289.1500000000003,4,4,4,12,"Champions"
17027.0,"2011-09-22 12:24:00",7,848.5899999999999,4,5,3,12,"Loyal Customers"
14038.0,"2011-09-22 13:37:00",4,1554.479999999999,4,4,4,12,"Champions"
17388.0,"2011-09-23 10:31:00",4,1259.56,4,4,4,12,"Champions"
15549.0,"2011-09-23 16:22:00",4,1655.76,4,4,4,12,"Champions"
15312.0,"2011-09-25 13:10:00",5,921.1000000000001,4,4,4,12,"Champions"
12348.0,"2011-09-25 13:13:00",4,1797.24,4,4,4,12,"Champions"
12823.0,"2011-09-26 07:35:00",5,1759.5,4,4,4,12,"Champions"
16266.0,"2011-09-27 12:08:00",7,861.8899999999999,4,5,3,12,"Loyal Customers"
17656.0,"2011-09-27 13:04:00",5,1674.69,4,4,4,12,"Champions"
17002.0,"2011-09-27 16:48:00",4,1487.7799999999997,4,4,4,12,"Champions"
13397.0,"2011-09-28 10:56:00",6,1539.1799999999998,4,4,4,12,"Champions"
16681.0,"2011-09-28 11:11:00",6,1770.3400000000001,4,4,4,12,"Champions"
16493.0,"2011-09-28 11:13:00",6,1329.66,4,4,4,12,"Champions"
14978.0,"2011-09-28 13:07:00",5,1931.4200000000026,4,4,4,12,"Champions"
18041.0,"2011-11-28 11:39:00",22,4161.139999999996,2,5,5,12,"At Risk"
13004.0,"2011-11-28 11:27:00",22,5613.4299999999985,2,5,5,12,"At Risk"
13758.0,"2011-11-28 11:11:00",7,3190.5500000000015,2,5,5,12,"At Risk"
12393.0,"2011-09-28 15:41:00",4,1582.6000000000004,4,4,4,12,"Champions"
17651.0,"2011-11-28 10:29:00",14,3886.6700000000037,2,5,5,12,"At Risk"
13418.0,"2011-11-28 10:23:00",23,5845.439999999999,2,5,5,12,"At Risk"
18229.0,"2011-11-28 09:48:00",20,7276.9000000000015,2,5,5,12,"At Risk"
14305.0,"2011-09-29 15:29:00",5,1803.7599999999998,4,4,4,12,"Champions"
17739.0,"2011-11-28 09:12:00",8,2786.0499999999997,2,5,5,12,"At Risk"
15555.0,"2011-11-27 16:19:00",20,4758.1999999999925,2,5,5,12,"At Risk"
18204.0,"2011-09-29 16:44:00",4,1979.3000000000002,4,4,4,12,"Champions"
15062.0,"2011-09-29 16:51:00",4,987.8599999999999,4,4,4,12,"Champions"
14409.0,"2011-09-29 18:18:00",7,1908.2499999999998,3,5,4,12,"Loyal Customers"
15861.0,"2011-11-27 15:59:00",9,3000.360000000002,2,5,5,12,"At Risk"
17231.0,"2011-11-27 15:18:00",14,3127.820000000002,2,5,5,12,"At Risk"
15834.0,"2011-09-30 14:41:00",6,2084.900000000001,3,4,5,12,"Loyal Customers"
15514.0,"2011-11-27 14:40:00",13,2963.190000000003,2,5,5,12,"At Risk"
18116.0,"2011-10-03 11:00:00",8,1418.0300000000009,3,5,4,12,"Loyal Customers"
17068.0,"2011-11-27 13:14:00",22,4531.340000000003,2,5,5,12,"At Risk"
16923.0,"2011-11-27 13:00:00",26,6666.829999999981,2,5,5,12,"At Risk"
15241.0,"2011-10-04 09:05:00",9,1738.5900000000008,3,5,4,12,"Loyal Customers"
15228.0,"2011-10-04 13:56:00",5,3376.9600000000005,3,4,5,12,"Loyal Customers"
17365.0,"2011-11-27 12:13:00",8,4801.559999999998,2,5,5,12,"At Risk"
15100.0,"2011-01-13 17:09:00",6,635.1,5,4,3,12,"Loyal Customers"
17667.0,"2011-10-04 14:32:00",5,2055.5099999999993,3,4,5,12,"Loyal Customers"
17769.0,"2011-11-27 11:18:00",12,3960.6299999999997,2,5,5,12,"At Risk"
16407.0,"2011-11-27 11:05:00",10,2126.9300000000007,2,5,5,12,"At Risk"
13571.0,"2011-11-27 10:47:00",12,2092.3200000000015,2,5,5,12,"At Risk"
12843.0,"2011-10-05 12:09:00",9,1680.76,3,5,4,12,"Loyal Customers"
15416.0,"2011-10-06 09:38:00",5,3974.369999999999,3,4,5,12,"Loyal Customers"
13437.0,"2011-11-25 14:00:00",7,3408.0599999999995,2,5,5,12,"At Risk"
15518.0,"2011-10-06 13:05:00",13,1911.890000000001,3,5,4,12,"Loyal Customers"
13771.0,"2011-10-06 14:18:00",5,2631.7000000000016,3,4,5,12,"Loyal Customers"
16814.0,"2011-11-25 13:27:00",22,6500.600000000002,2,5,5,12,"At Risk"
16184.0,"2011-10-06 17:43:00",7,1155.5400000000002,3,5,4,12,"Loyal Customers"
12681.0,"2011-11-25 11:35:00",27,13677.59,2,5,5,12,"At Risk"
18172.0,"2011-11-25 11:12:00",25,7490.17,2,5,5,12,"At Risk"
14462.0,"2011-10-07 09:22:00",15,1965.9000000000008,3,5,4,12,"Loyal Customers"
15382.0,"2011-11-25 10:58:00",8,5927.859999999997,2,5,5,12,"At Risk"
14844.0,"2011-10-07 10:41:00",4,3189.8099999999986,3,4,5,12,"Loyal Customers"
16455.0,"2011-10-07 12:17:00",7,1841.1800000000005,3,5,4,12,"Loyal Customers"
15815.0,"2011-10-07 12:42:00",5,2100.6,3,4,5,12,"Loyal Customers"
17214.0,"2011-10-10 13:17:00",7,984.1199999999994,3,5,4,12,"Loyal Customers"
14709.0,"2011-11-24 15:41:00",14,4911.140000000007,2,5,5,12,"At Risk"
15128.0,"2011-10-10 13:54:00",8,1419.5400000000002,3,5,4,12,"Loyal Customers"
16692.0,"2011-03-28 14:46:00",2,1276.0,5,3,4,12,"Loyal Customers"
17284.0,"2011-10-10 14:38:00",7,1641.6800000000012,3,5,4,12,"Loyal Customers"
17589.0,"2011-10-10 16:58:00",4,2404.17,3,4,5,12,"Loyal Customers"
15706.0,"2011-10-11 10:14:00",7,1001.8099999999998,3,5,4,12,"Loyal Customers"
13517.0,"2011-10-11 11:43:00",5,2109.07,3,4,5,12,"Loyal Customers"
16609.0,"2011-11-24 13:32:00",9,5450.960000000006,2,5,5,12,"At Risk"
17975.0,"2011-11-24 13:27:00",14,4393.610000000002,2,5,5,12,"At Risk"
12705.0,"2011-11-24 13:17:00",14,6814.2400000000025,2,5,5,12,"At Risk"
15502.0,"2011-11-24 12:48:00",23,5541.460000000004,2,5,5,12,"At Risk"
17863.0,"2011-10-11 13:45:00",6,3160.0,3,4,5,12,"Loyal Customers"
12757.0,"2011-11-24 12:30:00",19,4227.699999999998,2,5,5,12,"At Risk"
17133.0,"2011-11-24 12:27:00",7,4892.240000000001,2,5,5,12,"At Risk"
15005.0,"2011-11-24 12:25:00",35,6180.489999999995,2,5,5,12,"At Risk"
16980.0,"2011-03-29 16:36:00",2,1078.9600000000005,5,3,4,12,"Loyal Customers"
12395.0,"2011-11-24 12:20:00",15,2998.2799999999993,2,5,5,12,"At Risk"
15034.0,"2011-11-24 12:11:00",11,4277.659999999998,2,5,5,12,"At Risk"
13627.0,"2011-10-11 14:20:00",7,1624.02,3,5,4,12,"Loyal Customers"
14640.0,"2011-11-24 11:00:00",8,2042.1499999999992,2,5,5,12,"At Risk"
15482.0,"2011-11-24 10:46:00",16,6568.720000000003,2,5,5,12,"At Risk"
13588.0,"2011-11-24 10:42:00",13,2445.1199999999985,2,5,5,12,"At Risk"
12836.0,"2011-10-11 15:10:00",4,2612.859999999998,3,4,5,12,"Loyal Customers"
14607.0,"2011-11-24 10:35:00",17,11341.1,2,5,5,12,"At Risk"
17139.0,"2011-11-24 10:12:00",15,10585.569999999987,2,5,5,12,"At Risk"
14535.0,"2011-10-11 16:24:00",4,2841.0900000000033,3,4,5,12,"Loyal Customers"
15632.0,"2011-11-24 09:51:00",10,3147.310000000001,2,5,5,12,"At Risk"
15270.0,"2011-11-24 09:24:00",9,2298.1999999999994,2,5,5,12,"At Risk"
18171.0,"2011-10-12 09:13:00",7,1208.5099999999998,3,5,4,12,"Loyal Customers"
13208.0,"2011-10-12 09:54:00",7,1205.8999999999999,3,5,4,12,"Loyal Customers"
14541.0,"2011-10-12 10:08:00",8,1461.6499999999996,3,5,4,12,"Loyal Customers"
12948.0,"2011-11-23 17:10:00",8,2053.7000000000003,2,5,5,12,"At Risk"
17725.0,"2011-11-23 16:34:00",14,3371.1300000000006,2,5,5,12,"At Risk"
12633.0,"2011-10-12 11:40:00",5,2140.6299999999983,3,4,5,12,"Loyal Customers"
14256.0,"2011-03-30 16:39:00",3,935.06,5,3,4,12,"Loyal Customers"
14852.0,"2011-10-12 13:20:00",6,2836.6899999999982,3,4,5,12,"Loyal Customers"
12457.0,"2011-10-12 13:46:00",12,1917.7799999999995,3,5,4,12,"Loyal Customers"
12619.0,"2011-11-23 14:52:00",13,3214.8100000000004,2,5,5,12,"At Risk"
13139.0,"2011-11-23 13:54:00",8,5055.790000000003,2,5,5,12,"At Risk"
14099.0,"2011-11-23 13:53:00",12,3092.97,2,5,5,12,"At Risk"
13018.0,"2011-11-23 13:28:00",29,7272.749999999999,2,5,5,12,"At Risk"
17809.0,"2011-11-23 13:00:00",15,4627.619999999999,2,5,5,12,"At Risk"
16255.0,"2011-11-23 12:40:00",10,2609.3,2,5,5,12,"At Risk"
15727.0,"2011-11-23 12:36:00",7,5178.960000000003,2,5,5,12,"At Risk"
13448.0,"2011-11-23 12:33:00",10,3465.6700000000023,2,5,5,12,"At Risk"
16081.0,"2011-10-14 13:06:00",5,2806.9000000000005,3,4,5,12,"Loyal Customers"
14465.0,"2011-04-07 12:38:00",3,1058.6200000000006,5,3,4,12,"Loyal Customers"
17685.0,"2011-11-23 11:36:00",7,3191.5299999999993,2,5,5,12,"At Risk"
13742.0,"2011-11-23 11:07:00",14,3102.4200000000005,2,5,5,12,"At Risk"
14443.0,"2011-10-17 10:10:00",7,1400.88,3,5,4,12,"Loyal Customers"
14334.0,"2011-11-23 10:01:00",9,2539.4600000000005,2,5,5,12,"At Risk"
13015.0,"2011-10-17 13:19:00",5,3346.2800000000016,3,4,5,12,"Loyal Customers"
16670.0,"2011-11-23 09:34:00",17,4022.4600000000023,2,5,5,12,"At Risk"
17612.0,"2011-10-17 14:59:00",10,1992.759999999999,3,5,4,12,"Loyal Customers"
13265.0,"2011-10-17 15:02:00",5,2107.6600000000003,3,4,5,12,"Loyal Customers"
12483.0,"2011-11-22 17:03:00",13,2327.130000000001,2,5,5,12,"At Risk"
14841.0,"2011-10-17 15:03:00",6,3295.7599999999998,3,4,5,12,"Loyal Customers"
18139.0,"2011-11-22 16:18:00",8,8393.219999999998,2,5,5,12,"At Risk"
14505.0,"2011-11-22 15:45:00",11,5818.699999999985,2,5,5,12,"At Risk"
15811.0,"2011-11-22 15:29:00",9,2171.3199999999997,2,5,5,12,"At Risk"
12679.0,"2011-10-18 13:43:00",9,1058.67,3,5,4,12,"Loyal Customers"
13488.0,"2011-11-22 14:41:00",17,8910.609999999995,2,5,5,12,"At Risk"
12474.0,"2011-11-22 14:39:00",30,7116.470000000004,2,5,5,12,"At Risk"
13491.0,"2011-10-19 08:32:00",10,1215.82,3,5,4,12,"Loyal Customers"
17338.0,"2011-11-22 14:23:00",10,6612.179999999996,2,5,5,12,"At Risk"
16422.0,"2011-11-22 14:00:00",75,33805.69000000003,2,5,5,12,"At Risk"
12656.0,"2011-11-22 13:42:00",8,3982.720000000002,2,5,5,12,"At Risk"
16633.0,"2011-11-22 13:41:00",7,2878.150000000001,2,5,5,12,"At Risk"
16985.0,"2011-11-22 13:33:00",11,5461.620000000001,2,5,5,12,"At Risk"
16131.0,"2011-10-19 11:53:00",6,3506.540000000002,3,4,5,12,"Loyal Customers"
16722.0,"2011-11-22 13:28:00",16,4711.21,2,5,5,12,"At Risk"
15220.0,"2011-10-19 12:39:00",7,1758.9199999999992,3,5,4,12,"Loyal Customers"
15150.0,"2011-11-22 12:52:00",11,5303.969999999996,2,5,5,12,"At Risk"
15971.0,"2011-11-22 12:50:00",12,4199.849999999999,2,5,5,12,"At Risk"
14257.0,"2011-10-19 13:38:00",6,3087.2700000000004,3,4,5,12,"Loyal Customers"
12370.0,"2011-10-19 14:51:00",4,3545.6899999999982,3,4,5,12,"Loyal Customers"
16170.0,"2011-10-20 08:21:00",7,1880.4200000000003,3,5,4,12,"Loyal Customers"
13268.0,"2011-11-22 11:51:00",15,3167.6399999999985,2,5,5,12,"At Risk"
16394.0,"2011-10-20 19:16:00",9,1412.0600000000009,3,5,4,12,"Loyal Customers"
16607.0,"2011-11-22 10:24:00",16,3038.6700000000014,2,5,5,12,"At Risk"
13501.0,"2011-04-11 09:35:00",2,1310.47,5,3,4,12,"Loyal Customers"
13725.0,"2011-10-21 10:03:00",11,1809.8100000000004,3,5,4,12,"Loyal Customers"
15845.0,"2011-11-22 09:42:00",10,3650.869999999999,2,5,5,12,"At Risk"
16107.0,"2011-11-22 09:40:00",7,3204.16,2,5,5,12,"At Risk"
16497.0,"2011-10-21 10:55:00",6,2965.6900000000005,3,4,5,12,"Loyal Customers"
16918.0,"2011-10-21 12:50:00",7,1043.34,3,5,4,12,"Loyal Customers"
17940.0,"2011-10-21 13:27:00",14,1983.5800000000008,3,5,4,12,"Loyal Customers"
15105.0,"2011-11-21 16:54:00",7,2298.930000000001,2,5,5,12,"At Risk"
14030.0,"2011-11-21 16:48:00",8,2360.0899999999997,2,5,5,12,"At Risk"
15321.0,"2011-10-21 13:58:00",4,2650.7299999999996,3,4,5,12,"Loyal Customers"
13862.0,"2011-11-21 16:24:00",10,2187.3100000000018,2,5,5,12,"At Risk"
14145.0,"2011-10-24 12:10:00",5,3148.2,3,4,5,12,"Loyal Customers"
15093.0,"2011-11-21 13:09:00",9,4410.1399999999985,2,5,5,12,"At Risk"
15179.0,"2011-11-21 12:53:00",7,2186.2,2,5,5,12,"At Risk"
15671.0,"2011-11-21 12:43:00",10,2635.490000000001,2,5,5,12,"At Risk"
16713.0,"2011-11-21 12:36:00",21,6840.2300000000105,2,5,5,12,"At Risk"
17317.0,"2011-10-24 17:26:00",5,2524.0200000000004,3,4,5,12,"Loyal Customers"
15527.0,"2011-11-21 12:17:00",10,2348.8200000000006,2,5,5,12,"At Risk"
13481.0,"2011-10-25 09:07:00",8,1776.8099999999993,3,5,4,12,"Loyal Customers"
14001.0,"2011-10-25 10:31:00",4,2030.33,3,4,5,12,"Loyal Customers"
16258.0,"2011-10-25 13:30:00",5,5203.51,3,4,5,12,"Loyal Customers"
14426.0,"2011-11-21 11:47:00",16,3918.8999999999987,2,5,5,12,"At Risk"
18079.0,"2011-10-25 15:27:00",4,3651.969999999997,3,4,5,12,"Loyal Customers"
15240.0,"2011-10-26 09:50:00",7,1685.57,3,5,4,12,"Loyal Customers"
12456.0,"2011-10-26 14:41:00",4,3153.8899999999976,3,4,5,12,"Loyal Customers"
15738.0,"2011-11-21 08:26:00",19,4788.769999999998,2,5,5,12,"At Risk"
15786.0,"2011-10-27 10:53:00",5,4834.200000000002,3,4,5,12,"Loyal Customers"
17672.0,"2011-10-27 10:56:00",4,3106.6199999999985,3,4,5,12,"Loyal Customers"
13654.0,"2011-10-27 16:24:00",6,2707.3299999999986,3,4,5,12,"Loyal Customers"
16710.0,"2011-11-20 14:50:00",10,2483.0400000000004,2,5,5,12,"At Risk"
17758.0,"2011-11-20 14:45:00",8,3456.700000000001,2,5,5,12,"At Risk"
15288.0,"2011-10-27 16:58:00",5,2306.5199999999986,3,4,5,12,"Loyal Customers"
12432.0,"2011-10-28 11:43:00",5,5059.320000000002,3,4,5,12,"Loyal Customers"
15044.0,"2011-11-20 13:20:00",22,7629.379999999997,2,5,5,12,"At Risk"
17837.0,"2011-10-28 16:15:00",10,1560.5300000000009,3,5,4,12,"Loyal Customers"
17272.0,"2011-10-28 16:37:00",5,2144.5299999999997,3,4,5,12,"Loyal Customers"
14159.0,"2011-11-20 12:36:00",14,4678.299999999988,2,5,5,12,"At Risk"
15860.0,"2011-10-30 11:25:00",8,977.2099999999992,3,5,4,12,"Loyal Customers"
15059.0,"2011-10-30 11:35:00",11,1325.8200000000006,3,5,4,12,"Loyal Customers"
17372.0,"2011-10-30 11:37:00",8,1342.680000000001,3,5,4,12,"Loyal Customers"
14669.0,"2011-04-12 11:43:00",3,1269.9900000000005,5,3,4,12,"Loyal Customers"
14502.0,"2011-11-20 11:50:00",14,2351.019999999999,2,5,5,12,"At Risk"
12540.0,"2011-11-20 11:31:00",19,13309.039999999986,2,5,5,12,"At Risk"
14738.0,"2011-10-31 12:57:00",9,1289.94,3,5,4,12,"Loyal Customers"
13988.0,"2011-11-20 10:15:00",9,4098.800000000001,2,5,5,12,"At Risk"
15465.0,"2011-11-20 10:11:00",24,6945.0199999999995,2,5,5,12,"At Risk"
12779.0,"2011-11-18 17:10:00",12,3868.7000000000035,2,5,5,12,"At Risk"
13381.0,"2011-11-18 16:59:00",7,3626.8100000000004,2,5,5,12,"At Risk"
16150.0,"2011-11-01 09:29:00",10,1906.0699999999988,3,5,4,12,"Loyal Customers"
14903.0,"2011-11-18 16:07:00",10,2744.480000000002,2,5,5,12,"At Risk"
14315.0,"2011-11-18 15:35:00",7,2456.9800000000005,2,5,5,12,"At Risk"
15065.0,"2011-11-02 09:45:00",6,3135.980000000001,3,4,5,12,"Loyal Customers"
13880.0,"2011-11-18 13:44:00",13,3219.770000000001,2,5,5,12,"At Risk"
16308.0,"2011-11-02 11:24:00",4,2560.0,3,4,5,12,"Loyal Customers"
13477.0,"2011-11-02 12:04:00",8,1441.5299999999993,3,5,4,12,"Loyal Customers"
17800.0,"2011-11-02 12:57:00",9,1199.01,3,5,4,12,"Loyal Customers"
13316.0,"2011-11-02 13:40:00",5,5815.490000000001,3,4,5,12,"Loyal Customers"
16841.0,"2011-11-03 11:51:00",7,1774.6200000000003,3,5,4,12,"Loyal Customers"
12931.0,"2011-11-18 12:39:00",20,33462.81,2,5,5,12,"At Risk"
15998.0,"2011-11-03 12:45:00",6,3084.1700000000005,3,4,5,12,"Loyal Customers"
16945.0,"2011-11-18 11:39:00",19,4345.500000000008,2,5,5,12,"At Risk"
18061.0,"2011-11-18 11:20:00",10,2119.4099999999994,2,5,5,12,"At Risk"
14849.0,"2011-11-18 10:58:00",28,7904.279999999998,2,5,5,12,"At Risk"
14732.0,"2011-12-01 14:34:00",10,2686.3399999999997,1,5,5,11,"At Risk"
12649.0,"2011-08-24 14:41:00",4,603.7099999999999,4,4,3,11,"Loyal Customers"
14262.0,"2011-12-01 14:17:00",8,2618.230000000001,1,5,5,11,"At Risk"
13269.0,"2011-12-08 14:53:00",17,5315.92,1,5,5,11,"At Risk"
14973.0,"2011-08-24 15:51:00",3,1314.45,4,3,4,11,"Loyal Customers"
13538.0,"2011-10-27 16:34:00",7,1280.85,3,4,4,11,"Loyal Customers"
14730.0,"2011-12-08 14:39:00",8,2005.0600000000063,1,5,5,11,"At Risk"
17861.0,"2011-12-06 16:21:00",9,2059.2000000000003,1,5,5,11,"At Risk"
16859.0,"2011-08-25 14:12:00",5,473.1399999999998,4,4,3,11,"Loyal Customers"
13534.0,"2011-12-07 14:52:00",43,5613.080000000017,1,5,5,11,"At Risk"
14415.0,"2011-12-08 14:38:00",18,5811.560000000001,1,5,5,11,"At Risk"
13155.0,"2011-11-06 15:41:00",4,971.76,3,4,4,11,"Loyal Customers"
16966.0,"2011-12-01 13:40:00",10,2148.4700000000003,1,5,5,11,"At Risk"
14309.0,"2011-12-01 13:33:00",10,2319.6800000000007,1,5,5,11,"At Risk"
14000.0,"2011-05-17 13:44:00",2,633.71,5,3,3,11,"Loyal Customers"
18077.0,"2011-12-01 13:32:00",11,2633.009999999999,1,5,5,11,"At Risk"
17450.0,"2011-12-01 13:29:00",55,187482.17000000016,1,5,5,11,"At Risk"
13301.0,"2011-08-28 11:25:00",4,618.0899999999998,4,4,3,11,"Loyal Customers"
13285.0,"2011-11-16 13:19:00",4,2709.12,2,4,5,11,"At Risk"
16806.0,"2011-08-28 15:27:00",4,801.4899999999996,4,4,3,11,"Loyal Customers"
14367.0,"2011-12-01 13:19:00",19,9167.820000000005,1,5,5,11,"At Risk"
16389.0,"2011-10-17 14:41:00",5,1362.2700000000002,3,4,4,11,"Loyal Customers"
12709.0,"2011-12-06 16:42:00",26,9294.099999999995,1,5,5,11,"At Risk"
14282.0,"2011-12-06 17:04:00",15,3729.3400000000042,1,5,5,11,"At Risk"
16156.0,"2011-12-01 12:42:00",13,3024.6200000000013,1,5,5,11,"At Risk"
13090.0,"2011-12-01 12:39:00",18,8689.39,1,5,5,11,"At Risk"
14659.0,"2011-12-01 12:17:00",12,2456.5300000000007,1,5,5,11,"At Risk"
13098.0,"2011-12-08 14:14:00",41,28658.880000000005,1,5,5,11,"At Risk"
17320.0,"2011-08-31 13:31:00",3,1200.62,4,3,4,11,"Loyal Customers"
12476.0,"2011-12-08 14:08:00",20,6546.580000000007,1,5,5,11,"At Risk"
17381.0,"2011-12-01 11:59:00",30,20272.42999999999,1,5,5,11,"At Risk"
13263.0,"2011-12-08 13:59:00",35,7454.069999999956,1,5,5,11,"At Risk"
17588.0,"2011-08-31 13:37:00",3,1240.2,4,3,4,11,"Loyal Customers"
17937.0,"2011-12-01 11:45:00",7,4301.22,1,5,5,11,"At Risk"
15023.0,"2011-12-06 17:23:00",12,6763.159999999992,1,5,5,11,"At Risk"
16754.0,"2010-12-02 17:38:00",1,2002.4,5,2,4,11,"New Customers"
12770.0,"2011-05-13 09:33:00",1,1351.45,5,2,4,11,"New Customers"
12720.0,"2011-12-07 08:03:00",29,5713.2800000000025,1,5,5,11,"At Risk"
12583.0,"2011-12-07 08:07:00",18,7187.339999999992,1,5,5,11,"At Risk"
13376.0,"2011-09-01 16:16:00",3,1019.7600000000002,4,3,4,11,"Loyal Customers"
14388.0,"2011-12-01 11:13:00",10,3172.040000000002,1,5,5,11,"At Risk"
14243.0,"2011-12-01 11:12:00",14,2535.879999999999,1,5,5,11,"At Risk"
16701.0,"2011-12-01 11:10:00",18,5150.270000000002,1,5,5,11,"At Risk"
16700.0,"2011-12-01 11:00:00",17,5040.000000000003,1,5,5,11,"At Risk"
15993.0,"2011-12-01 10:45:00",10,2756.8199999999993,1,5,5,11,"At Risk"
16092.0,"2011-09-02 11:46:00",5,779.3600000000001,4,4,3,11,"Loyal Customers"
16145.0,"2011-12-01 10:33:00",18,3741.979999999996,1,5,5,11,"At Risk"
16943.0,"2011-05-12 11:57:00",3,816.7299999999999,5,3,3,11,"Loyal Customers"
17082.0,"2011-11-06 15:17:00",2,2003.8499999999992,3,3,5,11,"Loyal Customers"
16558.0,"2011-12-09 10:20:00",24,8257.040000000008,1,5,5,11,"At Risk"
15227.0,"2011-11-03 11:59:00",5,1219.3999999999999,3,4,4,11,"Loyal Customers"
16499.0,"2010-12-14 15:20:00",5,319.1000000000001,5,4,2,11,"Loyal Customers"
12901.0,"2011-12-01 10:07:00",36,16293.099999999999,1,5,5,11,"At Risk"
14188.0,"2011-12-01 09:46:00",10,2018.9099999999999,1,5,5,11,"At Risk"
13089.0,"2011-12-07 09:02:00",118,57385.88000000012,1,5,5,11,"At Risk"
13240.0,"2011-09-04 14:08:00",4,663.6500000000002,4,4,3,11,"Loyal Customers"
16297.0,"2011-05-11 11:15:00",4,275.40000000000003,5,4,2,11,"Loyal Customers"
13115.0,"2011-12-01 09:39:00",14,2205.63,1,5,5,11,"At Risk"
16551.0,"2011-09-05 09:38:00",3,922.12,4,3,4,11,"Loyal Customers"
12410.0,"2011-02-11 15:47:00",3,681.08,5,3,3,11,"Loyal Customers"
14498.0,"2011-10-28 12:09:00",5,1957.32,3,4,4,11,"Loyal Customers"
15364.0,"2011-09-05 09:46:00",2,913.1900000000005,4,3,4,11,"Loyal Customers"
15544.0,"2011-12-01 09:16:00",11,3542.5099999999948,1,5,5,11,"At Risk"
16293.0,"2011-12-01 09:13:00",12,2236.7400000000007,1,5,5,11,"At Risk"
13854.0,"2011-12-01 09:06:00",29,8025.0199999999995,1,5,5,11,"At Risk"
17071.0,"2011-12-01 09:06:00",14,2385.4800000000005,1,5,5,11,"At Risk"
16839.0,"2011-12-01 09:03:00",39,15357.779999999984,1,5,5,11,"At Risk"
13014.0,"2011-12-07 09:24:00",16,3365.43,1,5,5,11,"At Risk"
13113.0,"2011-12-09 12:49:00",40,10510.000000000007,1,5,5,11,"At Risk"
16570.0,"2011-12-01 08:56:00",15,3622.9500000000003,1,5,5,11,"At Risk"
14626.0,"2011-12-01 08:55:00",7,2757.0699999999997,1,5,5,11,"At Risk"
12597.0,"2011-11-20 13:33:00",5,3683.130000000002,2,4,5,11,"At Risk"
14525.0,"2011-12-01 08:53:00",13,4221.369999999996,1,5,5,11,"At Risk"
17644.0,"2011-12-08 13:43:00",17,2768.9799999999996,1,5,5,11,"At Risk"
17017.0,"2011-12-07 09:32:00",27,8574.110000000002,1,5,5,11,"At Risk"
17519.0,"2011-11-22 16:43:00",7,1839.0700000000002,2,5,4,11,"At Risk"
15687.0,"2011-12-01 08:33:00",11,2981.4999999999995,1,5,5,11,"At Risk"
13192.0,"2011-09-05 14:13:00",2,911.9400000000002,4,3,4,11,"Loyal Customers"
14329.0,"2011-12-01 08:27:00",14,4928.740000000002,1,5,5,11,"At Risk"
13971.0,"2011-12-01 08:27:00",11,2702.22,1,5,5,11,"At Risk"
13744.0,"2011-09-05 15:19:00",2,1156.3599999999994,4,3,4,11,"Loyal Customers"
14056.0,"2011-12-08 13:36:00",29,8124.39999999998,1,5,5,11,"At Risk"
16458.0,"2011-12-07 09:34:00",18,3482.7400000000002,1,5,5,11,"At Risk"
17560.0,"2011-09-06 09:18:00",5,854.9500000000002,4,4,3,11,"Loyal Customers"
16717.0,"2011-11-30 17:42:00",9,3278.3599999999988,1,5,5,11,"At Risk"
17528.0,"2011-12-08 13:27:00",11,3540.100000000002,1,5,5,11,"At Risk"
14191.0,"2011-12-08 09:23:00",14,4660.010000000006,1,5,5,11,"At Risk"
13050.0,"2011-11-30 17:28:00",28,5684.610000000003,1,5,5,11,"At Risk"
17243.0,"2011-12-08 13:26:00",30,8628.549999999996,1,5,5,11,"At Risk"
17340.0,"2011-11-30 17:12:00",16,11891.179999999995,1,5,5,11,"At Risk"
16393.0,"2011-12-07 12:51:00",20,2941.0500000000025,1,5,5,11,"At Risk"
13122.0,"2011-09-06 15:53:00",2,922.3900000000003,4,3,4,11,"Loyal Customers"
16265.0,"2011-11-30 16:41:00",11,5423.150000000002,1,5,5,11,"At Risk"
15071.0,"2011-09-07 11:43:00",2,982.0699999999998,4,3,4,11,"Loyal Customers"
14713.0,"2011-11-30 16:26:00",12,2664.259999999999,1,5,5,11,"At Risk"
12748.0,"2011-12-09 12:20:00",224,29072.100000000337,1,5,5,11,"At Risk"
13330.0,"2011-09-08 12:27:00",3,1140.9299999999998,4,3,4,11,"Loyal Customers"
13848.0,"2011-09-08 12:58:00",3,1255.0,4,3,4,11,"Loyal Customers"
16249.0,"2011-10-18 10:07:00",5,1800.0700000000004,3,4,4,11,"Loyal Customers"
15046.0,"2011-11-30 15:50:00",16,5064.01,1,5,5,11,"At Risk"
15189.0,"2011-12-08 13:22:00",53,15802.140000000009,1,5,5,11,"At Risk"
17552.0,"2011-10-28 12:14:00",6,909.9600000000002,3,4,4,11,"Loyal Customers"
15400.0,"2011-09-08 13:57:00",6,666.7,4,4,3,11,"Loyal Customers"
17262.0,"2011-10-18 12:56:00",5,1253.3600000000001,3,4,4,11,"Loyal Customers"
12524.0,"2011-11-30 15:31:00",8,4485.720000000001,1,5,5,11,"At Risk"
14258.0,"2011-11-30 15:27:00",10,12650.079999999998,1,5,5,11,"At Risk"
16431.0,"2011-05-10 14:09:00",3,642.8100000000003,5,3,3,11,"Loyal Customers"
17001.0,"2011-12-09 09:38:00",11,3989.5700000000006,1,5,5,11,"At Risk"
13870.0,"2011-12-07 13:23:00",10,2751.250000000001,1,5,5,11,"At Risk"
17511.0,"2011-12-07 10:12:00",46,88125.3800000001,1,5,5,11,"At Risk"
14936.0,"2011-11-30 15:07:00",9,8117.419999999999,1,5,5,11,"At Risk"
14935.0,"2011-02-15 14:44:00",1,1784.71,5,2,4,11,"New Customers"
15251.0,"2011-11-30 15:02:00",15,10327.109999999995,1,5,5,11,"At Risk"
17966.0,"2011-11-02 10:26:00",5,1098.4299999999998,3,4,4,11,"Loyal Customers"
14733.0,"2011-11-30 14:54:00",15,9451.539999999997,1,5,5,11,"At Risk"
16515.0,"2011-10-18 13:10:00",5,1627.130000000001,3,4,4,11,"Loyal Customers"
14769.0,"2011-12-07 10:24:00",10,10641.600000000002,1,5,5,11,"At Risk"
13081.0,"2011-12-08 13:13:00",21,27964.480000000047,1,5,5,11,"At Risk"
16940.0,"2011-10-18 13:15:00",3,3049.880000000002,3,3,5,11,"Loyal Customers"
17389.0,"2011-12-09 09:38:00",43,31300.08000000001,1,5,5,11,"At Risk"
13634.0,"2011-11-06 13:40:00",5,1575.16,3,4,4,11,"Loyal Customers"
16475.0,"2011-09-12 14:37:00",4,544.3,4,4,3,11,"Loyal Customers"
16712.0,"2011-11-30 13:48:00",11,3645.429999999996,1,5,5,11,"At Risk"
17091.0,"2011-12-07 10:43:00",10,3802.8100000000027,1,5,5,11,"At Risk"
17049.0,"2011-12-07 10:48:00",11,5594.780000000004,1,5,5,11,"At Risk"
18230.0,"2011-11-30 13:22:00",10,2716.6,1,5,5,11,"At Risk"
14770.0,"2011-04-21 14:21:00",2,876.4199999999997,5,3,3,11,"Loyal Customers"
15694.0,"2011-12-09 09:44:00",15,6423.599999999998,1,5,5,11,"At Risk"
16997.0,"2011-02-24 17:28:00",3,702.0,5,3,3,11,"Loyal Customers"
15649.0,"2011-01-07 13:34:00",2,816.0,5,3,3,11,"Loyal Customers"
13267.0,"2011-12-07 11:12:00",27,4404.440000000001,1,5,5,11,"At Risk"
16191.0,"2011-12-07 11:26:00",25,4913.320000000001,1,5,5,11,"At Risk"
15152.0,"2011-11-30 12:32:00",16,4684.240000000001,1,5,5,11,"At Risk"
16229.0,"2011-09-13 17:16:00",2,1010.5999999999999,4,3,4,11,"Loyal Customers"
12888.0,"2011-05-09 16:02:00",4,313.77,5,4,2,11,"Loyal Customers"
12598.0,"2011-11-30 12:18:00",9,3002.6799999999985,1,5,5,11,"At Risk"
17238.0,"2011-12-07 11:35:00",17,3744.650000000002,1,5,5,11,"At Risk"
17033.0,"2011-09-14 14:34:00",3,1030.1399999999999,4,3,4,11,"Loyal Customers"
18241.0,"2011-11-30 12:10:00",18,2058.0900000000006,1,5,5,11,"At Risk"
17043.0,"2011-11-07 15:33:00",4,1735.1800000000005,3,4,4,11,"Loyal Customers"
13931.0,"2011-09-15 10:03:00",3,1230.9300000000003,4,3,4,11,"Loyal Customers"
13493.0,"2011-03-09 15:35:00",2,618.63,5,3,3,11,"Loyal Customers"
13539.0,"2011-09-15 10:18:00",4,605.84,4,4,3,11,"Loyal Customers"
13102.0,"2011-12-08 12:52:00",27,6336.290000000002,1,5,5,11,"At Risk"
15039.0,"2011-11-30 11:31:00",52,19786.439999999962,1,5,5,11,"At Risk"
14755.0,"2011-11-30 11:24:00",12,4965.379999999998,1,5,5,11,"At Risk"
16241.0,"2011-11-30 11:08:00",13,2607.870000000007,1,5,5,11,"At Risk"
14156.0,"2011-11-30 10:54:00",66,113384.13999999982,1,5,5,11,"At Risk"
12360.0,"2011-10-18 15:22:00",3,2662.059999999999,3,3,5,11,"Loyal Customers"
13662.0,"2011-09-15 12:04:00",7,879.08,4,4,3,11,"Loyal Customers"
17047.0,"2011-09-15 13:27:00",3,1100.8999999999999,4,3,4,11,"Loyal Customers"
12722.0,"2011-09-15 14:50:00",6,904.33,4,4,3,11,"Loyal Customers"
17846.0,"2011-09-15 15:20:00",1,2033.1,4,2,5,11,"New Customers"
13658.0,"2011-11-30 10:13:00",7,2421.470000000004,1,5,5,11,"At Risk"
14062.0,"2011-11-30 10:04:00",12,10464.85,1,5,5,11,"At Risk"
14105.0,"2011-09-15 16:13:00",2,1260.3299999999997,4,3,4,11,"Loyal Customers"
13784.0,"2011-11-30 09:33:00",11,2462.7899999999995,1,5,5,11,"At Risk"
13094.0,"2011-11-18 14:07:00",16,1708.8600000000004,2,5,4,11,"At Risk"
16037.0,"2011-03-15 09:13:00",3,855.0200000000002,5,3,3,11,"Loyal Customers"
17594.0,"2011-09-15 16:34:00",2,993.1799999999996,4,3,4,11,"Loyal Customers"
12616.0,"2011-09-15 17:02:00",5,657.2499999999999,4,4,3,11,"Loyal Customers"
14177.0,"2011-09-16 09:52:00",5,554.46,4,4,3,11,"Loyal Customers"
16152.0,"2011-03-16 09:47:00",1,1829.0399999999997,5,2,4,11,"New Customers"
12414.0,"2011-05-06 14:51:00",3,562.41,5,3,3,11,"Loyal Customers"
15903.0,"2011-11-30 08:08:00",8,5126.34,1,5,5,11,"At Risk"
16210.0,"2011-12-08 12:36:00",18,21086.299999999996,1,5,5,11,"At Risk"
13685.0,"2011-12-07 11:41:00",7,3119.4400000000014,1,5,5,11,"At Risk"
12471.0,"2011-12-07 15:43:00",49,18740.919999999933,1,5,5,11,"At Risk"
12434.0,"2011-09-16 12:38:00",4,765.1899999999998,4,4,3,11,"Loyal Customers"
12845.0,"2011-03-17 13:34:00",4,354.09000000000003,5,4,2,11,"Loyal Customers"
14088.0,"2011-11-29 16:16:00",14,50415.49000000002,1,5,5,11,"At Risk"
17682.0,"2011-11-29 15:59:00",7,2459.33,1,5,5,11,"At Risk"
18219.0,"2011-12-07 11:43:00",11,2019.7700000000004,1,5,5,11,"At Risk"
16463.0,"2011-11-18 14:01:00",7,1383.6999999999998,2,5,4,11,"At Risk"
12645.0,"2011-11-06 12:38:00",5,1755.3799999999999,3,4,4,11,"Loyal Customers"
13576.0,"2011-11-29 15:34:00",20,6703.300000000002,1,5,5,11,"At Risk"
14229.0,"2011-10-19 10:04:00",5,1450.6,3,4,4,11,"Loyal Customers"
15365.0,"2011-11-14 08:29:00",9,1330.450000000001,2,5,4,11,"At Risk"
12539.0,"2011-11-17 13:30:00",5,3852.499999999993,2,4,5,11,"At Risk"
16216.0,"2011-03-17 15:34:00",1,914.93,5,2,4,11,"New Customers"
13198.0,"2011-11-29 15:17:00",8,3384.0899999999974,1,5,5,11,"At Risk"
16549.0,"2011-11-29 15:06:00",10,4154.639999999993,1,5,5,11,"At Risk"
17058.0,"2011-09-19 10:13:00",3,1179.8899999999999,4,3,4,11,"Loyal Customers"
14711.0,"2011-11-29 14:58:00",12,2838.1999999999966,1,5,5,11,"At Risk"
13562.0,"2011-09-19 10:51:00",3,1799.3299999999986,4,3,4,11,"Loyal Customers"
18232.0,"2011-09-19 11:49:00",5,582.4699999999999,4,4,3,11,"Loyal Customers"
15615.0,"2011-11-29 14:42:00",27,10360.039999999986,1,5,5,11,"At Risk"
16906.0,"2011-09-19 11:49:00",4,579.7700000000002,4,4,3,11,"Loyal Customers"
17663.0,"2011-11-14 08:56:00",9,1788.2699999999998,2,5,4,11,"At Risk"
15864.0,"2011-11-17 13:32:00",8,1769.78,2,5,4,11,"At Risk"
15341.0,"2011-09-20 09:40:00",1,2020.5199999999998,4,2,5,11,"New Customers"
13549.0,"2011-11-14 09:20:00",8,916.1199999999998,2,5,4,11,"At Risk"
14390.0,"2011-11-29 13:49:00",13,4592.470000000005,1,5,5,11,"At Risk"
13118.0,"2011-11-20 12:46:00",7,1124.9999999999993,2,5,4,11,"At Risk"
13999.0,"2011-11-29 13:40:00",15,3865.260000000003,1,5,5,11,"At Risk"
16042.0,"2011-11-17 17:50:00",7,1147.3700000000001,2,5,4,11,"At Risk"
13451.0,"2011-11-13 15:58:00",6,2916.4500000000003,2,4,5,11,"At Risk"
14646.0,"2011-12-08 12:12:00",77,279489.0199999999,1,5,5,11,"At Risk"
14530.0,"2011-11-14 10:38:00",6,2925.9100000000008,2,4,5,11,"At Risk"
17731.0,"2011-09-21 15:02:00",5,878.1999999999991,4,4,3,11,"Loyal Customers"
16782.0,"2011-11-29 13:20:00",19,2242.2500000000005,1,5,5,11,"At Risk"
16303.0,"2011-11-14 10:49:00",4,5305.830000000002,2,4,5,11,"At Risk"
17287.0,"2011-11-13 13:27:00",7,1064.1100000000001,2,5,4,11,"At Risk"
16168.0,"2011-11-29 12:45:00",28,3770.6000000000017,1,5,5,11,"At Risk"
14701.0,"2011-11-29 12:38:00",12,2486.219999999999,1,5,5,11,"At Risk"
14487.0,"2011-11-13 12:17:00",7,1183.5800000000002,2,5,4,11,"At Risk"
17306.0,"2011-11-29 12:14:00",21,8600.730000000001,1,5,5,11,"At Risk"
13450.0,"2011-11-13 11:54:00",6,2043.7200000000005,2,4,5,11,"At Risk"
13137.0,"2011-11-29 12:09:00",9,3605.079999999998,1,5,5,11,"At Risk"
12627.0,"2011-11-29 12:07:00",7,4478.529999999999,1,5,5,11,"At Risk"
17460.0,"2011-09-22 10:58:00",8,452.63000000000017,4,5,2,11,"Loyal Customers"
17838.0,"2011-11-13 11:38:00",6,2312.6999999999994,2,4,5,11,"At Risk"
14700.0,"2011-11-07 14:40:00",3,2235.3,3,3,5,11,"Loyal Customers"
14913.0,"2011-11-04 08:29:00",4,1227.4300000000007,3,4,4,11,"Loyal Customers"
15218.0,"2011-11-29 11:48:00",11,5756.890000000002,1,5,5,11,"At Risk"
12739.0,"2011-09-22 13:00:00",2,1013.0399999999997,4,3,4,11,"Loyal Customers"
12727.0,"2011-11-29 11:46:00",9,3947.7000000000007,1,5,5,11,"At Risk"
14866.0,"2011-11-29 11:45:00",13,14197.450000000008,1,5,5,11,"At Risk"
14408.0,"2011-11-29 11:41:00",7,2606.5299999999997,1,5,5,11,"At Risk"
13486.0,"2011-09-22 13:13:00",3,1122.4099999999999,4,3,4,11,"Loyal Customers"
17655.0,"2011-11-29 11:34:00",8,2571.7400000000025,1,5,5,11,"At Risk"
18118.0,"2011-11-29 11:32:00",31,5595.769999999973,1,5,5,11,"At Risk"
14667.0,"2011-11-29 11:30:00",27,9231.200000000003,1,5,5,11,"At Risk"
15067.0,"2011-09-22 13:20:00",3,1744.7600000000002,4,3,4,11,"Loyal Customers"
15906.0,"2011-11-20 12:24:00",8,1521.7900000000016,2,5,4,11,"At Risk"
13220.0,"2011-09-22 13:38:00",4,819.2900000000002,4,4,3,11,"Loyal Customers"
14180.0,"2011-11-29 10:56:00",31,4640.769999999999,1,5,5,11,"At Risk"
16818.0,"2011-11-29 10:41:00",13,3317.9700000000007,1,5,5,11,"At Risk"
12609.0,"2011-09-22 16:34:00",3,1126.8500000000001,4,3,4,11,"Loyal Customers"
14209.0,"2011-11-29 10:18:00",7,2067.1299999999997,1,5,5,11,"At Risk"
17790.0,"2011-11-13 11:30:00",14,1965.5500000000009,2,5,4,11,"At Risk"
17037.0,"2011-09-22 17:20:00",2,1253.2200000000003,4,3,4,11,"Loyal Customers"
13668.0,"2011-12-07 12:14:00",29,6216.069999999981,1,5,5,11,"At Risk"
12516.0,"2011-09-23 09:13:00",2,1312.06,4,3,4,11,"Loyal Customers"
14898.0,"2011-11-16 14:54:00",8,1228.3199999999997,2,5,4,11,"At Risk"
14961.0,"2011-11-29 09:42:00",12,7006.580000000001,1,5,5,11,"At Risk"
18189.0,"2011-09-23 12:40:00",3,1084.34,4,3,4,11,"Loyal Customers"
16161.0,"2011-12-08 12:10:00",26,5352.969999999999,1,5,5,11,"At Risk"
13117.0,"2011-11-18 12:02:00",8,984.9099999999996,2,5,4,11,"At Risk"
14561.0,"2011-09-25 12:39:00",3,1080.7600000000007,4,3,4,11,"Loyal Customers"
14506.0,"2011-11-22 13:02:00",5,2012.1700000000012,2,4,5,11,"At Risk"
15804.0,"2011-12-09 12:31:00",19,3848.549999999998,1,5,5,11,"At Risk"
14306.0,"2011-10-19 13:23:00",3,2083.419999999999,3,3,5,11,"Loyal Customers"
12545.0,"2011-09-25 13:39:00",2,1000.3899999999998,4,3,4,11,"Loyal Customers"
12578.0,"2011-11-18 13:30:00",4,2753.36,2,4,5,11,"At Risk"
12412.0,"2011-09-26 10:16:00",3,1226.88,4,3,4,11,"Loyal Customers"
15984.0,"2011-12-07 12:16:00",11,2816.970000000001,1,5,5,11,"At Risk"
17788.0,"2011-09-27 10:09:00",2,1117.9,4,3,4,11,"Loyal Customers"
15601.0,"2011-11-28 15:15:00",17,6745.359999999997,1,5,5,11,"At Risk"
16573.0,"2011-09-27 11:17:00",4,648.41,4,4,3,11,"Loyal Customers"
12480.0,"2011-11-11 14:52:00",4,3281.630000000001,2,4,5,11,"At Risk"
13266.0,"2011-11-28 14:39:00",19,3717.67,1,5,5,11,"At Risk"
17609.0,"2011-10-30 12:28:00",6,1103.92,3,4,4,11,"Loyal Customers"
16332.0,"2011-11-11 14:22:00",8,1583.2000000000007,2,5,4,11,"At Risk"
16678.0,"2011-12-07 12:17:00",17,3013.830000000001,1,5,5,11,"At Risk"
15826.0,"2011-10-19 13:24:00",4,1649.36,3,4,4,11,"Loyal Customers"
17841.0,"2011-12-08 12:07:00",169,40340.78000000011,1,5,5,11,"At Risk"
12517.0,"2011-11-11 14:04:00",6,2464.8899999999994,2,4,5,11,"At Risk"
15838.0,"2011-11-28 14:00:00",21,33350.76,1,5,5,11,"At Risk"
12685.0,"2011-11-11 13:46:00",6,2863.0799999999995,2,4,5,11,"At Risk"
17162.0,"2011-11-11 11:34:00",11,1707.2099999999996,2,5,4,11,"At Risk"
17188.0,"2011-11-28 13:53:00",9,2275.5800000000004,1,5,5,11,"At Risk"
16122.0,"2011-09-27 15:34:00",4,684.42,4,4,3,11,"Loyal Customers"
17419.0,"2011-11-28 13:47:00",14,4200.969999999999,1,5,5,11,"At Risk"
16791.0,"2011-11-10 19:12:00",8,1706.2800000000018,2,5,4,11,"At Risk"
12444.0,"2011-11-18 13:23:00",5,5005.46,2,4,5,11,"At Risk"
16126.0,"2011-11-10 16:03:00",4,6287.770000000002,2,4,5,11,"At Risk"
14934.0,"2011-09-28 09:45:00",3,1888.8400000000001,4,3,4,11,"Loyal Customers"
17368.0,"2011-11-16 15:26:00",9,1349.5200000000002,2,5,4,11,"At Risk"
12449.0,"2011-11-17 13:46:00",4,4067.2900000000013,2,4,5,11,"At Risk"
18016.0,"2011-11-07 13:25:00",5,1483.5600000000002,3,4,4,11,"Loyal Customers"
13515.0,"2011-09-28 11:26:00",4,891.1200000000003,4,4,3,11,"Loyal Customers"
15159.0,"2011-12-08 12:05:00",34,18573.68000000002,1,5,5,11,"At Risk"
14704.0,"2011-11-28 12:51:00",9,1546.9100000000003,2,5,4,11,"At Risk"
13707.0,"2011-03-17 18:03:00",2,806.4100000000007,5,3,3,11,"Loyal Customers"
14609.0,"2011-09-28 12:54:00",4,601.5600000000001,4,4,3,11,"Loyal Customers"
16523.0,"2011-12-08 09:06:00",28,9295.670000000004,1,5,5,11,"At Risk"
14527.0,"2011-12-07 12:19:00",86,7711.379999999961,1,5,5,11,"At Risk"
12674.0,"2011-11-28 12:22:00",7,1919.3100000000002,2,5,4,11,"At Risk"
14215.0,"2011-11-28 12:19:00",7,1777.9200000000003,2,5,4,11,"At Risk"
15660.0,"2011-11-14 16:58:00",12,1552.01,2,5,4,11,"At Risk"
14534.0,"2011-12-07 12:19:00",25,4075.3500000000035,1,5,5,11,"At Risk"
17930.0,"2011-11-04 10:23:00",5,1740.4799999999996,3,4,4,11,"Loyal Customers"
16637.0,"2011-11-07 13:17:00",5,1124.59,3,4,4,11,"Loyal Customers"
16281.0,"2011-09-28 14:57:00",1,2062.0600000000004,4,2,5,11,"New Customers"
17950.0,"2011-09-28 15:18:00",4,472.11999999999995,4,4,3,11,"Loyal Customers"
16676.0,"2011-11-06 12:01:00",5,1558.7199999999996,3,4,4,11,"Loyal Customers"
15587.0,"2011-10-20 13:37:00",4,913.6800000000001,3,4,4,11,"Loyal Customers"
18235.0,"2011-09-29 08:27:00",3,1796.48,4,3,4,11,"Loyal Customers"
13741.0,"2011-09-29 09:19:00",4,666.3299999999999,4,4,3,11,"Loyal Customers"
16434.0,"2011-11-10 14:28:00",7,1522.250000000001,2,5,4,11,"At Risk"
14475.0,"2011-09-29 10:46:00",6,799.8199999999998,4,4,3,11,"Loyal Customers"
16362.0,"2011-11-07 13:01:00",9,652.0699999999997,3,5,3,11,"Loyal Customers"
13408.0,"2011-12-08 09:05:00",81,27487.40999999998,1,5,5,11,"At Risk"
12599.0,"2011-11-10 13:34:00",7,1032.5800000000006,2,5,4,11,"At Risk"
12372.0,"2011-09-29 12:12:00",3,1298.0400000000002,4,3,4,11,"Loyal Customers"
12906.0,"2011-11-28 09:55:00",5,2919.809999999999,2,4,5,11,"At Risk"
14515.0,"2011-11-22 11:37:00",6,2102.0899999999992,2,4,5,11,"At Risk"
12458.0,"2011-09-29 15:25:00",2,947.4000000000002,4,3,4,11,"Loyal Customers"
16655.0,"2011-11-22 11:25:00",6,3794.5199999999963,2,4,5,11,"At Risk"
16365.0,"2011-11-22 11:24:00",9,1540.4200000000005,2,5,4,11,"At Risk"
15187.0,"2011-12-08 11:56:00",18,4670.080000000001,1,5,5,11,"At Risk"
12728.0,"2011-09-29 15:31:00",4,836.3299999999999,4,4,3,11,"Loyal Customers"
13499.0,"2011-11-22 11:21:00",7,1146.9599999999998,2,5,4,11,"At Risk"
14064.0,"2011-11-10 13:14:00",7,1188.32,2,5,4,11,"At Risk"
13777.0,"2011-12-09 12:25:00",41,25748.34999999998,1,5,5,11,"At Risk"
17571.0,"2011-10-20 15:57:00",4,1498.5100000000016,3,4,4,11,"Loyal Customers"
12935.0,"2011-12-07 17:25:00",8,2156.449999999999,1,5,5,11,"At Risk"
14339.0,"2011-04-19 11:31:00",4,289.91,5,4,2,11,"Loyal Customers"
15987.0,"2011-11-27 15:38:00",7,1451.2800000000004,2,5,4,11,"At Risk"
13610.0,"2011-11-27 15:38:00",9,1115.4300000000003,2,5,4,11,"At Risk"
15298.0,"2011-12-07 17:17:00",14,3774.1000000000004,1,5,5,11,"At Risk"
14916.0,"2011-09-30 09:20:00",5,1264.8399999999995,3,4,4,11,"Loyal Customers"
13320.0,"2011-09-30 12:52:00",6,1491.7000000000003,3,4,4,11,"Loyal Customers"
14032.0,"2011-12-07 15:23:00",18,2929.8400000000015,1,5,5,11,"At Risk"
13632.0,"2011-11-15 10:51:00",6,2117.0200000000004,2,4,5,11,"At Risk"
14834.0,"2011-11-22 10:30:00",8,1698.35,2,5,4,11,"At Risk"
14970.0,"2011-10-02 13:44:00",4,1592.06,3,4,4,11,"Loyal Customers"
13344.0,"2011-10-03 09:45:00",3,2543.720000000001,3,3,5,11,"Loyal Customers"
13813.0,"2011-10-31 10:38:00",5,1353.4099999999996,3,4,4,11,"Loyal Customers"
14533.0,"2011-11-15 12:05:00",9,1812.6200000000001,2,5,4,11,"At Risk"
16628.0,"2011-11-10 12:45:00",6,2183.039999999999,2,4,5,11,"At Risk"
17059.0,"2011-11-10 12:27:00",5,3095.04,2,4,5,11,"At Risk"
15620.0,"2011-10-20 19:17:00",6,1524.4000000000003,3,4,4,11,"Loyal Customers"
13815.0,"2011-11-17 14:19:00",5,4014.91,2,4,5,11,"At Risk"
15351.0,"2011-11-27 12:52:00",10,1862.1400000000008,2,5,4,11,"At Risk"
17092.0,"2011-10-20 19:51:00",4,1777.7800000000004,3,4,4,11,"Loyal Customers"
16942.0,"2011-11-27 12:40:00",10,1894.110000000001,2,5,4,11,"At Risk"
15147.0,"2011-05-05 11:20:00",2,608.65,5,3,3,11,"Loyal Customers"
16003.0,"2011-11-10 09:57:00",5,2735.3700000000013,2,4,5,11,"At Risk"
14395.0,"2011-12-07 14:34:00",12,3471.91,1,5,5,11,"At Risk"
13186.0,"2011-10-31 11:40:00",5,1539.690000000001,3,4,4,11,"Loyal Customers"
16983.0,"2011-11-27 12:10:00",8,1920.2000000000003,2,5,4,11,"At Risk"
18223.0,"2011-12-08 11:51:00",27,6315.230000000005,1,5,5,11,"At Risk"
13769.0,"2011-12-07 15:08:00",16,2771.8700000000003,1,5,5,11,"At Risk"
12407.0,"2011-10-21 10:11:00",5,1708.12,3,4,4,11,"Loyal Customers"
18145.0,"2011-11-27 11:22:00",4,2861.5500000000006,2,4,5,11,"At Risk"
17507.0,"2011-03-23 11:48:00",2,605.5799999999998,5,3,3,11,"Loyal Customers"
13456.0,"2011-11-22 09:18:00",7,1737.82,2,5,4,11,"At Risk"
14878.0,"2011-11-27 11:15:00",9,1485.5400000000006,2,5,4,11,"At Risk"
16996.0,"2011-11-09 16:43:00",9,1427.4599999999998,2,5,4,11,"At Risk"
15106.0,"2011-11-22 09:16:00",7,1407.7300000000002,2,5,4,11,"At Risk"
17581.0,"2011-12-09 12:21:00",31,10736.109999999986,1,5,5,11,"At Risk"
14135.0,"2011-12-08 11:38:00",15,4690.31,1,5,5,11,"At Risk"
17813.0,"2011-11-25 16:13:00",7,1714.6000000000035,2,5,4,11,"At Risk"
16059.0,"2011-10-05 09:56:00",6,1459.8600000000008,3,4,4,11,"Loyal Customers"
15473.0,"2011-11-25 15:15:00",10,1465.2,2,5,4,11,"At Risk"
16153.0,"2011-10-21 10:50:00",5,1824.2300000000002,3,4,4,11,"Loyal Customers"
15730.0,"2011-10-05 12:31:00",4,1108.38,3,4,4,11,"Loyal Customers"
15407.0,"2011-11-06 11:55:00",4,1056.4400000000003,3,4,4,11,"Loyal Customers"
17562.0,"2011-11-25 14:21:00",8,1107.3799999999997,2,5,4,11,"At Risk"
17951.0,"2011-10-31 12:30:00",4,990.8400000000001,3,4,4,11,"Loyal Customers"
14132.0,"2011-12-07 13:35:00",12,3580.130000000001,1,5,5,11,"At Risk"
12839.0,"2011-12-07 12:33:00",16,5583.6200000000035,1,5,5,11,"At Risk"
17449.0,"2011-12-07 16:56:00",8,2504.86,1,5,5,11,"At Risk"
14691.0,"2011-11-09 12:30:00",5,2114.3299999999995,2,4,5,11,"At Risk"
12576.0,"2011-11-04 10:11:00",6,1306.98,3,4,4,11,"Loyal Customers"
16327.0,"2011-11-25 13:23:00",6,3844.22,2,4,5,11,"At Risk"
18109.0,"2011-12-08 11:36:00",31,7925.319999999996,1,5,5,11,"At Risk"
13394.0,"2011-12-08 11:36:00",10,2312.7999999999984,1,5,5,11,"At Risk"
16842.0,"2011-10-06 17:38:00",4,1260.4399999999996,3,4,4,11,"Loyal Customers"
13246.0,"2011-11-21 16:50:00",7,1922.100000000001,2,5,4,11,"At Risk"
16160.0,"2011-10-06 18:30:00",4,1009.4500000000003,3,4,4,11,"Loyal Customers"
13184.0,"2011-11-25 12:02:00",12,1648.7900000000016,2,5,4,11,"At Risk"
15841.0,"2011-10-06 18:31:00",6,1209.1000000000004,3,4,4,11,"Loyal Customers"
13055.0,"2011-10-06 18:57:00",4,1201.9599999999998,3,4,4,11,"Loyal Customers"
15750.0,"2011-12-07 12:34:00",9,2451.2299999999996,1,5,5,11,"At Risk"
16525.0,"2011-12-07 15:07:00",29,11895.570000000007,1,5,5,11,"At Risk"
12437.0,"2011-12-08 11:35:00",19,4896.659999999998,1,5,5,11,"At Risk"
15737.0,"2011-11-25 11:21:00",12,1121.2099999999998,2,5,4,11,"At Risk"
16880.0,"2011-11-09 11:33:00",7,1519.0800000000004,2,5,4,11,"At Risk"
13157.0,"2011-10-21 13:50:00",5,1721.5699999999993,3,4,4,11,"Loyal Customers"
12380.0,"2011-11-18 11:27:00",5,2720.5599999999995,2,4,5,11,"At Risk"
12747.0,"2011-12-07 14:34:00",11,4196.010000000001,1,5,5,11,"At Risk"
16109.0,"2011-05-05 09:17:00",2,611.8799999999997,5,3,3,11,"Loyal Customers"
15819.0,"2011-10-21 14:50:00",4,1905.4500000000003,3,4,4,11,"Loyal Customers"
12621.0,"2011-12-08 11:25:00",23,13612.069999999996,1,5,5,11,"At Risk"
16719.0,"2011-11-25 09:27:00",8,1773.9200000000005,2,5,4,11,"At Risk"
16007.0,"2011-10-23 11:05:00",4,1701.9399999999976,3,4,4,11,"Loyal Customers"
17735.0,"2011-12-07 16:47:00",19,13110.019999999997,1,5,5,11,"At Risk"
15134.0,"2011-11-25 08:55:00",8,1387.9900000000002,2,5,4,11,"At Risk"
14214.0,"2011-11-09 10:31:00",7,1000.2299999999998,2,5,4,11,"At Risk"
12811.0,"2011-03-24 09:42:00",3,514.85,5,3,3,11,"Loyal Customers"
12885.0,"2011-10-07 13:40:00",4,1158.2699999999993,3,4,4,11,"Loyal Customers"
17648.0,"2011-10-10 09:41:00",5,1789.5499999999997,3,4,4,11,"Loyal Customers"
15498.0,"2011-12-09 10:28:00",35,12396.45999999999,1,5,5,11,"At Risk"
15304.0,"2011-10-10 10:23:00",10,680.3000000000001,3,5,3,11,"Loyal Customers"
13373.0,"2011-10-10 10:51:00",3,3312.2500000000005,3,3,5,11,"Loyal Customers"
13368.0,"2011-03-28 09:59:00",2,623.4000000000001,5,3,3,11,"Loyal Customers"
14665.0,"2011-10-10 11:54:00",7,1258.3800000000003,3,4,4,11,"Loyal Customers"
16395.0,"2011-10-10 12:50:00",5,1486.9,3,4,4,11,"Loyal Customers"
13824.0,"2011-11-07 12:41:00",5,1698.9399999999998,3,4,4,11,"Loyal Customers"
18092.0,"2011-12-07 13:14:00",12,9065.760000000002,1,5,5,11,"At Risk"
15953.0,"2011-11-24 15:32:00",10,1634.5300000000002,2,5,4,11,"At Risk"
14201.0,"2011-10-10 13:27:00",9,688.04,3,5,3,11,"Loyal Customers"
14051.0,"2011-12-09 10:20:00",26,15477.339999999991,1,5,5,11,"At Risk"
14312.0,"2011-10-24 09:46:00",6,1611.5899999999997,3,4,4,11,"Loyal Customers"
17625.0,"2011-11-21 13:36:00",4,2047.000000000001,2,4,5,11,"At Risk"
14019.0,"2011-10-24 10:13:00",4,1398.96,3,4,4,11,"Loyal Customers"
14277.0,"2011-11-24 15:01:00",4,3957.0,2,4,5,11,"At Risk"
13224.0,"2011-10-10 15:00:00",3,2150.85,3,3,5,11,"Loyal Customers"
13895.0,"2011-11-18 17:15:00",5,2588.119999999999,2,4,5,11,"At Risk"
13756.0,"2011-12-07 16:44:00",15,5145.119999999995,1,5,5,11,"At Risk"
15443.0,"2011-12-08 10:40:00",8,3212.1599999999994,1,5,5,11,"At Risk"
13468.0,"2011-12-08 10:39:00",41,5656.750000000002,1,5,5,11,"At Risk"
14482.0,"2011-11-21 13:14:00",6,2068.150000000001,2,4,5,11,"At Risk"
12463.0,"2011-10-24 13:43:00",7,1303.6299999999999,3,4,4,11,"Loyal Customers"
14397.0,"2011-12-09 09:57:00",23,2556.6800000000003,1,5,5,11,"At Risk"
14948.0,"2011-11-16 17:16:00",7,1066.5699999999995,2,5,4,11,"At Risk"
12530.0,"2011-10-11 12:34:00",5,1623.6299999999994,3,4,4,11,"Loyal Customers"
13636.0,"2011-11-03 10:30:00",6,941.6199999999999,3,4,4,11,"Loyal Customers"
13110.0,"2011-11-08 14:30:00",8,1452.8700000000013,2,5,4,11,"At Risk"
16086.0,"2011-10-11 13:09:00",6,1119.31,3,4,4,11,"Loyal Customers"
15707.0,"2011-11-04 14:35:00",4,945.5799999999996,3,4,4,11,"Loyal Customers"
15801.0,"2011-10-24 13:52:00",4,1042.1899999999998,3,4,4,11,"Loyal Customers"
12388.0,"2011-11-24 12:30:00",6,2780.660000000001,2,4,5,11,"At Risk"
12997.0,"2011-11-17 15:47:00",7,1197.94,2,5,4,11,"At Risk"
16728.0,"2011-10-24 14:36:00",4,1054.6700000000003,3,4,4,11,"Loyal Customers"
15329.0,"2011-11-04 12:56:00",5,1005.5,3,4,4,11,"Loyal Customers"
13728.0,"2011-11-03 10:49:00",6,1016.1399999999999,3,4,4,11,"Loyal Customers"
17961.0,"2011-11-18 16:55:00",39,1296.440000000001,2,5,4,11,"At Risk"
13982.0,"2011-10-31 16:24:00",5,1861.1100000000001,3,4,4,11,"Loyal Customers"
16120.0,"2011-10-11 14:22:00",5,1294.14,3,4,4,11,"Loyal Customers"
14291.0,"2011-12-08 10:26:00",12,3873.2999999999984,1,5,5,11,"At Risk"
16217.0,"2011-04-18 13:31:00",4,259.39,5,4,2,11,"Loyal Customers"
16173.0,"2011-11-24 10:53:00",7,1406.5699999999997,2,5,4,11,"At Risk"
16954.0,"2011-12-09 09:46:00",9,2085.0800000000004,1,5,5,11,"At Risk"
13168.0,"2011-11-03 12:56:00",5,1310.1400000000003,3,4,4,11,"Loyal Customers"
14587.0,"2011-11-21 11:34:00",10,1598.2400000000007,2,5,4,11,"At Risk"
15605.0,"2011-11-03 14:17:00",5,1198.23,3,4,4,11,"Loyal Customers"
17228.0,"2011-11-24 10:24:00",8,1906.0900000000017,2,5,4,11,"At Risk"
16672.0,"2011-12-07 16:29:00",23,8093.589999999999,1,5,5,11,"At Risk"
15199.0,"2011-10-11 15:12:00",4,1268.6999999999998,3,4,4,11,"Loyal Customers"
17434.0,"2011-12-07 13:16:00",9,2333.420000000001,1,5,5,11,"At Risk"
16225.0,"2011-10-26 08:30:00",5,1096.32,3,4,4,11,"Loyal Customers"
17160.0,"2011-11-08 14:05:00",6,3518.0299999999997,2,4,5,11,"At Risk"
13767.0,"2011-12-07 15:00:00",52,16945.710000000006,1,5,5,11,"At Risk"
18283.0,"2011-12-06 12:02:00",16,2094.8800000000006,1,5,5,11,"At Risk"
15061.0,"2011-12-06 12:06:00",55,54228.74000000002,1,5,5,11,"At Risk"
13883.0,"2011-12-08 19:20:00",9,2538.7500000000005,1,5,5,11,"At Risk"
14735.0,"2011-12-06 12:09:00",34,5807.69,1,5,5,11,"At Risk"
16764.0,"2011-12-06 11:41:00",18,2758.2500000000036,1,5,5,11,"At Risk"
12753.0,"2011-12-06 11:40:00",11,21024.009999999995,1,5,5,11,"At Risk"
17375.0,"2011-06-02 17:30:00",4,372.49999999999983,5,4,2,11,"Loyal Customers"
14825.0,"2011-12-06 11:38:00",12,2226.9099999999985,1,5,5,11,"At Risk"
13294.0,"2011-06-03 08:54:00",2,873.7399999999997,5,3,3,11,"Loyal Customers"
12569.0,"2011-12-07 16:24:00",35,4064.99,1,5,5,11,"At Risk"
17744.0,"2011-12-06 12:11:00",7,2291.08,1,5,5,11,"At Risk"
16133.0,"2011-12-06 11:24:00",46,14305.659999999998,1,5,5,11,"At Risk"
15755.0,"2011-12-08 18:59:00",8,2318.8800000000015,1,5,5,11,"At Risk"
14547.0,"2011-12-06 11:06:00",9,3986.739999999999,1,5,5,11,"At Risk"
15421.0,"2011-10-12 09:20:00",4,950.3599999999994,3,4,4,11,"Loyal Customers"
14562.0,"2011-12-06 11:05:00",22,4709.219999999999,1,5,5,11,"At Risk"
16449.0,"2011-06-02 11:07:00",3,674.69,5,3,3,11,"Loyal Customers"
17346.0,"2011-12-06 12:18:00",16,2611.5799999999995,1,5,5,11,"At Risk"
15353.0,"2011-03-30 12:15:00",2,777.0200000000007,5,3,3,11,"Loyal Customers"
13599.0,"2011-12-08 19:26:00",33,5030.5999999999985,1,5,5,11,"At Risk"
16188.0,"2011-10-26 12:19:00",4,981.8600000000001,3,4,4,11,"Loyal Customers"
12971.0,"2011-12-06 12:20:00",89,10930.259999999997,1,5,5,11,"At Risk"
16013.0,"2011-12-06 10:36:00",54,33366.250000000015,1,5,5,11,"At Risk"
14543.0,"2011-12-06 10:32:00",21,2916.1700000000014,1,5,5,11,"At Risk"
12764.0,"2011-01-27 10:19:00",1,1693.8799999999999,5,2,4,11,"New Customers"
13328.0,"2011-01-27 15:22:00",1,1308.4800000000002,5,2,4,11,"New Customers"
13709.0,"2011-12-06 10:28:00",17,6249.110000000003,1,5,5,11,"At Risk"
17470.0,"2011-10-26 12:42:00",5,1125.0700000000002,3,4,4,11,"Loyal Customers"
12433.0,"2011-12-09 10:02:00",7,13375.86999999999,1,5,5,11,"At Risk"
12682.0,"2011-12-06 10:00:00",31,12288.219999999998,1,5,5,11,"At Risk"
12921.0,"2011-12-06 09:56:00",50,16389.740000000013,1,5,5,11,"At Risk"
12749.0,"2011-12-06 09:56:00",8,3868.2000000000025,1,5,5,11,"At Risk"
15780.0,"2011-06-09 12:01:00",3,475.28,5,3,3,11,"Loyal Customers"
13900.0,"2011-06-09 19:26:00",3,740.9499999999996,5,3,3,11,"Loyal Customers"
17611.0,"2011-12-06 09:46:00",19,3947.869999999999,1,5,5,11,"At Risk"
13078.0,"2011-12-08 18:48:00",43,12432.279999999997,1,5,5,11,"At Risk"
13694.0,"2011-12-06 09:32:00",60,62653.10000000003,1,5,5,11,"At Risk"
17659.0,"2011-12-06 09:29:00",14,2954.7500000000014,1,5,5,11,"At Risk"
12557.0,"2011-11-23 16:59:00",5,11990.96,2,4,5,11,"At Risk"
14450.0,"2011-06-12 10:46:00",3,483.25,5,3,3,11,"Loyal Customers"
17472.0,"2011-06-01 14:57:00",3,710.2900000000001,5,3,3,11,"Loyal Customers"
17135.0,"2011-11-23 16:48:00",7,1139.7299999999998,2,5,4,11,"At Risk"
17949.0,"2011-12-08 18:46:00",52,52750.840000000026,1,5,5,11,"At Risk"
12766.0,"2011-12-06 08:46:00",7,6989.629999999999,1,5,5,11,"At Risk"
13731.0,"2011-05-04 14:33:00",2,610.5899999999999,5,3,3,11,"Loyal Customers"
16618.0,"2011-11-08 13:52:00",6,2630.6400000000012,2,4,5,11,"At Risk"
12818.0,"2011-06-14 13:54:00",2,1517.88,4,3,4,11,"Loyal Customers"
14096.0,"2011-12-05 17:17:00",34,57120.90999999964,1,5,5,11,"At Risk"
15932.0,"2011-12-05 17:13:00",11,2461.850000000001,1,5,5,11,"At Risk"
15856.0,"2011-12-05 17:09:00",31,16173.67,1,5,5,11,"At Risk"
13985.0,"2011-12-05 17:06:00",16,7024.530000000006,1,5,5,11,"At Risk"
15574.0,"2011-06-15 12:01:00",4,702.2499999999999,4,4,3,11,"Loyal Customers"
16531.0,"2011-11-17 16:29:00",7,1244.5900000000001,2,5,4,11,"At Risk"
14606.0,"2011-12-08 19:28:00",128,11713.850000000059,1,5,5,11,"At Risk"
15535.0,"2011-06-19 16:02:00",7,459.89999999999986,4,5,2,11,"Loyal Customers"
17897.0,"2011-06-20 11:23:00",4,541.0999999999999,4,4,3,11,"Loyal Customers"
16353.0,"2011-12-06 12:23:00",23,6675.709999999997,1,5,5,11,"At Risk"
13021.0,"2011-12-05 16:37:00",12,2584.399999999999,1,5,5,11,"At Risk"
16057.0,"2011-12-05 16:36:00",10,2140.2200000000003,1,5,5,11,"At Risk"
16320.0,"2011-06-20 15:25:00",2,1038.4599999999998,4,3,4,11,"Loyal Customers"
14546.0,"2011-12-05 16:33:00",9,2487.020000000003,1,5,5,11,"At Risk"
12957.0,"2011-12-05 16:32:00",12,3979.040000000003,1,5,5,11,"At Risk"
12683.0,"2011-12-05 16:31:00",20,8221.090000000004,1,5,5,11,"At Risk"
17404.0,"2011-12-05 16:26:00",18,30300.819999999996,1,5,5,11,"At Risk"
16214.0,"2011-06-22 11:30:00",3,1062.75,4,3,4,11,"Loyal Customers"
14110.0,"2011-12-06 12:26:00",13,5669.649999999999,1,5,5,11,"At Risk"
17426.0,"2011-12-05 16:12:00",7,5022.2599999999975,1,5,5,11,"At Risk"
13230.0,"2011-12-05 16:03:00",15,2763.4100000000008,1,5,5,11,"At Risk"
13755.0,"2011-12-06 12:26:00",10,2154.6800000000007,1,5,5,11,"At Risk"
13107.0,"2011-10-26 14:52:00",5,1524.0700000000002,3,4,4,11,"Loyal Customers"
15665.0,"2011-06-24 14:57:00",2,2242.01,4,2,5,11,"New Customers"
15104.0,"2011-06-26 11:35:00",3,1002.54,4,3,4,11,"Loyal Customers"
15644.0,"2011-06-26 14:54:00",4,812.9999999999997,4,4,3,11,"Loyal Customers"
15146.0,"2011-06-28 12:09:00",3,1313.66,4,3,4,11,"Loyal Customers"
16801.0,"2011-06-29 15:33:00",5,867.8299999999991,4,4,3,11,"Loyal Customers"
17530.0,"2011-12-08 18:42:00",10,2385.000000000001,1,5,5,11,"At Risk"
12735.0,"2011-01-28 13:37:00",2,779.5699999999998,5,3,3,11,"Loyal Customers"
16401.0,"2011-12-08 18:15:00",20,4061.2399999999993,1,5,5,11,"At Risk"
17924.0,"2011-12-08 19:28:00",13,2894.3300000000004,1,5,5,11,"At Risk"
17505.0,"2011-07-01 12:50:00",2,1145.8399999999997,4,3,4,11,"Loyal Customers"
13001.0,"2011-12-05 14:51:00",15,9797.920000000013,1,5,5,11,"At Risk"
14338.0,"2011-07-04 16:00:00",4,554.2199999999999,4,4,3,11,"Loyal Customers"
18198.0,"2011-12-05 14:49:00",21,5083.060000000004,1,5,5,11,"At Risk"
17175.0,"2011-10-26 15:31:00",5,1430.9400000000005,3,4,4,11,"Loyal Customers"
13253.0,"2011-07-06 10:09:00",2,1030.3999999999999,4,3,4,11,"Loyal Customers"
15640.0,"2011-12-05 14:35:00",17,12433.339999999973,1,5,5,11,"At Risk"
17920.0,"2011-12-05 14:29:00",17,4204.0999999999885,1,5,5,11,"At Risk"
18044.0,"2011-12-05 14:26:00",11,2085.6499999999996,1,5,5,11,"At Risk"
13199.0,"2011-12-06 12:30:00",39,9803.960000000001,1,5,5,11,"At Risk"
16684.0,"2011-12-05 14:06:00",31,65892.08000000002,1,5,5,11,"At Risk"
14377.0,"2011-06-01 13:32:00",2,617.0500000000001,5,3,3,11,"Loyal Customers"
13881.0,"2011-12-06 12:50:00",22,16989.519999999997,1,5,5,11,"At Risk"
17675.0,"2011-12-08 18:03:00",41,20098.099999999962,1,5,5,11,"At Risk"
16592.0,"2011-12-05 13:49:00",19,4073.2799999999997,1,5,5,11,"At Risk"
17811.0,"2011-12-05 13:46:00",51,7677.709999999991,1,5,5,11,"At Risk"
17090.0,"2011-12-05 13:44:00",8,2041.850000000001,1,5,5,11,"At Risk"
14696.0,"2011-12-05 13:43:00",9,2070.9700000000003,1,5,5,11,"At Risk"
15854.0,"2011-12-05 13:39:00",12,2974.6499999999974,1,5,5,11,"At Risk"
17706.0,"2011-12-05 13:34:00",22,10097.369999999994,1,5,5,11,"At Risk"
16019.0,"2011-12-08 10:06:00",10,3450.239999999999,1,5,5,11,"At Risk"
14401.0,"2011-12-05 13:30:00",14,4039.9799999999987,1,5,5,11,"At Risk"
14702.0,"2011-12-08 19:29:00",18,3250.639999999998,1,5,5,11,"At Risk"
13831.0,"2011-11-23 15:41:00",6,2202.99,2,4,5,11,"At Risk"
14189.0,"2011-12-07 15:55:00",24,4604.31,1,5,5,11,"At Risk"
16904.0,"2011-12-05 13:10:00",16,3754.2699999999986,1,5,5,11,"At Risk"
15265.0,"2011-07-11 14:46:00",2,1506.1199999999997,4,3,4,11,"Loyal Customers"
18225.0,"2011-12-06 13:27:00",17,5361.020000000002,1,5,5,11,"At Risk"
12717.0,"2011-07-11 14:51:00",3,980.9799999999998,4,3,4,11,"Loyal Customers"
13225.0,"2011-12-06 13:29:00",8,6083.040000000002,1,5,5,11,"At Risk"
15033.0,"2011-12-05 12:40:00",11,2571.0200000000013,1,5,5,11,"At Risk"
16746.0,"2011-12-05 12:33:00",19,6694.310000000008,1,5,5,11,"At Risk"
14085.0,"2011-12-07 13:46:00",19,4435.789999999999,1,5,5,11,"At Risk"
14060.0,"2011-12-05 12:29:00",20,6135.379999999998,1,5,5,11,"At Risk"
15835.0,"2011-10-26 15:47:00",4,954.0899999999996,3,4,4,11,"Loyal Customers"
16360.0,"2011-12-05 12:16:00",8,3411.689999999999,1,5,5,11,"At Risk"
12653.0,"2011-07-14 10:41:00",2,2209.8500000000004,4,2,5,11,"New Customers"
12377.0,"2011-01-28 15:45:00",2,1628.1200000000003,5,2,4,11,"New Customers"
14286.0,"2011-11-16 10:34:00",5,4595.809999999999,2,4,5,11,"At Risk"
12815.0,"2011-07-15 10:21:00",2,1063.46,4,3,4,11,"Loyal Customers"
16873.0,"2011-12-05 12:05:00",10,7066.309999999995,1,5,5,11,"At Risk"
17677.0,"2011-12-08 09:56:00",43,16219.22,1,5,5,11,"At Risk"
12613.0,"2011-11-08 13:30:00",6,3218.979999999998,2,4,5,11,"At Risk"
15290.0,"2011-12-05 11:39:00",21,7803.77,1,5,5,11,"At Risk"
16232.0,"2011-11-07 11:12:00",5,983.2299999999999,3,4,4,11,"Loyal Customers"
14233.0,"2011-10-27 09:25:00",5,1447.5100000000007,3,4,4,11,"Loyal Customers"
13564.0,"2011-07-18 14:35:00",5,647.7400000000006,4,4,3,11,"Loyal Customers"
12841.0,"2011-12-05 11:13:00",26,3876.3999999999987,1,5,5,11,"At Risk"
15796.0,"2011-12-08 19:55:00",10,2666.6100000000006,1,5,5,11,"At Risk"
17857.0,"2011-12-06 13:41:00",25,26763.339999999997,1,5,5,11,"At Risk"
14194.0,"2011-12-05 10:38:00",32,11216.749999999985,1,5,5,11,"At Risk"
15628.0,"2011-12-05 10:24:00",10,2865.6400000000003,1,5,5,11,"At Risk"
12510.0,"2011-07-20 10:15:00",2,982.5699999999999,4,3,4,11,"Loyal Customers"
16807.0,"2011-07-20 12:00:00",3,1121.5899999999997,4,3,4,11,"Loyal Customers"
17402.0,"2011-12-05 10:15:00",13,2633.8499999999995,1,5,5,11,"At Risk"
15916.0,"2011-11-23 13:46:00",10,1491.2400000000005,2,5,4,11,"At Risk"
15572.0,"2011-12-05 10:09:00",7,2552.8599999999988,1,5,5,11,"At Risk"
13126.0,"2011-12-05 10:00:00",10,2056.29,1,5,5,11,"At Risk"
15367.0,"2011-10-13 14:13:00",5,1867.6899999999991,3,4,4,11,"Loyal Customers"
15358.0,"2011-12-05 09:04:00",29,8234.799999999994,1,5,5,11,"At Risk"
16654.0,"2011-07-21 15:23:00",5,594.9699999999999,4,4,3,11,"Loyal Customers"
13069.0,"2011-12-09 08:39:00",27,3717.8199999999974,1,5,5,11,"At Risk"
13426.0,"2011-12-09 08:59:00",12,3550.699999999998,1,5,5,11,"At Risk"
12490.0,"2011-12-04 16:07:00",10,5417.9299999999985,1,5,5,11,"At Risk"
16143.0,"2011-12-06 14:13:00",7,2419.8399999999997,1,5,5,11,"At Risk"
14692.0,"2011-07-25 15:08:00",5,582.0500000000002,4,4,3,11,"Loyal Customers"
16705.0,"2011-12-09 12:08:00",29,13946.129999999986,1,5,5,11,"At Risk"
15372.0,"2011-07-25 16:39:00",1,2007.3999999999999,4,2,5,11,"New Customers"
15855.0,"2011-07-26 10:20:00",5,712.2399999999998,4,4,3,11,"Loyal Customers"
13492.0,"2011-07-26 14:25:00",3,1269.8400000000004,4,3,4,11,"Loyal Customers"
13536.0,"2011-12-08 16:38:00",7,3448.289999999998,1,5,5,11,"At Risk"
13704.0,"2011-12-04 15:13:00",10,2295.309999999998,1,5,5,11,"At Risk"
16696.0,"2011-07-27 14:23:00",4,657.9000000000001,4,4,3,11,"Loyal Customers"
13435.0,"2011-12-04 14:59:00",9,3794.4899999999993,1,5,5,11,"At Risk"
17173.0,"2011-12-04 14:40:00",9,3755.649999999999,1,5,5,11,"At Risk"
17954.0,"2011-12-04 14:15:00",16,2295.3700000000013,1,5,5,11,"At Risk"
12955.0,"2011-12-08 16:29:00",14,4734.259999999999,1,5,5,11,"At Risk"
16905.0,"2011-12-04 14:01:00",8,3085.4800000000005,1,5,5,11,"At Risk"
14456.0,"2011-12-04 13:59:00",14,3047.6300000000006,1,5,5,11,"At Risk"
15589.0,"2011-04-01 11:22:00",4,456.58000000000004,5,4,2,11,"Loyal Customers"
18272.0,"2011-12-07 12:43:00",7,3064.780000000001,1,5,5,11,"At Risk"
14739.0,"2011-12-07 14:32:00",8,3899.1,1,5,5,11,"At Risk"
15867.0,"2011-12-04 13:37:00",16,3797.7899999999986,1,5,5,11,"At Risk"
13319.0,"2011-12-04 13:34:00",36,10664.33999999998,1,5,5,11,"At Risk"
13414.0,"2011-07-29 11:45:00",3,1390.5,4,3,4,11,"Loyal Customers"
17422.0,"2011-11-23 13:27:00",10,1853.1299999999999,2,5,4,11,"At Risk"
16931.0,"2011-12-04 13:15:00",21,4604.219999999989,1,5,5,11,"At Risk"
17491.0,"2011-12-08 16:18:00",11,3541.9200000000005,1,5,5,11,"At Risk"
17282.0,"2011-08-01 14:29:00",3,1703.4100000000008,4,3,4,11,"Loyal Customers"
16033.0,"2011-12-04 12:44:00",27,8727.60999999998,1,5,5,11,"At Risk"
14133.0,"2011-08-02 11:34:00",5,590.3399999999999,4,4,3,11,"Loyal Customers"
14907.0,"2011-12-06 14:14:00",10,3478.8499999999985,1,5,5,11,"At Risk"
15133.0,"2011-08-04 10:44:00",3,982.4199999999998,4,3,4,11,"Loyal Customers"
14524.0,"2011-11-08 12:29:00",9,1867.6800000000012,2,5,4,11,"At Risk"
17692.0,"2011-08-04 14:01:00",5,733.4399999999999,4,4,3,11,"Loyal Customers"
17602.0,"2011-12-07 13:53:00",8,5050.7699999999995,1,5,5,11,"At Risk"
14911.0,"2011-12-08 15:54:00",248,132572.61999999927,1,5,5,11,"At Risk"
16838.0,"2011-05-26 13:13:00",3,582.9,5,3,3,11,"Loyal Customers"
14976.0,"2011-10-13 16:37:00",8,765.8599999999998,3,5,3,11,"Loyal Customers"
17858.0,"2011-12-04 11:56:00",12,5155.659999999997,1,5,5,11,"At Risk"
16174.0,"2011-08-05 13:26:00",3,1009.55,4,3,4,11,"Loyal Customers"
14009.0,"2011-05-25 15:47:00",3,685.9299999999996,5,3,3,11,"Loyal Customers"
17364.0,"2011-12-09 09:00:00",12,4455.729999999996,1,5,5,11,"At Risk"
14744.0,"2011-11-23 12:51:00",9,1088.53,2,5,4,11,"At Risk"
16224.0,"2011-10-13 17:51:00",4,1295.3,3,4,4,11,"Loyal Customers"
13798.0,"2011-12-08 15:51:00",63,36351.41999999997,1,5,5,11,"At Risk"
14572.0,"2011-12-06 14:40:00",10,2803.6900000000014,1,5,5,11,"At Risk"
13213.0,"2011-10-14 11:42:00",6,1518.43,3,4,4,11,"Loyal Customers"
18065.0,"2011-12-04 10:30:00",15,2380.080000000001,1,5,5,11,"At Risk"
16326.0,"2011-12-04 10:11:00",15,3085.960000000004,1,5,5,11,"At Risk"
14031.0,"2011-12-02 17:13:00",23,14634.63999999999,1,5,5,11,"At Risk"
15985.0,"2011-08-08 16:31:00",3,1037.42,4,3,4,11,"Loyal Customers"
16638.0,"2011-11-17 11:09:00",11,1676.47,2,5,4,11,"At Risk"
15311.0,"2011-12-09 12:00:00",118,59419.340000000135,1,5,5,11,"At Risk"
17994.0,"2011-08-10 11:43:00",6,629.6899999999998,4,4,3,11,"Loyal Customers"
12693.0,"2011-08-11 09:16:00",6,830.9599999999999,4,4,3,11,"Loyal Customers"
14868.0,"2011-12-06 14:49:00",9,2939.6400000000017,1,5,5,11,"At Risk"
14346.0,"2011-08-11 09:47:00",2,1021.5800000000002,4,3,4,11,"Loyal Customers"
17429.0,"2011-08-11 10:13:00",4,512.1200000000001,4,4,3,11,"Loyal Customers"
12417.0,"2011-12-06 14:52:00",12,3578.8000000000015,1,5,5,11,"At Risk"
14493.0,"2011-12-02 16:14:00",7,2362.84,1,5,5,11,"At Risk"
13953.0,"2011-12-02 16:04:00",7,3515.6800000000003,1,5,5,11,"At Risk"
15192.0,"2011-08-12 11:41:00",3,1044.3200000000002,4,3,4,11,"Loyal Customers"
14937.0,"2011-10-14 12:29:00",4,1617.6299999999999,3,4,4,11,"Loyal Customers"
17567.0,"2011-12-02 15:48:00",10,4012.5599999999986,1,5,5,11,"At Risk"
15078.0,"2011-12-02 15:41:00",38,9623.350000000024,1,5,5,11,"At Risk"
17686.0,"2011-12-02 15:39:00",7,5739.460000000009,1,5,5,11,"At Risk"
13458.0,"2011-12-02 15:29:00",22,9537.919999999998,1,5,5,11,"At Risk"
14560.0,"2011-12-02 15:22:00",24,2174.1800000000017,1,5,5,11,"At Risk"
13969.0,"2011-12-02 15:11:00",20,8986.690000000002,1,5,5,11,"At Risk"
15426.0,"2011-11-20 15:36:00",7,1429.8999999999999,2,5,4,11,"At Risk"
18245.0,"2011-12-02 14:48:00",8,2507.5599999999977,1,5,5,11,"At Risk"
15570.0,"2011-12-02 14:47:00",13,4109.97,1,5,5,11,"At Risk"
16317.0,"2011-08-12 12:46:00",3,1341.6499999999996,4,3,4,11,"Loyal Customers"
16612.0,"2011-11-07 07:38:00",4,1187.6599999999999,3,4,4,11,"Loyal Customers"
18055.0,"2011-12-02 14:25:00",11,6752.1399999999985,1,5,5,11,"At Risk"
12758.0,"2011-08-15 10:22:00",2,2791.5900000000006,4,2,5,11,"New Customers"
15271.0,"2011-12-02 14:11:00",16,2485.8200000000024,1,5,5,11,"At Risk"
15624.0,"2011-08-15 11:38:00",4,588.1300000000002,4,4,3,11,"Loyal Customers"
12559.0,"2011-02-02 09:49:00",3,536.2099999999999,5,3,3,11,"Loyal Customers"
15769.0,"2011-12-02 13:52:00",29,51823.72,1,5,5,11,"At Risk"
18143.0,"2011-08-15 12:07:00",2,1000.1599999999999,4,3,4,11,"Loyal Customers"
13720.0,"2011-08-15 12:46:00",4,799.8999999999999,4,4,3,11,"Loyal Customers"
14006.0,"2011-08-16 09:39:00",3,962.1899999999999,4,3,4,11,"Loyal Customers"
15038.0,"2011-10-27 14:42:00",7,665.5899999999996,3,5,3,11,"Loyal Customers"
15768.0,"2011-08-16 10:48:00",4,581.83,4,4,3,11,"Loyal Customers"
12662.0,"2011-12-09 11:59:00",12,3817.0799999999977,1,5,5,11,"At Risk"
12704.0,"2011-12-02 13:15:00",10,2220.84,1,5,5,11,"At Risk"
17048.0,"2011-08-16 14:51:00",6,864.3199999999999,4,4,3,11,"Loyal Customers"
15734.0,"2011-08-17 10:50:00",2,1339.45,4,3,4,11,"Loyal Customers"
14796.0,"2011-12-08 15:31:00",27,7839.509999999978,1,5,5,11,"At Risk"
15547.0,"2011-12-02 12:52:00",14,4954.839999999993,1,5,5,11,"At Risk"
14323.0,"2011-08-17 11:37:00",4,574.2599999999998,4,4,3,11,"Loyal Customers"
18144.0,"2011-12-02 12:46:00",12,2888.750000000001,1,5,5,11,"At Risk"
17757.0,"2011-12-08 15:31:00",31,5585.489999999993,1,5,5,11,"At Risk"
13650.0,"2011-11-23 12:22:00",7,1809.34,2,5,4,11,"At Risk"
15622.0,"2011-12-06 14:57:00",16,3224.530000000002,1,5,5,11,"At Risk"
13655.0,"2011-08-17 14:25:00",2,932.9700000000001,4,3,4,11,"Loyal Customers"
14688.0,"2011-12-02 12:26:00",27,5107.3799999999965,1,5,5,11,"At Risk"
16333.0,"2011-12-02 12:19:00",22,26626.8,1,5,5,11,"At Risk"
14092.0,"2011-12-02 12:13:00",17,4063.100000000003,1,5,5,11,"At Risk"
18248.0,"2011-08-18 06:14:00",4,783.02,4,4,3,11,"Loyal Customers"
14049.0,"2011-11-23 12:20:00",6,5639.149999999997,2,4,5,11,"At Risk"
17912.0,"2011-02-02 14:25:00",6,295.61,5,4,2,11,"Loyal Customers"
16076.0,"2011-12-06 14:59:00",11,2173.5299999999993,1,5,5,11,"At Risk"
14292.0,"2011-12-02 11:50:00",14,4819.329999999998,1,5,5,11,"At Risk"
14298.0,"2011-12-06 15:04:00",45,50862.43999999997,1,5,5,11,"At Risk"
14220.0,"2011-04-06 13:23:00",2,632.4000000000002,5,3,3,11,"Loyal Customers"
17700.0,"2011-11-23 11:51:00",6,2508.89,2,4,5,11,"At Risk"
16779.0,"2011-12-07 14:54:00",28,10454.049999999988,1,5,5,11,"At Risk"
14246.0,"2011-08-21 11:50:00",3,1474.0600000000004,4,3,4,11,"Loyal Customers"
17315.0,"2011-12-09 11:58:00",43,6204.459999999996,1,5,5,11,"At Risk"
18097.0,"2011-12-02 11:16:00",7,2692.8500000000004,1,5,5,11,"At Risk"
12856.0,"2011-12-02 10:52:00",8,2162.6800000000007,1,5,5,11,"At Risk"
16626.0,"2011-12-09 11:56:00",20,4379.650000000001,1,5,5,11,"At Risk"
12347.0,"2011-12-07 15:52:00",7,4309.999999999999,1,5,5,11,"At Risk"
13875.0,"2011-10-17 09:36:00",5,1786.7900000000004,3,4,4,11,"Loyal Customers"
13183.0,"2011-12-02 10:30:00",9,3957.7800000000016,1,5,5,11,"At Risk"
17428.0,"2011-12-09 09:45:00",33,17078.45,1,5,5,11,"At Risk"
17083.0,"2011-08-22 15:43:00",3,1405.7799999999997,4,3,4,11,"Loyal Customers"
17183.0,"2011-12-02 10:07:00",8,3286.91,1,5,5,11,"At Risk"
12684.0,"2011-12-02 09:53:00",7,2283.6299999999997,1,5,5,11,"At Risk"
18102.0,"2011-12-09 11:50:00",62,256438.49000000008,1,5,5,11,"At Risk"
14895.0,"2011-12-02 09:23:00",24,11020.26000000001,1,5,5,11,"At Risk"
17990.0,"2011-04-17 11:44:00",3,630.8400000000001,5,3,3,11,"Loyal Customers"
15194.0,"2011-12-06 15:10:00",22,7521.169999999999,1,5,5,11,"At Risk"
12989.0,"2011-12-06 15:28:00",19,6854.509999999996,1,5,5,11,"At Risk"
17576.0,"2011-12-01 18:12:00",22,3457.779999999998,1,5,5,11,"At Risk"
12562.0,"2011-12-01 17:20:00",7,3781.7400000000025,1,5,5,11,"At Risk"
12664.0,"2011-12-01 17:07:00",10,4863.879999999999,1,5,5,11,"At Risk"
12553.0,"2011-12-01 16:38:00",14,3652.2500000000005,1,5,5,11,"At Risk"
16011.0,"2011-12-01 16:31:00",16,3362.7100000000028,1,5,5,11,"At Risk"
14299.0,"2011-12-01 16:05:00",18,2855.349999999998,1,5,5,11,"At Risk"
14766.0,"2011-12-01 16:05:00",8,2423.0699999999997,1,5,5,11,"At Risk"
16253.0,"2011-11-08 11:23:00",3,3665.6199999999985,3,3,5,11,"Loyal Customers"
13013.0,"2011-12-08 15:01:00",15,4786.990000000001,1,5,5,11,"At Risk"
17242.0,"2011-08-23 14:55:00",2,1135.0399999999997,4,3,4,11,"Loyal Customers"
13425.0,"2011-08-23 17:13:00",3,1624.2099999999998,4,3,4,11,"Loyal Customers"
17268.0,"2011-08-24 10:06:00",4,763.64,4,4,3,11,"Loyal Customers"
15144.0,"2011-12-01 15:12:00",18,6530.040000000008,1,5,5,11,"At Risk"
16242.0,"2011-12-01 15:12:00",8,3598.2600000000007,1,5,5,11,"At Risk"
12362.0,"2011-12-06 15:40:00",13,5154.580000000002,1,5,5,11,"At Risk"
17730.0,"2011-12-06 15:43:00",15,5288.829999999997,1,5,5,11,"At Risk"
15373.0,"2011-12-01 15:05:00",13,2213.110000000001,1,5,5,11,"At Risk"
13750.0,"2011-10-17 12:16:00",5,1647.2599999999998,3,4,4,11,"Loyal Customers"
13572.0,"2011-05-18 11:59:00",1,1384.2500000000007,5,2,4,11,"New Customers"
18074.0,"2010-12-01 09:53:00",1,489.6,5,2,3,10,"New Customers"
14422.0,"2011-12-09 11:26:00",6,4263.639999999996,1,4,5,10,"At Risk"
15910.0,"2011-12-09 10:51:00",8,1232.1799999999994,1,5,4,10,"At Risk"
12518.0,"2011-12-09 10:13:00",5,2056.8899999999994,1,4,5,10,"At Risk"
12423.0,"2011-12-09 10:10:00",9,1849.1100000000004,1,5,4,10,"At Risk"
17490.0,"2011-12-09 09:08:00",11,1926.8799999999994,1,5,4,10,"At Risk"
14441.0,"2011-12-09 09:07:00",10,1545.1400000000006,1,5,4,10,"At Risk"
16794.0,"2011-12-08 17:54:00",12,1201.5100000000011,1,5,4,10,"At Risk"
13026.0,"2011-12-08 16:58:00",8,936.1499999999997,1,5,4,10,"At Risk"
13471.0,"2011-12-08 15:44:00",4,2531.5799999999986,1,4,5,10,"At Risk"
13890.0,"2011-12-08 15:36:00",14,1860.8599999999994,1,5,4,10,"At Risk"
16358.0,"2011-12-08 15:09:00",5,2024.949999999999,1,4,5,10,"At Risk"
15484.0,"2011-12-08 15:03:00",5,3563.1099999999997,1,4,5,10,"At Risk"
17451.0,"2011-12-08 15:02:00",10,1648.9499999999996,1,5,4,10,"At Risk"
13680.0,"2011-12-08 13:47:00",5,2202.3100000000013,1,4,5,10,"At Risk"
14653.0,"2011-12-08 13:45:00",7,1947.55,1,5,4,10,"At Risk"
17673.0,"2011-12-08 13:06:00",7,1622.2200000000018,1,5,4,10,"At Risk"
15214.0,"2011-12-08 12:07:00",8,1661.44,1,5,4,10,"At Risk"
14217.0,"2011-12-08 11:53:00",24,1925.3600000000001,1,5,4,10,"At Risk"
12523.0,"2011-12-08 11:46:00",13,1745.5700000000006,1,5,4,10,"At Risk"
18210.0,"2011-12-08 11:02:00",6,2621.38,1,4,5,10,"At Risk"
15453.0,"2011-12-08 10:59:00",7,1388.3700000000013,1,5,4,10,"At Risk"
13924.0,"2011-12-08 09:39:00",11,1682.0799999999997,1,5,4,10,"At Risk"
14251.0,"2011-12-08 08:32:00",5,2879.6999999999994,1,4,5,10,"At Risk"
17097.0,"2011-12-07 17:05:00",9,937.9199999999996,1,5,4,10,"At Risk"
12783.0,"2011-12-07 15:56:00",8,1603.87,1,5,4,10,"At Risk"
17870.0,"2011-12-07 15:07:00",13,1889.400000000002,1,5,4,10,"At Risk"
12615.0,"2011-12-07 15:02:00",4,2291.1900000000005,1,4,5,10,"At Risk"
16426.0,"2011-12-07 14:01:00",10,1908.2500000000005,1,5,4,10,"At Risk"
16817.0,"2011-12-07 11:03:00",13,1446.9500000000003,1,5,4,10,"At Risk"
12826.0,"2011-12-07 10:25:00",8,1468.1199999999992,1,5,4,10,"At Risk"
14794.0,"2011-12-07 10:11:00",9,1272.1099999999992,1,5,4,10,"At Risk"
13743.0,"2011-12-07 10:09:00",8,1340.1499999999994,1,5,4,10,"At Risk"
13949.0,"2011-12-07 09:35:00",6,2427.3199999999974,1,4,5,10,"At Risk"
16987.0,"2011-12-06 17:26:00",7,1625.0500000000006,1,5,4,10,"At Risk"
16016.0,"2011-12-06 14:35:00",10,1483.3100000000015,1,5,4,10,"At Risk"
13362.0,"2011-12-06 13:57:00",5,3085.4899999999984,1,4,5,10,"At Risk"
17705.0,"2011-12-06 13:45:00",10,1781.1199999999992,1,5,4,10,"At Risk"
14503.0,"2011-12-06 13:30:00",6,3543.2600000000007,1,4,5,10,"At Risk"
13507.0,"2011-12-06 13:13:00",4,2479.159999999999,1,4,5,10,"At Risk"
14071.0,"2011-12-06 12:27:00",9,1307.4100000000024,1,5,4,10,"At Risk"
16979.0,"2011-12-06 12:21:00",8,1809.0500000000002,1,5,4,10,"At Risk"
14121.0,"2011-12-06 12:19:00",6,2740.3,1,4,5,10,"At Risk"
14113.0,"2011-12-06 12:18:00",8,1377.9200000000005,1,5,4,10,"At Risk"
16790.0,"2011-12-06 11:53:00",8,1520.12,1,5,4,10,"At Risk"
16949.0,"2011-12-06 11:07:00",7,1161.27,1,5,4,10,"At Risk"
13994.0,"2011-12-06 11:05:00",6,2313.140000000001,1,4,5,10,"At Risk"
12877.0,"2011-12-06 10:30:00",12,1535.7700000000007,1,5,4,10,"At Risk"
17593.0,"2011-12-06 10:30:00",6,3911.5599999999986,1,4,5,10,"At Risk"
12584.0,"2011-12-06 09:35:00",18,1893.9500000000005,1,5,4,10,"At Risk"
17728.0,"2011-12-06 08:52:00",5,2515.6800000000026,1,4,5,10,"At Risk"
16379.0,"2011-12-05 15:38:00",5,2131.9,1,4,5,10,"At Risk"
17676.0,"2011-12-05 15:16:00",7,1383.2700000000004,1,5,4,10,"At Risk"
13305.0,"2011-12-05 15:15:00",10,2000.8599999999992,1,5,4,10,"At Risk"
17218.0,"2011-12-05 13:52:00",10,1960.7200000000005,1,5,4,10,"At Risk"
14083.0,"2011-12-05 13:14:00",9,1018.4299999999998,1,5,4,10,"At Risk"
16910.0,"2011-12-05 12:51:00",8,1510.0600000000024,1,5,4,10,"At Risk"
12913.0,"2011-12-05 12:11:00",5,2483.63,1,4,5,10,"At Risk"
12782.0,"2011-12-05 09:16:00",6,2273.3200000000015,1,4,5,10,"At Risk"
14102.0,"2011-12-04 15:38:00",8,1314.7299999999998,1,5,4,10,"At Risk"
13630.0,"2011-12-04 15:16:00",11,1995.6799999999996,1,5,4,10,"At Risk"
17750.0,"2011-12-04 14:09:00",9,1797.5699999999997,1,5,4,10,"At Risk"
12560.0,"2011-12-04 13:54:00",4,2101.3900000000003,1,4,5,10,"At Risk"
17131.0,"2011-12-04 12:52:00",5,2463.1700000000005,1,4,5,10,"At Risk"
16283.0,"2011-12-04 12:08:00",7,1531.5099999999989,1,5,4,10,"At Risk"
17629.0,"2011-12-04 10:56:00",9,1784.1200000000008,1,5,4,10,"At Risk"
16359.0,"2011-12-02 17:04:00",12,1460.3699999999994,1,5,4,10,"At Risk"
12668.0,"2011-12-02 15:10:00",6,3743.180000000002,1,4,5,10,"At Risk"
17086.0,"2011-12-02 13:54:00",6,2050.079999999999,1,4,5,10,"At Risk"
14428.0,"2011-12-02 13:17:00",7,1230.1400000000008,1,5,4,10,"At Risk"
16474.0,"2011-12-02 13:02:00",11,1811.4700000000023,1,5,4,10,"At Risk"
12536.0,"2011-12-02 12:43:00",5,4106.820000000001,1,4,5,10,"At Risk"
16440.0,"2011-12-02 12:02:00",5,3640.669999999999,1,4,5,10,"At Risk"
17386.0,"2011-12-02 11:28:00",6,2686.42,1,4,5,10,"At Risk"
12359.0,"2011-12-02 11:21:00",6,6245.53000000001,1,4,5,10,"At Risk"
12700.0,"2011-12-02 10:49:00",6,4867.990000000004,1,4,5,10,"At Risk"
13297.0,"2011-12-02 09:32:00",4,2089.85,1,4,5,10,"At Risk"
14440.0,"2011-12-01 15:42:00",5,2357.6800000000003,1,4,5,10,"At Risk"
17293.0,"2011-12-01 14:37:00",9,1875.1100000000004,1,5,4,10,"At Risk"
15602.0,"2011-12-01 14:14:00",15,1083.6300000000003,1,5,4,10,"At Risk"
16813.0,"2011-12-01 14:03:00",10,1692.9800000000007,1,5,4,10,"At Risk"
16240.0,"2011-12-01 14:02:00",5,3693.810000000001,1,4,5,10,"At Risk"
12919.0,"2011-12-01 13:47:00",8,1301.4399999999998,1,5,4,10,"At Risk"
12963.0,"2011-12-01 12:55:00",9,1841.0299999999995,1,5,4,10,"At Risk"
12951.0,"2011-12-01 12:14:00",8,1042.0700000000006,1,5,4,10,"At Risk"
14178.0,"2011-12-01 12:01:00",7,1620.9300000000003,1,5,4,10,"At Risk"
15021.0,"2011-12-01 11:53:00",13,1872.2800000000036,1,5,4,10,"At Risk"
14146.0,"2011-12-01 10:18:00",6,2949.5699999999983,1,4,5,10,"At Risk"
13509.0,"2011-12-01 10:10:00",7,979.72,1,5,4,10,"At Risk"
17828.0,"2011-12-01 09:34:00",9,1599.9700000000005,1,5,4,10,"At Risk"
13410.0,"2011-12-01 08:58:00",7,988.9100000000001,1,5,4,10,"At Risk"
17063.0,"2011-12-01 08:46:00",11,1421.5899999999992,1,5,4,10,"At Risk"
13644.0,"2011-12-01 08:18:00",5,2597.5200000000004,1,4,5,10,"At Risk"
15676.0,"2011-11-30 17:39:00",5,3324.09,1,4,5,10,"At Risk"
12429.0,"2011-11-30 17:22:00",4,3750.4000000000005,1,4,5,10,"At Risk"
17288.0,"2011-11-30 16:09:00",7,1419.7300000000002,1,5,4,10,"At Risk"
12714.0,"2011-11-30 15:43:00",5,4708.859999999998,1,4,5,10,"At Risk"
17096.0,"2011-11-30 15:05:00",7,992.6800000000003,1,5,4,10,"At Risk"
12528.0,"2011-11-30 14:40:00",8,1922.2800000000009,1,5,4,10,"At Risk"
13012.0,"2011-11-30 13:05:00",11,1311.620000000001,1,5,4,10,"At Risk"
14005.0,"2011-11-30 12:41:00",5,2874.72,1,4,5,10,"At Risk"
15611.0,"2011-11-30 12:36:00",15,1568.39,1,5,4,10,"At Risk"
15024.0,"2011-11-30 12:06:00",10,1661.3300000000008,1,5,4,10,"At Risk"
15394.0,"2011-11-30 11:49:00",4,2183.540000000001,1,4,5,10,"At Risk"
16115.0,"2011-11-30 11:32:00",8,1667.9700000000023,1,5,4,10,"At Risk"
15782.0,"2011-11-30 10:49:00",4,2593.94,1,4,5,10,"At Risk"
12494.0,"2011-11-30 09:21:00",13,1139.3500000000006,1,5,4,10,"At Risk"
15113.0,"2011-11-30 08:23:00",4,3439.4100000000008,1,4,5,10,"At Risk"
14432.0,"2011-11-30 08:04:00",6,2255.509999999998,1,4,5,10,"At Risk"
14554.0,"2011-11-29 16:44:00",4,2381.040000000001,1,4,5,10,"At Risk"
15089.0,"2011-11-29 16:31:00",6,2420.840000000002,1,4,5,10,"At Risk"
12670.0,"2011-11-29 15:23:00",6,2986.149999999999,1,4,5,10,"At Risk"
16775.0,"2011-11-29 15:22:00",11,1695.6600000000024,1,5,4,10,"At Risk"
12464.0,"2011-11-29 13:33:00",8,1212.0499999999997,1,5,4,10,"At Risk"
14235.0,"2011-11-29 13:26:00",6,3093.8599999999997,1,4,5,10,"At Risk"
12451.0,"2011-11-29 08:40:00",6,8933.519999999999,1,4,5,10,"At Risk"
14901.0,"2011-11-28 17:09:00",10,1414.9900000000007,1,5,4,10,"At Risk"
14290.0,"2011-11-28 14:02:00",6,2307.45,1,4,5,10,"At Risk"
13590.0,"2011-11-28 12:54:00",7,1976.12,1,5,4,10,"At Risk"
16094.0,"2011-11-28 12:45:00",6,1041.8299999999997,2,4,4,10,"At Risk"
14741.0,"2011-11-28 08:48:00",6,1400.3400000000006,2,4,4,10,"At Risk"
13991.0,"2011-11-27 16:18:00",7,850.63,2,5,3,10,"At Risk"
13064.0,"2011-11-27 12:31:00",4,1119.4900000000002,2,4,4,10,"At Risk"
17236.0,"2011-11-27 12:00:00",6,916.1300000000005,2,4,4,10,"At Risk"
13782.0,"2011-11-27 11:54:00",6,911.9999999999992,2,4,4,10,"At Risk"
14859.0,"2011-11-27 11:18:00",5,1352.039999999999,2,4,4,10,"At Risk"
13232.0,"2011-11-27 10:39:00",7,1357.6000000000015,2,4,4,10,"At Risk"
13048.0,"2011-11-25 13:23:00",5,1805.9099999999992,2,4,4,10,"At Risk"
13149.0,"2011-11-25 13:09:00",4,1676.0599999999997,2,4,4,10,"At Risk"
17348.0,"2011-11-25 11:25:00",5,1159.520000000001,2,4,4,10,"At Risk"
17302.0,"2011-11-25 09:36:00",6,1119.9299999999998,2,4,4,10,"At Risk"
15117.0,"2011-11-25 08:12:00",6,1550.1300000000003,2,4,4,10,"At Risk"
17323.0,"2011-11-24 17:29:00",9,908.9900000000005,2,5,3,10,"At Risk"
18188.0,"2011-11-24 16:46:00",4,1998.49,2,4,4,10,"At Risk"
13719.0,"2011-11-24 15:26:00",5,1041.68,2,4,4,10,"At Risk"
12937.0,"2011-11-24 15:05:00",4,1504.2699999999998,2,4,4,10,"At Risk"
13995.0,"2011-11-24 14:22:00",6,1383.49,2,4,4,10,"At Risk"
14591.0,"2011-11-24 13:57:00",4,1447.1400000000017,2,4,4,10,"At Risk"
15858.0,"2011-11-24 12:48:00",5,1438.850000000001,2,4,4,10,"At Risk"
17671.0,"2011-11-24 12:21:00",6,1284.0800000000002,2,4,4,10,"At Risk"
14410.0,"2011-11-24 11:16:00",15,576.2999999999981,2,5,3,10,"At Risk"
15594.0,"2011-11-24 08:53:00",6,1767.53,2,4,4,10,"At Risk"
15253.0,"2011-11-23 16:22:00",6,915.2999999999997,2,4,4,10,"At Risk"
17410.0,"2011-11-23 15:46:00",5,1214.7199999999996,2,4,4,10,"At Risk"
13174.0,"2011-11-23 14:35:00",3,2817.030000000001,2,3,5,10,"At Risk"
17463.0,"2011-11-23 13:40:00",6,1881.3600000000017,2,4,4,10,"At Risk"
17469.0,"2011-11-23 13:15:00",6,1843.0599999999995,2,4,4,10,"At Risk"
16066.0,"2011-11-23 11:54:00",5,1521.87,2,4,4,10,"At Risk"
14336.0,"2011-11-23 11:40:00",4,1614.9100000000008,2,4,4,10,"At Risk"
12936.0,"2011-11-22 17:32:00",5,1012.9000000000005,2,4,4,10,"At Risk"
12775.0,"2011-11-22 16:33:00",6,1351.2400000000005,2,4,4,10,"At Risk"
15116.0,"2011-11-22 12:25:00",4,1352.7500000000002,2,4,4,10,"At Risk"
17073.0,"2011-11-22 11:47:00",4,1446.0900000000004,2,4,4,10,"At Risk"
16128.0,"2011-11-22 11:14:00",5,1880.2200000000005,2,4,4,10,"At Risk"
16532.0,"2011-11-22 11:08:00",3,6748.8,2,3,5,10,"At Risk"
17324.0,"2011-11-22 10:34:00",4,990.2300000000002,2,4,4,10,"At Risk"
16748.0,"2011-11-22 10:17:00",5,1515.8999999999992,2,4,4,10,"At Risk"
14297.0,"2011-11-22 09:06:00",6,1284.0599999999995,2,4,4,10,"At Risk"
15132.0,"2011-11-21 17:10:00",5,977.9300000000003,2,4,4,10,"At Risk"
13282.0,"2011-11-21 15:33:00",6,1047.84,2,4,4,10,"At Risk"
15681.0,"2011-11-21 13:25:00",6,946.3599999999998,2,4,4,10,"At Risk"
17227.0,"2011-11-21 10:51:00",6,939.3199999999999,2,4,4,10,"At Risk"
14883.0,"2011-11-21 10:23:00",7,756.6400000000001,2,5,3,10,"At Risk"
17888.0,"2011-11-21 10:18:00",10,525.7799999999999,2,5,3,10,"At Risk"
14447.0,"2011-11-21 08:28:00",5,1163.2300000000005,2,4,4,10,"At Risk"
17738.0,"2011-11-20 15:05:00",5,1863.3500000000006,2,4,4,10,"At Risk"
16533.0,"2011-11-20 13:08:00",5,1026.9400000000007,2,4,4,10,"At Risk"
14595.0,"2011-11-20 12:12:00",6,1740.6,2,4,4,10,"At Risk"
12778.0,"2011-11-20 11:39:00",7,804.23,2,5,3,10,"At Risk"
14477.0,"2011-11-20 11:11:00",5,1307.8100000000002,2,4,4,10,"At Risk"
14116.0,"2011-11-20 10:29:00",5,1382.74,2,4,4,10,"At Risk"
17621.0,"2011-11-18 17:11:00",4,1336.1,2,4,4,10,"At Risk"
12697.0,"2011-11-18 16:17:00",5,939.02,2,4,4,10,"At Risk"
16350.0,"2011-11-18 15:53:00",5,1100.4699999999996,2,4,4,10,"At Risk"
16279.0,"2011-11-18 15:00:00",4,1496.6799999999996,2,4,4,10,"At Risk"
14285.0,"2011-11-18 14:50:00",4,1910.0100000000004,2,4,4,10,"At Risk"
15530.0,"2011-11-18 12:25:00",4,1502.35,2,4,4,10,"At Risk"
17159.0,"2011-11-18 10:52:00",4,1534.73,2,4,4,10,"At Risk"
13396.0,"2011-11-18 09:42:00",4,1325.2899999999997,2,4,4,10,"At Risk"
14434.0,"2011-11-18 08:56:00",6,1372.8,2,4,4,10,"At Risk"
12406.0,"2011-11-17 19:22:00",3,3280.7500000000005,2,3,5,10,"At Risk"
15983.0,"2011-11-17 17:34:00",4,1475.0199999999993,2,4,4,10,"At Risk"
13138.0,"2011-11-17 16:51:00",6,962.39,2,4,4,10,"At Risk"
16009.0,"2011-11-17 16:51:00",4,992.71,2,4,4,10,"At Risk"
13313.0,"2011-11-17 16:48:00",5,1555.3199999999993,2,4,4,10,"At Risk"
17095.0,"2011-11-17 16:40:00",6,1088.1999999999998,2,4,4,10,"At Risk"
15267.0,"2011-11-17 15:59:00",5,1717.36,2,4,4,10,"At Risk"
18221.0,"2011-11-17 14:40:00",6,1033.3100000000002,2,4,4,10,"At Risk"
17147.0,"2011-11-17 12:32:00",6,1679.64,2,4,4,10,"At Risk"
13308.0,"2011-11-17 09:31:00",4,1367.6100000000001,2,4,4,10,"At Risk"
15489.0,"2011-11-17 08:53:00",4,1090.0300000000007,2,4,4,10,"At Risk"
12356.0,"2011-11-17 08:40:00",3,2811.4300000000003,2,3,5,10,"At Risk"
18263.0,"2011-11-16 16:19:00",4,1211.08,2,4,4,10,"At Risk"
16809.0,"2011-11-16 15:45:00",6,912.7399999999999,2,4,4,10,"At Risk"
13500.0,"2011-11-16 15:35:00",4,1136.7699999999998,2,4,4,10,"At Risk"
13447.0,"2011-11-16 13:38:00",4,1104.2299999999998,2,4,4,10,"At Risk"
16085.0,"2011-11-16 13:24:00",5,981.5099999999999,2,4,4,10,"At Risk"
13131.0,"2011-11-16 13:21:00",4,1039.3,2,4,4,10,"At Risk"
16669.0,"2011-11-16 12:26:00",4,1370.8700000000003,2,4,4,10,"At Risk"
14507.0,"2011-11-16 12:21:00",7,1368.1799999999994,2,4,4,10,"At Risk"
15110.0,"2011-11-16 11:16:00",7,970.2499999999998,2,4,4,10,"At Risk"
16245.0,"2011-11-16 10:14:00",5,1352.3600000000013,2,4,4,10,"At Risk"
14544.0,"2011-11-15 15:06:00",2,2024.4500000000007,2,3,5,10,"At Risk"
13614.0,"2011-11-15 14:47:00",4,1610.4600000000005,2,4,4,10,"At Risk"
14522.0,"2011-11-15 13:24:00",4,974.54,2,4,4,10,"At Risk"
18259.0,"2011-11-15 12:34:00",3,2338.6000000000004,2,3,5,10,"At Risk"
12676.0,"2011-11-15 12:25:00",6,1331.3900000000003,2,4,4,10,"At Risk"
13455.0,"2011-11-15 11:21:00",4,1007.3499999999996,2,4,4,10,"At Risk"
13692.0,"2011-11-15 11:17:00",5,1466.87,2,4,4,10,"At Risk"
16341.0,"2011-11-15 09:12:00",6,1959.3800000000003,2,4,4,10,"At Risk"
15050.0,"2011-11-14 16:17:00",5,1727.1700000000003,2,4,4,10,"At Risk"
13577.0,"2011-11-14 15:19:00",5,1658.2999999999988,2,4,4,10,"At Risk"
15532.0,"2011-11-14 14:51:00",6,1517.0800000000022,2,4,4,10,"At Risk"
16639.0,"2011-11-14 13:47:00",4,1169.3799999999999,2,4,4,10,"At Risk"
15839.0,"2011-11-14 13:25:00",5,1020.7399999999999,2,4,4,10,"At Risk"
14684.0,"2011-11-14 11:33:00",5,1236.2800000000013,2,4,4,10,"At Risk"
15203.0,"2011-11-14 08:16:00",6,1827.7999999999984,2,4,4,10,"At Risk"
15411.0,"2011-11-13 15:19:00",5,1346.3800000000003,2,4,4,10,"At Risk"
17720.0,"2011-11-13 15:04:00",4,1195.9400000000003,2,4,4,10,"At Risk"
15449.0,"2011-11-13 15:02:00",5,971.2200000000001,2,4,4,10,"At Risk"
16726.0,"2011-11-13 14:53:00",5,1382.0200000000011,2,4,4,10,"At Risk"
16416.0,"2011-11-13 12:50:00",4,1026.9899999999998,2,4,4,10,"At Risk"
17041.0,"2011-11-13 11:21:00",4,1065.77,2,4,4,10,"At Risk"
12691.0,"2011-11-11 16:49:00",6,1035.8000000000002,2,4,4,10,"At Risk"
17088.0,"2011-11-11 14:23:00",4,1991.009999999999,2,4,4,10,"At Risk"
15608.0,"2011-11-11 13:20:00",4,1093.6799999999998,2,4,4,10,"At Risk"
17054.0,"2011-11-11 12:56:00",6,1353.8300000000002,2,4,4,10,"At Risk"
14035.0,"2011-11-11 10:03:00",5,1428.02,2,4,4,10,"At Risk"
14748.0,"2011-11-10 18:33:00",6,1311.79,2,4,4,10,"At Risk"
16907.0,"2011-11-10 18:04:00",5,981.6500000000001,2,4,4,10,"At Risk"
17109.0,"2011-11-10 16:59:00",8,869.6799999999997,2,5,3,10,"At Risk"
15238.0,"2011-11-10 14:28:00",5,1056.54,2,4,4,10,"At Risk"
17653.0,"2011-11-10 14:26:00",5,1175.88,2,4,4,10,"At Risk"
15289.0,"2011-11-10 13:49:00",4,935.1000000000003,2,4,4,10,"At Risk"
18125.0,"2011-11-10 12:29:00",5,1141.3399999999992,2,4,4,10,"At Risk"
17702.0,"2011-11-09 16:03:00",6,1719.72,2,4,4,10,"At Risk"
15485.0,"2011-11-09 14:31:00",3,2575.0000000000005,2,3,5,10,"At Risk"
17867.0,"2011-11-09 14:15:00",8,622.7500000000008,2,5,3,10,"At Risk"
16041.0,"2011-11-09 12:25:00",3,3166.4,2,3,5,10,"At Risk"
13623.0,"2011-11-09 12:00:00",7,672.4400000000002,2,5,3,10,"At Risk"
15027.0,"2011-11-09 10:16:00",6,1051.9499999999996,2,4,4,10,"At Risk"
18177.0,"2011-11-08 14:44:00",7,1314.1699999999994,2,4,4,10,"At Risk"
17633.0,"2011-11-08 13:25:00",6,1242.34,2,4,4,10,"At Risk"
17289.0,"2011-11-08 12:01:00",4,936.1600000000003,2,4,4,10,"At Risk"
13329.0,"2011-11-08 10:29:00",4,740.4,3,4,3,10,"Loyal Customers"
15763.0,"2011-11-08 09:44:00",3,1048.67,3,3,4,10,"Loyal Customers"
17158.0,"2011-11-07 15:15:00",3,1266.9699999999996,3,3,4,10,"Loyal Customers"
14623.0,"2011-11-07 13:56:00",6,869.35,3,4,3,10,"Loyal Customers"
14387.0,"2011-11-07 12:29:00",3,1770.5600000000006,3,3,4,10,"Loyal Customers"
16053.0,"2011-11-07 11:21:00",2,1511.9499999999998,3,3,4,10,"Loyal Customers"
15618.0,"2011-11-07 08:34:00",5,747.031,3,4,3,10,"Loyal Customers"
18170.0,"2011-11-06 14:35:00",3,980.3100000000001,3,3,4,10,"Loyal Customers"
15427.0,"2011-11-06 14:29:00",3,1483.14,3,3,4,10,"Loyal Customers"
16488.0,"2011-11-06 13:42:00",4,492.1999999999999,3,4,3,10,"Loyal Customers"
13772.0,"2011-11-06 11:43:00",3,1132.13,3,3,4,10,"Loyal Customers"
15952.0,"2011-11-06 11:18:00",4,806.5699999999999,3,4,3,10,"Loyal Customers"
14971.0,"2011-11-04 17:07:00",3,1116.57,3,3,4,10,"Loyal Customers"
17084.0,"2011-11-04 14:54:00",2,2949.750000000001,3,2,5,10,"Needs Attention"
14567.0,"2011-11-04 13:57:00",3,1524.4600000000003,3,3,4,10,"Loyal Customers"
12577.0,"2011-11-04 13:28:00",4,595.4000000000003,3,4,3,10,"Loyal Customers"
16012.0,"2011-11-04 13:25:00",3,1415.2899999999997,3,3,4,10,"Loyal Customers"
17979.0,"2011-11-04 12:05:00",5,737.81,3,4,3,10,"Loyal Customers"
16014.0,"2011-11-04 11:23:00",4,653.1299999999998,3,4,3,10,"Loyal Customers"
12397.0,"2011-11-04 09:52:00",2,2409.8999999999996,3,2,5,10,"Needs Attention"
14856.0,"2011-11-03 14:53:00",3,1311.3800000000003,3,3,4,10,"Loyal Customers"
13925.0,"2011-11-03 13:00:00",6,616.6499999999999,3,4,3,10,"Loyal Customers"
16043.0,"2011-11-02 12:50:00",4,773.9900000000002,3,4,3,10,"Loyal Customers"
14383.0,"2011-11-01 15:53:00",3,1247.6899999999998,3,3,4,10,"Loyal Customers"
13726.0,"2011-11-01 10:49:00",2,1079.6600000000003,3,3,4,10,"Loyal Customers"
13032.0,"2011-11-01 09:56:00",3,996.52,3,3,4,10,"Loyal Customers"
13461.0,"2011-11-01 09:01:00",3,1445.0,3,3,4,10,"Loyal Customers"
14167.0,"2011-10-31 14:29:00",4,574.8399999999999,3,4,3,10,"Loyal Customers"
13145.0,"2011-10-31 12:45:00",5,614.77,3,4,3,10,"Loyal Customers"
15669.0,"2011-10-30 16:03:00",5,677.69,3,4,3,10,"Loyal Customers"
17796.0,"2011-10-30 15:38:00",4,697.9000000000001,3,4,3,10,"Loyal Customers"
17373.0,"2011-10-30 15:28:00",4,646.92,3,4,3,10,"Loyal Customers"
15376.0,"2011-10-30 15:04:00",3,1233.36,3,3,4,10,"Loyal Customers"
13421.0,"2011-10-30 14:21:00",3,1848.9799999999998,3,3,4,10,"Loyal Customers"
16049.0,"2011-10-30 13:19:00",3,1111.79,3,3,4,10,"Loyal Customers"
14077.0,"2011-10-30 12:35:00",5,499.4199999999999,3,4,3,10,"Loyal Customers"
13524.0,"2011-10-30 12:34:00",5,680.1800000000001,3,4,3,10,"Loyal Customers"
17018.0,"2011-10-30 11:42:00",2,920.0999999999999,3,3,4,10,"Loyal Customers"
16235.0,"2011-10-30 10:56:00",6,858.4099999999996,3,4,3,10,"Loyal Customers"
16102.0,"2011-10-28 13:19:00",3,1842.1400000000003,3,3,4,10,"Loyal Customers"
18287.0,"2011-10-28 09:29:00",3,1837.2800000000002,3,3,4,10,"Loyal Customers"
15469.0,"2011-10-27 19:16:00",4,504.50000000000006,3,4,3,10,"Loyal Customers"
13791.0,"2011-10-27 14:38:00",3,1047.68,3,3,4,10,"Loyal Customers"
15791.0,"2011-10-27 10:14:00",3,1604.4399999999998,3,3,4,10,"Loyal Customers"
16325.0,"2011-10-26 16:29:00",5,510.53999999999996,3,4,3,10,"Loyal Customers"
16750.0,"2011-10-26 12:48:00",5,623.9300000000001,3,4,3,10,"Loyal Customers"
15215.0,"2011-10-26 12:28:00",6,615.9899999999999,3,4,3,10,"Loyal Customers"
12879.0,"2011-10-26 12:24:00",4,552.5699999999998,3,4,3,10,"Loyal Customers"
12371.0,"2011-10-26 10:16:00",2,1887.9600000000005,3,3,4,10,"Loyal Customers"
17423.0,"2011-10-25 16:49:00",4,663.6300000000003,3,4,3,10,"Loyal Customers"
15630.0,"2011-10-25 15:36:00",3,1180.4000000000003,3,3,4,10,"Loyal Customers"
15656.0,"2011-10-25 14:56:00",4,748.5000000000001,3,4,3,10,"Loyal Customers"
16110.0,"2011-10-25 14:35:00",3,1337.4800000000014,3,3,4,10,"Loyal Customers"
13652.0,"2011-10-25 08:51:00",3,1095.0799999999997,3,3,4,10,"Loyal Customers"
13165.0,"2011-10-24 15:05:00",2,1021.48,3,3,4,10,"Loyal Customers"
12940.0,"2011-10-24 14:04:00",4,876.2899999999997,3,4,3,10,"Loyal Customers"
16444.0,"2011-10-24 13:50:00",5,638.7700000000002,3,4,3,10,"Loyal Customers"
14997.0,"2011-10-24 13:28:00",4,540.98,3,4,3,10,"Loyal Customers"
12546.0,"2011-10-24 12:09:00",3,1141.5000000000002,3,3,4,10,"Loyal Customers"
14504.0,"2011-10-23 16:00:00",4,673.2599999999998,3,4,3,10,"Loyal Customers"
13918.0,"2011-10-21 12:25:00",2,1212.84,3,3,4,10,"Loyal Customers"
17169.0,"2011-10-20 19:15:00",4,816.8799999999998,3,4,3,10,"Loyal Customers"
13761.0,"2011-10-20 14:01:00",2,1070.6499999999996,3,3,4,10,"Loyal Customers"
14631.0,"2011-10-20 11:17:00",3,1006.9799999999998,3,3,4,10,"Loyal Customers"
17007.0,"2011-10-20 10:47:00",7,877.4300000000001,3,4,3,10,"Loyal Customers"
14261.0,"2011-10-20 10:04:00",2,1163.45,3,3,4,10,"Loyal Customers"
14488.0,"2011-10-19 14:39:00",2,1047.43,3,3,4,10,"Loyal Customers"
13422.0,"2011-10-19 13:45:00",2,2601.5500000000006,3,2,5,10,"Needs Attention"
14273.0,"2011-10-19 13:20:00",4,559.97,3,4,3,10,"Loyal Customers"
16470.0,"2011-10-19 12:11:00",5,757.44,3,4,3,10,"Loyal Customers"
16621.0,"2011-10-19 11:38:00",4,813.4800000000001,3,4,3,10,"Loyal Customers"
13805.0,"2011-10-18 14:50:00",2,924.5999999999999,3,3,4,10,"Loyal Customers"
12759.0,"2011-10-18 14:49:00",3,1531.44,3,3,4,10,"Loyal Customers"
16730.0,"2011-10-18 14:11:00",4,702.79,3,4,3,10,"Loyal Customers"
16140.0,"2011-10-18 10:59:00",4,703.7700000000002,3,4,3,10,"Loyal Customers"
17679.0,"2011-10-18 07:43:00",2,1992.1100000000006,3,3,4,10,"Loyal Customers"
17527.0,"2011-10-17 12:32:00",6,888.8600000000001,3,4,3,10,"Loyal Customers"
16934.0,"2011-10-16 12:40:00",2,950.9300000000001,3,3,4,10,"Loyal Customers"
16206.0,"2011-10-16 10:41:00",4,537.06,3,4,3,10,"Loyal Customers"
13814.0,"2011-10-14 16:57:00",3,1562.1200000000006,3,3,4,10,"Loyal Customers"
17180.0,"2011-10-14 15:46:00",6,780.3800000000001,3,4,3,10,"Loyal Customers"
16950.0,"2011-10-14 09:06:00",3,1178.56,3,3,4,10,"Loyal Customers"
12876.0,"2011-10-13 12:26:00",2,2218.0199999999986,3,2,5,10,"Needs Attention"
16770.0,"2011-10-13 12:21:00",6,744.9000000000002,3,4,3,10,"Loyal Customers"
17724.0,"2011-10-13 10:53:00",4,995.65,3,3,4,10,"Loyal Customers"
14775.0,"2011-10-12 15:27:00",3,1011.9000000000002,3,3,4,10,"Loyal Customers"
13865.0,"2011-10-12 13:31:00",4,501.56,3,4,3,10,"Loyal Customers"
15831.0,"2011-10-12 13:14:00",4,747.7599999999998,3,4,3,10,"Loyal Customers"
16203.0,"2011-10-12 12:31:00",5,589.15,3,4,3,10,"Loyal Customers"
14959.0,"2011-10-11 16:28:00",5,684.9699999999997,3,4,3,10,"Loyal Customers"
14857.0,"2011-10-11 09:23:00",3,1165.6499999999999,3,3,4,10,"Loyal Customers"
14356.0,"2011-10-10 17:16:00",4,666.9399999999999,3,4,3,10,"Loyal Customers"
14514.0,"2011-10-09 16:05:00",3,1055.3500000000004,3,3,4,10,"Loyal Customers"
15756.0,"2011-10-09 13:30:00",4,532.9599999999995,3,4,3,10,"Loyal Customers"
18136.0,"2011-10-07 15:40:00",4,761.8299999999998,3,4,3,10,"Loyal Customers"
13763.0,"2011-10-07 15:13:00",3,1689.4599999999996,3,3,4,10,"Loyal Customers"
12394.0,"2011-10-07 08:08:00",2,1272.48,3,3,4,10,"Loyal Customers"
17921.0,"2011-10-06 18:56:00",4,826.5200000000002,3,4,3,10,"Loyal Customers"
15306.0,"2011-10-06 12:56:00",3,1174.3499999999997,3,3,4,10,"Loyal Customers"
13591.0,"2011-10-06 12:26:00",3,1117.13,3,3,4,10,"Loyal Customers"
16040.0,"2011-10-05 13:47:00",3,1313.5500000000009,3,3,4,10,"Loyal Customers"
13989.0,"2011-10-05 09:47:00",2,1266.08,3,3,4,10,"Loyal Customers"
15181.0,"2011-10-04 13:58:00",5,680.28,3,4,3,10,"Loyal Customers"
12413.0,"2011-10-04 09:00:00",5,694.1499999999997,3,4,3,10,"Loyal Customers"
13431.0,"2011-10-03 13:49:00",2,1269.0999999999995,3,3,4,10,"Loyal Customers"
16774.0,"2011-10-03 12:41:00",5,654.9200000000001,3,4,3,10,"Loyal Customers"
12886.0,"2011-10-03 10:09:00",3,1351.0900000000001,3,3,4,10,"Loyal Customers"
12842.0,"2011-09-30 15:33:00",2,1118.99,3,3,4,10,"Loyal Customers"
13764.0,"2011-09-30 12:03:00",3,1521.76,3,3,4,10,"Loyal Customers"
12822.0,"2011-09-30 10:04:00",3,918.98,3,3,4,10,"Loyal Customers"
17905.0,"2011-09-29 17:33:00",4,800.2399999999999,3,4,3,10,"Loyal Customers"
16233.0,"2011-09-29 17:27:00",5,422.13000000000005,4,4,2,10,"Loyal Customers"
14681.0,"2011-09-29 15:52:00",3,498.95,4,3,3,10,"Loyal Customers"
16321.0,"2011-09-28 14:55:00",7,230.69999999999996,4,5,1,10,"Loyal Customers"
18265.0,"2011-09-28 14:10:00",2,801.5100000000002,4,3,3,10,"Loyal Customers"
17370.0,"2011-09-28 10:14:00",4,446.18,4,4,2,10,"Loyal Customers"
13016.0,"2011-09-27 14:08:00",3,789.8899999999998,4,3,3,10,"Loyal Customers"
12987.0,"2011-09-27 12:03:00",3,545.0,4,3,3,10,"Loyal Customers"
14818.0,"2011-09-27 11:01:00",3,657.8,4,3,3,10,"Loyal Customers"
13405.0,"2011-09-26 17:01:00",3,572.451,4,3,3,10,"Loyal Customers"
13233.0,"2011-09-26 13:25:00",2,605.1200000000001,4,3,3,10,"Loyal Customers"
16383.0,"2011-09-26 12:45:00",2,668.3599999999999,4,3,3,10,"Loyal Customers"
15626.0,"2011-09-26 10:03:00",2,675.8000000000001,4,3,3,10,"Loyal Customers"
15366.0,"2011-09-25 15:01:00",2,602.51,4,3,3,10,"Loyal Customers"
16342.0,"2011-09-25 14:36:00",4,322.41,4,4,2,10,"Loyal Customers"
18155.0,"2011-09-25 13:32:00",4,347.8200000000001,4,4,2,10,"Loyal Customers"
14152.0,"2011-09-25 12:54:00",3,611.09,4,3,3,10,"Loyal Customers"
15799.0,"2011-09-25 12:46:00",3,884.1400000000002,4,3,3,10,"Loyal Customers"
16872.0,"2011-09-23 16:05:00",3,680.0200000000001,4,3,3,10,"Loyal Customers"
14880.0,"2011-09-23 13:42:00",3,706.1900000000003,4,3,3,10,"Loyal Customers"
12930.0,"2011-09-22 15:18:00",4,409.90000000000003,4,4,2,10,"Loyal Customers"
17311.0,"2011-09-22 14:11:00",2,1384.8500000000001,4,2,4,10,"New Customers"
14887.0,"2011-09-21 15:32:00",1,1862.0,4,2,4,10,"New Customers"
13959.0,"2011-09-21 15:06:00",3,598.1999999999998,4,3,3,10,"Loyal Customers"
13946.0,"2011-09-21 13:33:00",3,561.57,4,3,3,10,"Loyal Customers"
12701.0,"2011-09-21 10:47:00",2,797.71,4,3,3,10,"Loyal Customers"
13038.0,"2011-09-20 14:37:00",3,908.4600000000003,4,3,3,10,"Loyal Customers"
15026.0,"2011-09-20 13:52:00",3,469.00000000000006,4,3,3,10,"Loyal Customers"
16584.0,"2011-09-20 13:45:00",3,908.03,4,3,3,10,"Loyal Customers"
16624.0,"2011-09-20 12:39:00",2,810.57,4,3,3,10,"Loyal Customers"
18017.0,"2011-09-19 16:15:00",3,523.0,4,3,3,10,"Loyal Customers"
12752.0,"2011-09-19 13:32:00",1,4366.780000000001,4,1,5,10,"New Customers"
12379.0,"2011-09-19 10:09:00",3,850.2899999999998,4,3,3,10,"Loyal Customers"
15947.0,"2011-09-18 10:46:00",1,1708.2399999999998,4,2,4,10,"New Customers"
13563.0,"2011-09-16 14:45:00",2,777.53,4,3,3,10,"Loyal Customers"
16108.0,"2011-09-16 11:51:00",2,816.1000000000003,4,3,3,10,"Loyal Customers"
15205.0,"2011-09-15 19:36:00",3,648.83,4,3,3,10,"Loyal Customers"
18251.0,"2011-09-13 15:03:00",1,4314.72,4,1,5,10,"New Customers"
13850.0,"2011-09-12 18:00:00",2,1586.8100000000002,4,2,4,10,"New Customers"
12635.0,"2011-09-11 11:04:00",2,1689.18,4,2,4,10,"New Customers"
14628.0,"2011-09-09 14:58:00",2,671.96,4,3,3,10,"Loyal Customers"
16309.0,"2011-09-09 12:26:00",3,686.67,4,3,3,10,"Loyal Customers"
13249.0,"2011-09-08 13:26:00",3,711.41,4,3,3,10,"Loyal Customers"
15653.0,"2011-09-08 10:49:00",2,877.4399999999999,4,3,3,10,"Loyal Customers"
12422.0,"2011-09-05 09:48:00",3,803.5599999999998,4,3,3,10,"Loyal Customers"
14463.0,"2011-09-02 15:20:00",3,529.62,4,3,3,10,"Loyal Customers"
15829.0,"2011-09-01 16:45:00",2,636.14,4,3,3,10,"Loyal Customers"
14513.0,"2011-08-31 11:25:00",4,438.4900000000001,4,4,2,10,"Loyal Customers"
16083.0,"2011-08-31 10:47:00",2,1317.6200000000003,4,2,4,10,"New Customers"
16816.0,"2011-08-28 14:16:00",4,417.0600000000001,4,4,2,10,"Loyal Customers"
13489.0,"2011-08-26 13:16:00",4,449.5199999999999,4,4,2,10,"Loyal Customers"
17146.0,"2011-08-26 12:44:00",3,749.7800000000001,4,3,3,10,"Loyal Customers"
12624.0,"2011-08-25 15:04:00",2,641.1299999999999,4,3,3,10,"Loyal Customers"
13000.0,"2011-08-25 10:43:00",3,534.8500000000001,4,3,3,10,"Loyal Customers"
17869.0,"2011-08-24 16:16:00",5,428.1799999999999,4,4,2,10,"Loyal Customers"
14301.0,"2011-08-24 09:04:00",2,632.04,4,3,3,10,"Loyal Customers"
13933.0,"2011-08-22 14:03:00",2,608.79,4,3,3,10,"Loyal Customers"
14013.0,"2011-08-21 15:01:00",3,473.02,4,3,3,10,"Loyal Customers"
14460.0,"2011-08-21 14:19:00",4,383.3399999999999,4,4,2,10,"Loyal Customers"
14566.0,"2011-08-21 11:05:00",1,1432.0,4,2,4,10,"New Customers"
15938.0,"2011-08-19 12:56:00",5,404.58,4,4,2,10,"Loyal Customers"
15232.0,"2011-08-18 16:27:00",2,612.06,4,3,3,10,"Loyal Customers"
12688.0,"2011-08-18 08:49:00",1,4873.810000000004,4,1,5,10,"New Customers"
17398.0,"2011-08-17 09:48:00",3,653.38,4,3,3,10,"Loyal Customers"
14918.0,"2011-08-16 11:50:00",2,1610.1499999999996,4,2,4,10,"New Customers"
16927.0,"2011-08-16 11:10:00",3,543.05,4,3,3,10,"Loyal Customers"
16902.0,"2011-08-15 14:17:00",1,1706.8799999999999,4,2,4,10,"New Customers"
14855.0,"2011-08-12 14:02:00",2,645.65,4,3,3,10,"Loyal Customers"
13888.0,"2011-08-12 10:13:00",2,605.6299999999999,4,3,3,10,"Loyal Customers"
13873.0,"2011-08-12 10:08:00",4,381.70000000000005,4,4,2,10,"Loyal Customers"
13388.0,"2011-08-10 13:35:00",3,627.1500000000001,4,3,3,10,"Loyal Customers"
13280.0,"2011-08-09 13:14:00",3,814.8600000000001,4,3,3,10,"Loyal Customers"
14127.0,"2011-08-09 10:49:00",3,709.7099999999992,4,3,3,10,"Loyal Customers"
13402.0,"2011-08-04 15:51:00",2,621.2299999999997,4,3,3,10,"Loyal Customers"
17353.0,"2011-08-02 17:19:00",2,1740.0,4,2,4,10,"New Customers"
12378.0,"2011-08-02 10:34:00",1,4008.6200000000003,4,1,5,10,"New Customers"
17553.0,"2011-08-02 10:00:00",1,1487.6,4,2,4,10,"New Customers"
12942.0,"2011-07-31 14:39:00",3,683.9,4,3,3,10,"Loyal Customers"
18064.0,"2011-07-29 16:39:00",2,814.0,4,3,3,10,"Loyal Customers"
18151.0,"2011-07-28 11:35:00",2,653.3499999999999,4,3,3,10,"Loyal Customers"
13037.0,"2011-07-24 15:46:00",3,881.07,4,3,3,10,"Loyal Customers"
17312.0,"2011-07-24 11:52:00",3,644.3,4,3,3,10,"Loyal Customers"
12468.0,"2011-07-19 13:42:00",3,724.0400000000002,4,3,3,10,"Loyal Customers"
14958.0,"2011-07-15 14:20:00",3,499.68,4,3,3,10,"Loyal Customers"
17259.0,"2011-07-14 15:01:00",2,603.3699999999998,4,3,3,10,"Loyal Customers"
15402.0,"2011-07-14 12:17:00",2,626.77,4,3,3,10,"Loyal Customers"
12405.0,"2011-07-14 08:52:00",1,1710.3900000000008,4,2,4,10,"New Customers"
18121.0,"2011-07-13 12:53:00",2,673.0999999999999,4,3,3,10,"Loyal Customers"
16998.0,"2011-07-13 09:49:00",6,287.02,4,4,2,10,"Loyal Customers"
14548.0,"2011-07-12 12:19:00",2,652.8,4,3,3,10,"Loyal Customers"
15045.0,"2011-07-11 11:33:00",3,633.6600000000001,4,3,3,10,"Loyal Customers"
15182.0,"2011-07-08 13:37:00",2,622.85,4,3,3,10,"Loyal Customers"
14905.0,"2011-07-08 13:36:00",3,599.9000000000001,4,3,3,10,"Loyal Customers"
14021.0,"2011-07-07 15:46:00",3,631.9,4,3,3,10,"Loyal Customers"
14459.0,"2011-07-07 13:35:00",1,1837.9200000000003,4,2,4,10,"New Customers"
17341.0,"2011-07-06 12:33:00",3,781.3599999999998,4,3,3,10,"Loyal Customers"
16146.0,"2011-07-05 14:20:00",3,734.13,4,3,3,10,"Loyal Customers"
15646.0,"2011-07-05 09:53:00",4,425.14,4,4,2,10,"Loyal Customers"
17105.0,"2011-07-03 15:53:00",2,665.7800000000005,4,3,3,10,"Loyal Customers"
14803.0,"2011-06-30 13:58:00",3,845.5500000000002,4,3,3,10,"Loyal Customers"
12424.0,"2011-06-30 12:06:00",2,1760.9599999999996,4,2,4,10,"New Customers"
14481.0,"2011-06-28 10:38:00",2,636.51,4,3,3,10,"Loyal Customers"
16473.0,"2011-06-28 09:10:00",4,314.85999999999996,4,4,2,10,"Loyal Customers"
17980.0,"2011-06-27 12:01:00",3,811.45,4,3,3,10,"Loyal Customers"
15258.0,"2011-06-24 12:30:00",2,623.16,4,3,3,10,"Loyal Customers"
13856.0,"2011-06-24 10:03:00",5,363.4,4,4,2,10,"Loyal Customers"
13929.0,"2011-06-23 15:26:00",3,802.85,4,3,3,10,"Loyal Customers"
15384.0,"2011-06-23 10:57:00",3,635.7599999999998,4,3,3,10,"Loyal Customers"
14643.0,"2011-06-22 14:41:00",3,668.6100000000001,4,3,3,10,"Loyal Customers"
15700.0,"2011-06-20 16:53:00",3,664.0299999999997,4,3,3,10,"Loyal Customers"
18062.0,"2011-06-19 14:47:00",3,720.5200000000001,4,3,3,10,"Loyal Customers"
13005.0,"2011-06-19 10:53:00",3,468.9500000000001,4,3,3,10,"Loyal Customers"
17616.0,"2011-06-19 10:11:00",3,571.2,4,3,3,10,"Loyal Customers"
13951.0,"2011-06-16 16:43:00",3,674.4499999999998,4,3,3,10,"Loyal Customers"
17179.0,"2011-06-14 16:48:00",3,711.7899999999998,4,3,3,10,"Loyal Customers"
17749.0,"2011-06-14 15:45:00",2,674.5199999999999,4,3,3,10,"Loyal Customers"
15069.0,"2011-06-13 14:16:00",1,1109.5300000000002,5,1,4,10,"New Customers"
17795.0,"2011-06-13 12:36:00",2,350.38999999999976,5,3,2,10,"Loyal Customers"
14823.0,"2011-06-12 13:12:00",3,321.4299999999999,5,3,2,10,"Loyal Customers"
13533.0,"2011-06-10 11:54:00",3,270.79000000000013,5,3,2,10,"Loyal Customers"
16614.0,"2011-06-10 11:36:00",1,506.1900000000001,5,2,3,10,"New Customers"
12802.0,"2011-06-09 09:44:00",2,412.58000000000004,5,3,2,10,"Loyal Customers"
17409.0,"2011-06-08 10:36:00",2,771.8499999999999,5,2,3,10,"New Customers"
16763.0,"2011-06-07 14:24:00",2,594.9000000000001,5,2,3,10,"New Customers"
12891.0,"2011-06-07 12:31:00",3,331.0,5,3,2,10,"Loyal Customers"
13885.0,"2011-06-03 15:07:00",2,506.7999999999999,5,2,3,10,"New Customers"
16230.0,"2011-06-03 10:06:00",2,542.03,5,2,3,10,"New Customers"
15918.0,"2011-06-02 11:42:00",2,334.23000000000013,5,3,2,10,"Loyal Customers"
18190.0,"2011-05-31 14:48:00",3,274.51000000000005,5,3,2,10,"Loyal Customers"
16567.0,"2011-05-29 13:57:00",2,865.5999999999999,5,2,3,10,"New Customers"
12426.0,"2011-05-29 12:26:00",1,582.73,5,2,3,10,"New Customers"
16034.0,"2011-05-27 16:17:00",3,437.7,5,3,2,10,"Loyal Customers"
12999.0,"2011-05-27 13:24:00",3,455.87999999999994,5,3,2,10,"Loyal Customers"
17550.0,"2011-05-26 14:09:00",3,267.16000000000014,5,3,2,10,"Loyal Customers"
16356.0,"2011-05-26 11:51:00",4,210.32,5,4,1,10,"Loyal Customers"
13479.0,"2011-05-25 16:49:00",3,291.00000000000006,5,3,2,10,"Loyal Customers"
13339.0,"2011-05-23 08:31:00",1,860.1199999999998,5,2,3,10,"New Customers"
16226.0,"2011-05-20 14:41:00",3,255.12,5,3,2,10,"Loyal Customers"
13243.0,"2011-05-20 13:14:00",1,600.07,5,2,3,10,"New Customers"
14620.0,"2011-05-19 14:14:00",3,393.28000000000003,5,3,2,10,"Loyal Customers"
14896.0,"2011-05-19 10:20:00",2,468.77,5,2,3,10,"New Customers"
13531.0,"2011-05-18 16:56:00",2,483.80000000000007,5,2,3,10,"New Customers"
16116.0,"2011-05-18 09:23:00",2,592.8799999999999,5,2,3,10,"New Customers"
14320.0,"2011-05-17 09:24:00",3,343.11,5,3,2,10,"Loyal Customers"
15333.0,"2011-05-15 13:27:00",1,1028.56,5,1,4,10,"New Customers"
14873.0,"2011-05-13 13:52:00",1,519.6800000000001,5,2,3,10,"New Customers"
17970.0,"2011-05-12 20:03:00",1,582.5899999999999,5,2,3,10,"New Customers"
18133.0,"2011-05-12 15:19:00",2,715.4999999999999,5,2,3,10,"New Customers"
12976.0,"2011-05-12 09:55:00",1,738.5999999999999,5,2,3,10,"New Customers"
14288.0,"2011-05-11 15:17:00",2,413.85,5,3,2,10,"Loyal Customers"
14149.0,"2011-05-11 12:34:00",3,259.43000000000006,5,3,2,10,"Loyal Customers"
15381.0,"2011-05-10 11:55:00",2,596.8499999999999,5,2,3,10,"New Customers"
18078.0,"2011-05-06 14:32:00",2,336.12999999999994,5,3,2,10,"Loyal Customers"
15759.0,"2011-05-05 15:13:00",3,253.04000000000002,5,3,2,10,"Loyal Customers"
17374.0,"2011-05-05 09:05:00",2,495.76999999999987,5,2,3,10,"New Customers"
17443.0,"2011-05-04 10:47:00",1,534.24,5,2,3,10,"New Customers"
16163.0,"2011-04-28 19:43:00",3,441.6000000000001,5,3,2,10,"Loyal Customers"
15223.0,"2011-04-28 11:31:00",3,454.89999999999986,5,3,2,10,"Loyal Customers"
15891.0,"2011-04-27 12:35:00",1,524.52,5,2,3,10,"New Customers"
12354.0,"2011-04-21 13:11:00",1,1079.4000000000005,5,1,4,10,"New Customers"
15655.0,"2011-04-20 16:28:00",2,511.3199999999998,5,2,3,10,"New Customers"
14672.0,"2011-04-19 10:19:00",2,765.55,5,2,3,10,"New Customers"
15246.0,"2011-04-15 14:45:00",2,514.1500000000001,5,2,3,10,"New Customers"
12639.0,"2011-04-15 12:48:00",1,486.09999999999997,5,2,3,10,"New Customers"
12769.0,"2011-04-15 10:25:00",1,1143.6000000000001,5,1,4,10,"New Customers"
12582.0,"2011-04-15 08:45:00",2,511.36,5,2,3,10,"New Customers"
17142.0,"2011-04-14 18:22:00",1,579.0000000000001,5,2,3,10,"New Customers"
14619.0,"2011-04-14 17:13:00",2,379.51,5,3,2,10,"Loyal Customers"
16957.0,"2011-04-14 13:56:00",2,416.64,5,3,2,10,"Loyal Customers"
15935.0,"2011-04-14 13:27:00",2,416.8600000000001,5,3,2,10,"Loyal Customers"
12982.0,"2011-04-14 10:49:00",2,377.19999999999993,5,3,2,10,"Loyal Customers"
13221.0,"2011-04-13 16:58:00",2,847.41,5,2,3,10,"New Customers"
16552.0,"2011-04-11 10:04:00",2,379.72999999999996,5,3,2,10,"Loyal Customers"
14616.0,"2011-04-11 09:54:00",3,406.08000000000004,5,3,2,10,"Loyal Customers"
12447.0,"2011-04-10 13:25:00",1,476.49,5,2,3,10,"New Customers"
17035.0,"2011-04-08 11:23:00",3,388.33,5,3,2,10,"Loyal Customers"
16010.0,"2011-04-08 10:14:00",3,407.50000000000006,5,3,2,10,"Loyal Customers"
16643.0,"2011-04-08 08:24:00",1,487.50999999999993,5,2,3,10,"New Customers"
17438.0,"2011-04-06 17:16:00",2,378.29999999999995,5,3,2,10,"Loyal Customers"
16378.0,"2011-04-06 15:07:00",3,362.95000000000005,5,3,2,10,"Loyal Customers"
15442.0,"2011-04-05 12:24:00",1,594.0,5,2,3,10,"New Customers"
16142.0,"2011-04-04 10:16:00",1,535.3400000000001,5,2,3,10,"New Customers"
13043.0,"2011-03-31 12:14:00",2,471.56999999999994,5,2,3,10,"New Customers"
15832.0,"2011-03-30 15:29:00",1,836.7900000000001,5,2,3,10,"New Customers"
15424.0,"2011-03-30 13:02:00",2,383.34000000000003,5,3,2,10,"Loyal Customers"
13649.0,"2011-03-28 11:51:00",2,346.6,5,3,2,10,"Loyal Customers"
13357.0,"2011-03-27 13:56:00",1,609.95,5,2,3,10,"New Customers"
16256.0,"2011-03-27 12:14:00",2,732.6300000000001,5,2,3,10,"New Customers"
13452.0,"2011-03-25 14:19:00",2,590.0,5,2,3,10,"New Customers"
16022.0,"2011-03-24 13:16:00",1,628.28,5,2,3,10,"New Customers"
13341.0,"2011-03-24 09:50:00",1,775.8499999999999,5,2,3,10,"New Customers"
16250.0,"2011-03-23 15:07:00",2,389.4400000000001,5,3,2,10,"Loyal Customers"
16135.0,"2011-03-22 12:30:00",1,517.55,5,2,3,10,"New Customers"
13934.0,"2011-03-21 08:39:00",1,922.0999999999998,5,1,4,10,"New Customers"
16716.0,"2011-03-18 10:03:00",3,319.80000000000007,5,3,2,10,"Loyal Customers"
15695.0,"2011-03-18 08:32:00",2,409.98,5,3,2,10,"Loyal Customers"
12514.0,"2011-03-17 16:38:00",1,1017.68,5,1,4,10,"New Customers"
16377.0,"2011-03-17 15:41:00",1,676.2,5,2,3,10,"New Customers"
14114.0,"2011-03-11 09:42:00",2,386.53,5,3,2,10,"Loyal Customers"
14603.0,"2011-03-10 10:27:00",1,660.0,5,2,3,10,"New Customers"
13345.0,"2011-03-08 08:34:00",2,377.59999999999997,5,3,2,10,"Loyal Customers"
14048.0,"2011-03-07 13:49:00",2,375.13000000000005,5,3,2,10,"Loyal Customers"
14670.0,"2011-03-04 14:13:00",2,411.53000000000003,5,3,2,10,"Loyal Customers"
14779.0,"2011-03-04 12:42:00",3,386.1499999999999,5,3,2,10,"Loyal Customers"
13166.0,"2011-03-02 14:28:00",2,414.69999999999993,5,3,2,10,"Loyal Customers"
13497.0,"2011-03-02 09:04:00",3,321.05,5,3,2,10,"Loyal Customers"
12866.0,"2011-03-01 14:11:00",1,559.1200000000001,5,2,3,10,"New Customers"
15456.0,"2011-03-01 13:51:00",3,447.2200000000001,5,3,2,10,"Loyal Customers"
14036.0,"2011-02-28 09:26:00",1,626.65,5,2,3,10,"New Customers"
13753.0,"2011-02-25 12:48:00",1,741.26,5,2,3,10,"New Customers"
16072.0,"2011-02-24 14:32:00",1,584.32,5,2,3,10,"New Customers"
17499.0,"2011-02-23 09:14:00",1,622.8799999999999,5,2,3,10,"New Customers"
15303.0,"2011-02-22 13:59:00",1,574.02,5,2,3,10,"New Customers"
13044.0,"2011-02-21 15:20:00",1,560.4700000000003,5,2,3,10,"New Customers"
12365.0,"2011-02-21 14:04:00",3,320.6899999999999,5,3,2,10,"Loyal Customers"
12707.0,"2011-02-21 08:38:00",1,603.4200000000002,5,2,3,10,"New Customers"
12988.0,"2011-02-20 14:31:00",1,535.3199999999999,5,2,3,10,"New Customers"
16494.0,"2011-02-16 12:49:00",1,826.5299999999997,5,2,3,10,"New Customers"
13893.0,"2011-02-15 11:30:00",1,821.0999999999999,5,2,3,10,"New Customers"
17829.0,"2011-02-14 12:46:00",1,889.2400000000001,5,2,3,10,"New Customers"
14431.0,"2011-02-14 10:56:00",2,397.76000000000005,5,3,2,10,"Loyal Customers"
17334.0,"2011-02-11 16:34:00",3,306.59999999999997,5,3,2,10,"Loyal Customers"
18159.0,"2011-02-11 14:26:00",1,530.1500000000001,5,2,3,10,"New Customers"
18250.0,"2011-02-11 13:59:00",2,342.91999999999996,5,3,2,10,"Loyal Customers"
13672.0,"2011-02-11 13:55:00",6,-71.45999999999998,5,4,1,10,"Loyal Customers"
17358.0,"2011-02-09 16:57:00",2,365.8499999999998,5,3,2,10,"Loyal Customers"
17291.0,"2011-02-04 13:04:00",1,550.8000000000001,5,2,3,10,"New Customers"
13800.0,"2011-02-03 12:27:00",1,558.3199999999998,5,2,3,10,"New Customers"
14411.0,"2011-02-02 10:56:00",1,1062.9999999999998,5,1,4,10,"New Customers"
14496.0,"2011-02-01 09:01:00",2,538.81,5,2,3,10,"New Customers"
13506.0,"2011-01-31 15:27:00",3,452.82,5,3,2,10,"Loyal Customers"
18095.0,"2011-01-31 12:50:00",2,580.05,5,2,3,10,"New Customers"
13615.0,"2011-01-31 11:29:00",2,399.99,5,3,2,10,"Loyal Customers"
15448.0,"2011-01-31 10:42:00",1,494.64000000000004,5,2,3,10,"New Customers"
17239.0,"2011-01-31 09:41:00",2,379.95,5,3,2,10,"Loyal Customers"
15415.0,"2011-01-30 14:13:00",1,572.81,5,2,3,10,"New Customers"
16222.0,"2011-01-25 13:38:00",1,846.7200000000001,5,2,3,10,"New Customers"
15213.0,"2011-01-25 12:25:00",3,325.05,5,3,2,10,"Loyal Customers"
15222.0,"2011-01-25 08:03:00",1,585.0,5,2,3,10,"New Customers"
14130.0,"2011-01-24 16:05:00",1,483.8599999999999,5,2,3,10,"New Customers"
12829.0,"2011-01-21 12:56:00",3,253.05,5,3,2,10,"Loyal Customers"
17890.0,"2011-01-21 11:19:00",2,602.0900000000004,5,2,3,10,"New Customers"
12872.0,"2011-01-17 10:52:00",2,599.9699999999998,5,2,3,10,"New Customers"
13385.0,"2011-01-14 09:52:00",1,534.5699999999999,5,2,3,10,"New Customers"
18085.0,"2011-01-13 15:17:00",2,689.9500000000003,5,2,3,10,"New Customers"
14270.0,"2011-01-12 09:33:00",1,492.65,5,2,3,10,"New Customers"
12793.0,"2011-01-09 12:12:00",2,545.48,5,2,3,10,"New Customers"
12386.0,"2011-01-06 12:37:00",2,401.9,5,3,2,10,"Loyal Customers"
15464.0,"2011-01-05 15:56:00",1,1048.8500000000004,5,1,4,10,"New Customers"
16270.0,"2010-12-21 14:26:00",1,1141.2400000000002,5,1,4,10,"New Customers"
13874.0,"2010-12-16 18:20:00",1,540.4499999999999,5,2,3,10,"New Customers"
15224.0,"2010-12-16 15:02:00",3,310.48,5,3,2,10,"Loyal Customers"
16812.0,"2010-12-14 12:35:00",1,479.34999999999997,5,2,3,10,"New Customers"
13370.0,"2010-12-08 15:57:00",2,721.3200000000003,5,2,3,10,"New Customers"
13270.0,"2010-12-08 14:53:00",1,590.0,5,2,3,10,"New Customers"
16858.0,"2010-12-08 14:52:00",2,345.8900000000001,5,3,2,10,"Loyal Customers"
16718.0,"2010-12-05 13:03:00",1,623.7499999999999,5,2,3,10,"New Customers"
15922.0,"2010-12-02 13:05:00",2,363.6,5,3,2,10,"Loyal Customers"
15165.0,"2010-12-01 14:03:00",1,487.75,5,2,3,10,"New Customers"
14150.0,"2011-11-04 10:05:00",2,658.64,3,3,3,9,"Loyal Customers"
17526.0,"2011-12-08 18:56:00",8,706.7000000000002,1,5,3,9,"At Risk"
14055.0,"2011-08-25 15:04:00",1,725.6400000000001,4,2,3,9,"New Customers"
17189.0,"2011-08-25 19:39:00",2,384.4000000000001,4,3,2,9,"Loyal Customers"
15339.0,"2011-10-04 12:51:00",3,557.5699999999997,3,3,3,9,"Loyal Customers"
13823.0,"2011-11-21 10:22:00",2,957.6600000000003,2,3,4,9,"At Risk"
15074.0,"2011-08-26 14:45:00",1,748.8700000000001,4,2,3,9,"New Customers"
15747.0,"2011-11-27 12:26:00",3,974.0399999999996,2,3,4,9,"At Risk"
16882.0,"2011-10-04 10:42:00",3,705.12,3,3,3,9,"Loyal Customers"
15434.0,"2011-12-01 13:33:00",6,997.4800000000002,1,4,4,9,"At Risk"
17768.0,"2011-12-01 13:22:00",3,2273.1800000000003,1,3,5,9,"At Risk"
18122.0,"2011-12-01 13:08:00",6,1826.2100000000019,1,4,4,9,"At Risk"
14577.0,"2011-11-27 12:47:00",4,859.7100000000006,2,4,3,9,"At Risk"
14754.0,"2011-10-26 12:01:00",2,638.0499999999998,3,3,3,9,"Loyal Customers"
13984.0,"2011-11-13 12:38:00",6,488.0300000000001,2,4,3,9,"At Risk"
14651.0,"2011-10-03 15:52:00",2,654.6000000000001,3,3,3,9,"Loyal Customers"
17298.0,"2011-08-30 16:43:00",2,498.41999999999996,4,2,3,9,"New Customers"
15380.0,"2011-12-01 12:13:00",6,1682.36,1,4,4,9,"At Risk"
15172.0,"2011-12-01 11:51:00",5,1624.0499999999997,1,4,4,9,"At Risk"
16208.0,"2011-10-26 11:36:00",2,664.2600000000001,3,3,3,9,"Loyal Customers"
15009.0,"2011-11-27 13:35:00",3,1261.78,2,3,4,9,"At Risk"
12865.0,"2011-11-13 14:31:00",3,1548.0699999999997,2,3,4,9,"At Risk"
16005.0,"2011-11-27 13:47:00",4,615.3899999999992,2,4,3,9,"At Risk"
16877.0,"2011-11-27 13:47:00",6,853.7199999999997,2,4,3,9,"At Risk"
15787.0,"2011-11-13 14:55:00",3,948.05,2,3,4,9,"At Risk"
14289.0,"2011-12-01 11:44:00",6,911.2599999999998,1,4,4,9,"At Risk"
17411.0,"2011-11-27 14:25:00",4,748.94,2,4,3,9,"At Risk"
15308.0,"2011-03-14 12:24:00",2,302.27000000000004,5,2,2,9,"New Customers"
14350.0,"2011-03-14 12:27:00",2,258.7,5,2,2,9,"New Customers"
14047.0,"2011-12-01 11:43:00",7,1290.01,1,4,4,9,"At Risk"
12689.0,"2011-11-14 08:31:00",2,1247.6099999999994,2,3,4,9,"At Risk"
15164.0,"2011-10-02 12:05:00",3,843.05,3,3,3,9,"Loyal Customers"
12436.0,"2011-09-01 12:09:00",1,509.0100000000001,4,2,3,9,"New Customers"
18211.0,"2011-11-14 08:10:00",5,600.0699999999999,2,4,3,9,"At Risk"
13159.0,"2011-12-01 11:20:00",5,1379.7500000000005,1,4,4,9,"At Risk"
14342.0,"2011-11-18 13:21:00",6,607.71,2,4,3,9,"At Risk"
13121.0,"2011-03-15 16:51:00",2,254.72999999999985,5,2,2,9,"New Customers"
15745.0,"2011-12-01 11:18:00",6,1071.24,1,4,4,9,"At Risk"
16496.0,"2011-12-01 10:31:00",4,1562.2199999999998,1,4,4,9,"At Risk"
17405.0,"2011-12-08 17:12:00",5,967.22,1,4,4,9,"At Risk"
16938.0,"2011-12-01 10:20:00",5,1903.1300000000015,1,4,4,9,"At Risk"
14965.0,"2011-09-04 13:20:00",2,599.0,4,2,3,9,"New Customers"
12694.0,"2011-09-30 13:06:00",2,869.67,3,3,3,9,"Loyal Customers"
13548.0,"2011-09-04 14:50:00",2,682.4100000000001,4,2,3,9,"New Customers"
14719.0,"2011-12-08 12:43:00",6,1592.1800000000003,1,4,4,9,"At Risk"
15563.0,"2011-12-01 09:36:00",7,1319.6900000000005,1,4,4,9,"At Risk"
14164.0,"2011-09-30 12:24:00",2,1631.7700000000002,3,2,4,9,"Needs Attention"
13358.0,"2011-03-16 11:52:00",1,439.03,5,2,2,9,"New Customers"
14389.0,"2011-12-01 09:19:00",5,999.7199999999996,1,4,4,9,"At Risk"
16820.0,"2011-09-05 12:06:00",1,497.61,4,2,3,9,"New Customers"
18130.0,"2011-12-01 08:41:00",4,1045.7400000000002,1,4,4,9,"At Risk"
13092.0,"2011-09-30 11:18:00",6,459.83,3,4,2,9,"Loyal Customers"
12816.0,"2011-09-05 12:41:00",2,572.2,4,2,3,9,"New Customers"
13365.0,"2011-12-01 08:39:00",3,2191.2200000000007,1,3,5,9,"At Risk"
16268.0,"2011-09-29 18:30:00",2,667.65,3,3,3,9,"Loyal Customers"
13310.0,"2011-12-01 08:23:00",6,1083.63,1,4,4,9,"At Risk"
12944.0,"2011-11-04 11:04:00",2,604.51,3,3,3,9,"Loyal Customers"
18196.0,"2011-09-05 16:22:00",2,689.1300000000003,4,2,3,9,"New Customers"
14234.0,"2011-11-17 17:53:00",4,775.4599999999998,2,4,3,9,"At Risk"
15436.0,"2011-11-27 16:05:00",3,1122.5300000000002,2,3,4,9,"At Risk"
15462.0,"2011-09-06 13:11:00",3,234.60000000000002,4,3,2,9,"Loyal Customers"
12461.0,"2011-09-06 16:57:00",2,826.8800000000001,4,2,3,9,"New Customers"
18179.0,"2011-11-30 16:23:00",6,1793.1700000000008,1,4,4,9,"At Risk"
15885.0,"2011-09-08 10:43:00",3,379.35,4,3,2,9,"Loyal Customers"
15809.0,"2011-11-04 12:05:00",6,399.2099999999999,3,4,2,9,"Loyal Customers"
15511.0,"2011-11-28 09:43:00",5,909.2300000000001,2,4,3,9,"At Risk"
16589.0,"2011-09-29 14:50:00",3,459.2399999999999,4,3,2,9,"Loyal Customers"
12945.0,"2011-02-24 14:15:00",1,462.95000000000005,5,2,2,9,"New Customers"
16031.0,"2011-09-08 13:07:00",2,548.9399999999999,4,2,3,9,"New Customers"
13354.0,"2011-09-29 13:17:00",1,743.53,4,2,3,9,"New Customers"
17431.0,"2011-01-30 14:36:00",1,403.30000000000007,5,2,2,9,"New Customers"
15571.0,"2011-11-28 10:02:00",4,650.43,2,4,3,9,"At Risk"
12535.0,"2011-09-09 08:48:00",2,716.35,4,2,3,9,"New Customers"
16723.0,"2011-09-09 13:01:00",2,589.1500000000001,4,2,3,9,"New Customers"
15636.0,"2011-09-11 11:17:00",2,724.76,4,2,3,9,"New Customers"
15030.0,"2011-09-29 10:50:00",2,518.2800000000001,4,2,3,9,"New Customers"
16384.0,"2011-09-11 11:19:00",2,584.5,4,2,3,9,"New Customers"
18192.0,"2011-09-29 09:53:00",1,957.9699999999998,4,1,4,9,"New Customers"
16650.0,"2011-09-29 09:51:00",1,518.4200000000001,4,2,3,9,"New Customers"
12427.0,"2011-11-28 10:48:00",5,708.3700000000002,2,4,3,9,"At Risk"
15793.0,"2011-11-30 15:08:00",4,948.9599999999999,1,4,4,9,"At Risk"
17522.0,"2011-12-08 12:31:00",5,1070.71,1,4,4,9,"At Risk"
17513.0,"2011-09-28 16:42:00",1,513.1999999999999,4,2,3,9,"New Customers"
14698.0,"2011-12-08 12:26:00",5,1250.7600000000014,1,4,4,9,"At Risk"
14212.0,"2011-09-11 12:45:00",1,1070.48,4,1,4,9,"New Customers"
16402.0,"2011-03-20 12:25:00",2,299.59999999999985,5,2,2,9,"New Customers"
15036.0,"2011-09-28 15:42:00",3,465.55,4,3,2,9,"Loyal Customers"
15561.0,"2011-11-28 11:07:00",5,722.74,2,4,3,9,"At Risk"
13321.0,"2011-09-28 15:24:00",2,567.36,4,2,3,9,"New Customers"
12965.0,"2011-09-11 15:31:00",1,771.9100000000002,4,2,3,9,"New Customers"
14875.0,"2011-11-30 14:41:00",5,1448.7200000000003,1,4,4,9,"At Risk"
16141.0,"2011-09-12 13:11:00",1,620.4000000000001,4,2,3,9,"New Customers"
17299.0,"2011-11-28 12:01:00",4,669.11,2,4,3,9,"At Risk"
14600.0,"2011-02-07 09:48:00",1,393.33000000000004,5,2,2,9,"New Customers"
17919.0,"2011-09-12 13:41:00",1,1304.04,4,1,4,9,"New Customers"
15022.0,"2011-11-28 12:35:00",4,905.0399999999995,2,4,3,9,"At Risk"
15712.0,"2011-11-30 14:09:00",5,1072.3600000000001,1,4,4,9,"At Risk"
14500.0,"2011-09-12 16:45:00",3,356.85,4,3,2,9,"Loyal Customers"
18096.0,"2011-11-28 12:44:00",3,911.1500000000001,2,3,4,9,"At Risk"
17019.0,"2011-11-28 13:06:00",4,1272.6100000000015,1,4,4,9,"At Risk"
16744.0,"2011-11-28 13:06:00",7,1304.7599999999989,1,4,4,9,"At Risk"
14753.0,"2011-09-13 14:50:00",1,563.1500000000001,4,2,3,9,"New Customers"
16036.0,"2011-09-13 14:53:00",2,758.9199999999995,4,2,3,9,"New Customers"
17640.0,"2011-09-14 09:13:00",1,621.66,4,2,3,9,"New Customers"
12566.0,"2011-09-28 09:57:00",2,346.7,4,3,2,9,"Loyal Customers"
14442.0,"2011-12-08 11:53:00",5,1544.6199999999997,1,4,4,9,"At Risk"
14963.0,"2011-11-30 12:16:00",5,1487.8000000000015,1,4,4,9,"At Risk"
16062.0,"2011-11-30 12:15:00",4,1153.6199999999994,1,4,4,9,"At Risk"
13647.0,"2011-11-30 12:00:00",5,1670.22,1,4,4,9,"At Risk"
17333.0,"2011-09-15 10:11:00",1,494.2499999999999,4,2,3,9,"New Customers"
13196.0,"2011-11-28 13:54:00",4,1797.78,1,4,4,9,"At Risk"
16048.0,"2011-09-15 10:12:00",3,243.69000000000005,4,3,2,9,"Loyal Customers"
16657.0,"2011-11-30 11:48:00",4,933.6199999999994,1,4,4,9,"At Risk"
12579.0,"2011-09-27 13:57:00",3,410.72,4,3,2,9,"Loyal Customers"
14915.0,"2011-09-15 10:27:00",3,258.83000000000004,4,3,2,9,"Loyal Customers"
13518.0,"2011-09-15 10:29:00",1,659.44,4,2,3,9,"New Customers"
13979.0,"2011-09-27 13:32:00",1,869.8700000000001,4,2,3,9,"New Customers"
14894.0,"2011-09-15 13:51:00",1,655.75,4,2,3,9,"New Customers"
15417.0,"2011-09-15 15:26:00",1,508.8000000000001,4,2,3,9,"New Customers"
14420.0,"2011-09-15 16:57:00",2,385.86999999999995,4,3,2,9,"Loyal Customers"
16295.0,"2011-11-30 08:17:00",4,1328.5500000000004,1,4,4,9,"At Risk"
12513.0,"2011-09-16 12:45:00",2,586.7899999999998,4,2,3,9,"New Customers"
14621.0,"2011-12-08 16:22:00",6,1765.76,1,4,4,9,"At Risk"
17805.0,"2011-09-27 11:49:00",1,512.31,4,2,3,9,"New Customers"
16427.0,"2011-03-21 17:10:00",2,241.06,5,2,2,9,"New Customers"
12798.0,"2011-11-29 15:52:00",3,6977.04,1,3,5,9,"At Risk"
12871.0,"2011-09-16 15:07:00",2,380.64000000000004,4,3,2,9,"Loyal Customers"
16629.0,"2011-09-27 10:34:00",2,417.7299999999999,4,3,2,9,"Loyal Customers"
17480.0,"2011-09-27 10:21:00",2,506.51,4,2,3,9,"New Customers"
18161.0,"2011-11-29 15:38:00",6,1612.7899999999997,1,4,4,9,"At Risk"
17486.0,"2011-03-23 14:00:00",1,396.87,5,2,2,9,"New Customers"
14723.0,"2011-11-29 15:23:00",6,1158.2999999999995,1,4,4,9,"At Risk"
17392.0,"2011-02-06 12:48:00",2,457.90999999999985,5,2,2,9,"New Customers"
15081.0,"2011-11-17 17:08:00",6,487.3499999999998,2,4,3,9,"At Risk"
12564.0,"2011-03-23 14:55:00",1,456.90000000000003,5,2,2,9,"New Customers"
13325.0,"2011-09-19 10:36:00",1,675.3,4,2,3,9,"New Customers"
14824.0,"2011-11-29 14:20:00",4,1127.7100000000003,1,4,4,9,"At Risk"
13434.0,"2011-09-26 14:30:00",2,534.24,4,2,3,9,"New Customers"
12527.0,"2011-09-19 11:55:00",3,348.71000000000004,4,3,2,9,"Loyal Customers"
12497.0,"2011-09-19 12:29:00",1,1043.1,4,1,4,9,"New Customers"
16065.0,"2010-12-09 13:03:00",1,372.0900000000001,5,2,2,9,"New Customers"
15675.0,"2011-09-19 13:48:00",3,323.69000000000005,4,3,2,9,"Loyal Customers"
13639.0,"2011-09-26 13:36:00",1,1033.3400000000001,4,1,4,9,"New Customers"
17674.0,"2011-09-26 13:35:00",2,551.04,4,2,3,9,"New Customers"
15898.0,"2011-12-08 15:23:00",6,1384.6799999999998,1,4,4,9,"At Risk"
13375.0,"2011-09-19 16:01:00",2,772.9,4,2,3,9,"New Customers"
15090.0,"2011-02-04 14:03:00",1,381.32,5,2,2,9,"New Customers"
13516.0,"2011-11-18 13:15:00",3,1389.41,2,3,4,9,"At Risk"
14850.0,"2011-02-01 11:21:00",2,278.15000000000003,5,2,2,9,"New Customers"
12657.0,"2011-11-28 15:47:00",5,1152.0600000000002,1,4,4,9,"At Risk"
16603.0,"2011-09-26 10:06:00",2,482.46999999999997,4,2,3,9,"New Customers"
16211.0,"2011-09-19 16:23:00",2,542.77,4,2,3,9,"New Customers"
13390.0,"2011-09-26 08:38:00",1,544.08,4,2,3,9,"New Customers"
16769.0,"2011-03-24 13:41:00",1,380.38999999999976,5,2,2,9,"New Customers"
14236.0,"2011-09-20 09:13:00",2,490.8599999999999,4,2,3,9,"New Customers"
13356.0,"2011-09-20 14:33:00",1,768.24,4,2,3,9,"New Customers"
17101.0,"2011-11-29 13:57:00",4,1621.73,1,4,4,9,"At Risk"
17226.0,"2011-02-04 11:52:00",1,393.49,5,2,2,9,"New Customers"
14449.0,"2011-11-21 12:06:00",4,907.0999999999995,2,4,3,9,"At Risk"
12390.0,"2011-09-21 09:33:00",1,549.84,4,2,3,9,"New Customers"
12398.0,"2011-10-25 10:27:00",1,1635.6599999999987,3,2,4,9,"Needs Attention"
17415.0,"2011-09-21 12:50:00",1,507.84,4,2,3,9,"New Customers"
12550.0,"2011-09-21 14:35:00",1,964.8299999999995,4,1,4,9,"New Customers"
15433.0,"2011-09-21 16:24:00",3,417.8699999999999,4,3,2,9,"Loyal Customers"
14125.0,"2011-11-29 12:47:00",3,2740.4300000000007,1,3,5,9,"At Risk"
14511.0,"2011-11-28 17:05:00",6,1267.41,1,4,4,9,"At Risk"
16992.0,"2011-11-29 11:50:00",6,1601.86,1,4,4,9,"At Risk"
14348.0,"2011-03-24 16:23:00",1,409.57000000000005,5,2,2,9,"New Customers"
16795.0,"2010-12-09 14:08:00",1,414.88,5,2,2,9,"New Customers"
14419.0,"2011-11-29 11:22:00",6,1058.0599999999993,1,4,4,9,"At Risk"
16688.0,"2011-12-08 15:24:00",4,1260.86,1,4,4,9,"At Risk"
18071.0,"2011-03-27 11:59:00",2,452.99999999999994,5,2,2,9,"New Customers"
16480.0,"2011-09-25 11:40:00",1,769.2899999999996,4,2,3,9,"New Customers"
16689.0,"2011-09-25 11:39:00",3,303.26000000000005,4,3,2,9,"Loyal Customers"
12425.0,"2011-09-22 17:31:00",1,777.2,4,2,3,9,"New Customers"
16023.0,"2011-10-24 16:34:00",3,719.8100000000001,3,3,3,9,"Loyal Customers"
14321.0,"2011-11-29 09:47:00",5,1530.7499999999989,1,4,4,9,"At Risk"
15978.0,"2011-09-23 15:21:00",1,1098.7800000000002,4,1,4,9,"New Customers"
15088.0,"2011-11-18 13:14:00",3,1140.2699999999998,2,3,4,9,"At Risk"
15075.0,"2011-09-23 12:27:00",1,773.03,4,2,3,9,"New Customers"
13336.0,"2011-09-23 14:05:00",1,795.1199999999999,4,2,3,9,"New Customers"
17223.0,"2011-02-02 15:57:00",2,426.7899999999999,5,2,2,9,"New Customers"
14014.0,"2011-09-23 13:18:00",1,505.18000000000006,4,2,3,9,"New Customers"
13429.0,"2011-11-29 09:10:00",4,1006.8000000000001,1,4,4,9,"At Risk"
16781.0,"2010-12-09 15:18:00",2,294.65000000000003,5,2,2,9,"New Customers"
14129.0,"2011-12-08 11:02:00",5,1123.86,1,4,4,9,"At Risk"
18035.0,"2011-11-04 12:39:00",3,730.4000000000001,3,3,3,9,"Loyal Customers"
13167.0,"2011-11-21 12:24:00",4,791.33,2,4,3,9,"At Risk"
15806.0,"2011-10-24 14:35:00",3,784.58,3,3,3,9,"Loyal Customers"
17004.0,"2011-10-24 14:25:00",2,1412.9399999999998,3,2,4,9,"Needs Attention"
12792.0,"2011-03-28 11:36:00",1,400.54,5,2,2,9,"New Customers"
15950.0,"2011-12-08 10:34:00",5,1705.2599999999989,1,4,4,9,"At Risk"
15468.0,"2011-11-04 13:11:00",5,438.46000000000004,3,4,2,9,"Loyal Customers"
14479.0,"2011-03-31 09:07:00",2,316.25,5,2,2,9,"New Customers"
17880.0,"2010-12-10 10:21:00",1,458.91999999999996,5,2,2,9,"New Customers"
15894.0,"2011-03-31 13:50:00",2,263.54999999999995,5,2,2,9,"New Customers"
14412.0,"2011-11-04 13:14:00",3,761.33,3,3,3,9,"Loyal Customers"
17701.0,"2011-04-01 12:25:00",1,417.95000000000005,5,2,2,9,"New Customers"
17580.0,"2011-04-01 12:41:00",3,215.7199999999999,5,3,1,9,"Loyal Customers"
17508.0,"2011-03-04 08:10:00",1,387.30999999999995,5,2,2,9,"New Customers"
15237.0,"2011-12-08 09:46:00",4,1412.320000000001,1,4,4,9,"At Risk"
12852.0,"2011-02-22 14:56:00",2,299.7500000000001,5,2,2,9,"New Customers"
18108.0,"2011-04-05 08:25:00",2,264.65,5,2,2,9,"New Customers"
16586.0,"2011-04-05 09:32:00",1,463.95,5,2,2,9,"New Customers"
15933.0,"2011-11-18 13:14:00",3,1107.4600000000003,2,3,4,9,"At Risk"
17492.0,"2011-04-05 15:21:00",1,374.57000000000005,5,2,2,9,"New Customers"
14747.0,"2011-04-06 10:17:00",2,294.3,5,2,2,9,"New Customers"
17703.0,"2011-11-04 15:51:00",3,798.7399999999999,3,3,3,9,"Loyal Customers"
17140.0,"2011-04-06 13:33:00",1,465.31999999999994,5,2,2,9,"New Customers"
12580.0,"2011-04-07 10:24:00",1,415.69999999999993,5,2,2,9,"New Customers"
17856.0,"2011-12-08 09:40:00",6,1393.7900000000002,1,4,4,9,"At Risk"
13718.0,"2011-04-07 13:24:00",2,306.55,5,2,2,9,"New Customers"
16367.0,"2011-11-02 13:13:00",2,804.4899999999996,3,3,3,9,"Loyal Customers"
13863.0,"2011-04-08 17:03:00",2,299.56,5,2,2,9,"New Customers"
15363.0,"2011-04-12 15:48:00",2,318.04999999999995,5,2,2,9,"New Customers"
15701.0,"2011-12-07 14:39:00",4,1542.1400000000003,1,4,4,9,"At Risk"
15109.0,"2011-04-13 09:53:00",2,463.75000000000006,5,2,2,9,"New Customers"
14592.0,"2011-11-04 16:35:00",3,570.4599999999995,3,3,3,9,"Loyal Customers"
15361.0,"2010-12-13 09:52:00",1,418.92,5,2,2,9,"New Customers"
16768.0,"2011-10-23 10:38:00",5,458.0399999999999,3,4,2,9,"Loyal Customers"
17361.0,"2011-10-21 15:43:00",3,488.2,3,3,3,9,"Loyal Customers"
16762.0,"2011-11-20 11:43:00",3,1501.3799999999999,2,3,4,9,"At Risk"
12873.0,"2011-03-02 14:58:00",1,374.0,5,2,2,9,"New Customers"
15212.0,"2011-04-14 13:12:00",2,88.94999999999999,5,3,1,9,"Loyal Customers"
15230.0,"2011-04-14 14:39:00",2,429.5999999999999,5,2,2,9,"New Customers"
17362.0,"2011-04-14 14:43:00",2,312.22999999999996,5,2,2,9,"New Customers"
16369.0,"2011-11-21 16:25:00",3,1553.6600000000005,2,3,4,9,"At Risk"
17100.0,"2011-11-21 16:36:00",2,971.74,2,3,4,9,"At Risk"
14147.0,"2011-10-21 13:36:00",3,468.4,3,3,3,9,"Loyal Customers"
14206.0,"2011-04-14 16:38:00",2,308.25999999999993,5,2,2,9,"New Customers"
14446.0,"2011-12-09 11:34:00",4,1039.5800000000004,1,4,4,9,"At Risk"
12797.0,"2010-12-14 16:24:00",3,194.18,5,3,1,9,"Loyal Customers"
12462.0,"2011-12-07 14:02:00",4,1124.0100000000004,1,4,4,9,"At Risk"
16947.0,"2011-04-18 09:38:00",1,406.4800000000001,5,2,2,9,"New Customers"
15973.0,"2011-04-18 09:39:00",3,99.77,5,3,1,9,"Loyal Customers"
15478.0,"2011-10-30 14:19:00",2,1441.4199999999998,3,2,4,9,"Needs Attention"
18009.0,"2011-04-18 13:52:00",2,252.23999999999998,5,2,2,9,"New Customers"
15018.0,"2011-11-01 12:47:00",4,456.26,3,4,2,9,"Loyal Customers"
17313.0,"2011-11-22 09:23:00",2,2288.13,2,2,5,9,"Lost"
14326.0,"2011-04-19 11:08:00",2,166.85000000000002,5,3,1,9,"Loyal Customers"
17746.0,"2011-04-19 11:26:00",2,98.8,5,3,1,9,"Loyal Customers"
14242.0,"2011-04-19 11:46:00",2,280.55000000000007,5,2,2,9,"New Customers"
18228.0,"2011-10-20 19:21:00",3,769.2,3,3,3,9,"Loyal Customers"
13617.0,"2011-10-30 13:50:00",3,544.18,3,3,3,9,"Loyal Customers"
15225.0,"2011-04-19 14:51:00",1,409.4,5,2,2,9,"New Customers"
12733.0,"2011-04-19 16:19:00",1,383.95,5,2,2,9,"New Customers"
13485.0,"2011-04-20 13:58:00",1,454.23999999999995,5,2,2,9,"New Customers"
13247.0,"2011-11-22 10:59:00",4,501.12000000000006,2,4,3,9,"At Risk"
13681.0,"2011-11-22 11:13:00",4,827.83,2,4,3,9,"At Risk"
15135.0,"2011-04-20 15:58:00",2,127.15,5,3,1,9,"Loyal Customers"
17420.0,"2011-10-20 14:52:00",3,598.8299999999998,3,3,3,9,"Loyal Customers"
17525.0,"2010-12-15 12:05:00",1,422.70000000000005,5,2,2,9,"New Customers"
17946.0,"2011-04-20 17:00:00",2,149.57999999999998,5,3,1,9,"Loyal Customers"
16834.0,"2011-04-26 09:37:00",1,413.4599999999999,5,2,2,9,"New Customers"
18237.0,"2011-12-07 12:49:00",5,987.0999999999998,1,4,4,9,"At Risk"
14586.0,"2011-04-26 17:32:00",3,134.16000000000003,5,3,1,9,"Loyal Customers"
14022.0,"2011-04-28 14:39:00",1,439.9999999999999,5,2,2,9,"New Customers"
17991.0,"2011-04-28 15:58:00",2,93.35000000000001,5,3,1,9,"Loyal Customers"
15221.0,"2010-12-08 13:08:00",2,114.1,5,3,1,9,"Loyal Customers"
17501.0,"2011-05-03 09:47:00",2,288.59999999999997,5,2,2,9,"New Customers"
15807.0,"2011-10-20 14:10:00",3,903.9000000000003,3,3,3,9,"Loyal Customers"
14034.0,"2011-11-17 14:02:00",4,512.0200000000001,2,4,3,9,"At Risk"
18220.0,"2011-05-04 11:23:00",2,297.78000000000003,5,2,2,9,"New Customers"
16271.0,"2011-12-07 12:45:00",6,1423.2899999999993,1,4,4,9,"At Risk"
15497.0,"2011-11-22 11:51:00",3,1259.7,2,3,4,9,"At Risk"
16099.0,"2011-10-20 13:13:00",3,731.8999999999997,3,3,3,9,"Loyal Customers"
12556.0,"2011-10-20 13:06:00",2,603.7099999999998,3,3,3,9,"Loyal Customers"
16227.0,"2011-05-04 16:27:00",2,308.32000000000005,5,2,2,9,"New Customers"
15865.0,"2011-10-30 12:43:00",3,895.1300000000001,3,3,3,9,"Loyal Customers"
16464.0,"2011-11-20 12:11:00",3,1314.6800000000007,2,3,4,9,"At Risk"
13711.0,"2011-05-05 10:31:00",2,252.06,5,2,2,9,"New Customers"
18149.0,"2011-10-20 12:04:00",3,612.08,3,3,3,9,"Loyal Customers"
13894.0,"2011-11-17 13:35:00",5,535.97,2,4,3,9,"At Risk"
15754.0,"2011-10-20 11:44:00",4,455.67,3,4,2,9,"Loyal Customers"
15136.0,"2011-12-07 12:26:00",5,1282.4500000000003,1,4,4,9,"At Risk"
16546.0,"2011-02-22 11:20:00",3,-95.93000000000012,5,3,1,9,"Loyal Customers"
16706.0,"2011-11-02 13:50:00",3,531.35,3,3,3,9,"Loyal Customers"
13759.0,"2011-11-06 14:47:00",2,659.41,3,3,3,9,"Loyal Customers"
15506.0,"2011-11-17 12:11:00",3,979.2600000000003,2,3,4,9,"At Risk"
17354.0,"2011-10-20 10:34:00",1,1393.0600000000002,3,2,4,9,"Needs Attention"
17042.0,"2011-12-07 12:26:00",5,1044.38,1,4,4,9,"At Risk"
15651.0,"2011-11-03 08:41:00",3,646.3000000000001,3,3,3,9,"Loyal Customers"
17075.0,"2011-11-22 11:58:00",5,813.7700000000002,2,4,3,9,"At Risk"
13566.0,"2011-10-30 11:59:00",2,874.7099999999998,3,3,3,9,"Loyal Customers"
16000.0,"2011-12-07 12:17:00",3,12393.7,1,3,5,9,"At Risk"
16869.0,"2011-11-17 12:02:00",5,805.6199999999995,2,4,3,9,"At Risk"
17548.0,"2011-05-06 10:00:00",3,-141.48000000000002,5,3,1,9,"Loyal Customers"
16319.0,"2011-05-06 11:27:00",1,404.40000000000003,5,2,2,9,"New Customers"
12808.0,"2011-11-03 10:05:00",3,483.65000000000015,3,3,3,9,"Loyal Customers"
17604.0,"2011-05-06 13:43:00",2,309.36,5,2,2,9,"New Customers"
17412.0,"2011-12-07 11:36:00",7,1258.06,1,4,4,9,"At Risk"
16357.0,"2011-11-06 16:04:00",3,658.8800000000001,3,3,3,9,"Loyal Customers"
15092.0,"2011-05-08 14:10:00",2,457.80999999999995,5,2,2,9,"New Customers"
12355.0,"2011-05-09 13:49:00",1,459.4,5,2,2,9,"New Customers"
12357.0,"2011-11-06 16:07:00",1,6207.669999999996,3,1,5,9,"Needs Attention"
13363.0,"2011-11-22 12:40:00",2,992.5000000000001,2,3,4,9,"At Risk"
14657.0,"2011-11-22 12:47:00",5,838.2699999999999,2,4,3,9,"At Risk"
17462.0,"2011-10-19 13:36:00",3,662.9399999999999,3,3,3,9,"Loyal Customers"
14467.0,"2011-11-22 12:48:00",4,598.7599999999999,2,4,3,9,"At Risk"
13882.0,"2011-12-07 11:16:00",6,1131.2800000000004,1,4,4,9,"At Risk"
15880.0,"2010-12-05 13:09:00",2,313.27999999999986,5,2,2,9,"New Customers"
12596.0,"2011-10-19 13:02:00",2,618.2699999999999,3,3,3,9,"Loyal Customers"
18269.0,"2010-12-16 15:39:00",2,138.89999999999998,5,3,1,9,"Loyal Customers"
15051.0,"2011-11-16 15:38:00",3,1391.61,2,3,4,9,"At Risk"
15732.0,"2011-05-11 14:24:00",2,294.12,5,2,2,9,"New Customers"
17691.0,"2010-12-16 17:20:00",2,290.40000000000003,5,2,2,9,"New Customers"
15977.0,"2011-11-22 13:29:00",2,1054.7299999999998,2,3,4,9,"At Risk"
14760.0,"2011-02-18 14:36:00",2,53.8,5,3,1,9,"Loyal Customers"
13235.0,"2011-05-12 09:48:00",2,101.16999999999973,5,3,1,9,"Loyal Customers"
16598.0,"2011-03-07 13:42:00",2,140.7,5,3,1,9,"Loyal Customers"
13849.0,"2011-10-19 10:59:00",2,1537.9499999999998,3,2,4,9,"Needs Attention"
12912.0,"2011-12-07 08:55:00",5,1662.3000000000002,1,4,4,9,"At Risk"
12828.0,"2011-12-07 08:45:00",6,1018.7100000000003,1,4,4,9,"At Risk"
16539.0,"2011-12-07 08:41:00",4,1388.8099999999997,1,4,4,9,"At Risk"
13837.0,"2011-05-12 12:10:00",2,271.24,5,2,2,9,"New Customers"
14708.0,"2011-12-07 08:21:00",4,1096.6699999999998,1,4,4,9,"At Risk"
14489.0,"2011-05-16 14:51:00",1,463.38000000000005,5,2,2,9,"New Customers"
17500.0,"2011-11-22 14:25:00",3,1138.0,2,3,4,9,"At Risk"
16711.0,"2011-12-06 16:32:00",5,1651.0300000000002,1,4,4,9,"At Risk"
12690.0,"2011-05-18 09:09:00",1,389.01,5,2,2,9,"New Customers"
16201.0,"2011-12-06 16:02:00",5,1821.519999999999,1,4,4,9,"At Risk"
18150.0,"2011-11-07 16:49:00",3,566.5799999999999,3,3,3,9,"Loyal Customers"
15279.0,"2010-12-20 10:48:00",2,277.41,5,2,2,9,"New Customers"
13369.0,"2010-12-20 14:02:00",2,263.75000000000006,5,2,2,9,"New Customers"
13939.0,"2011-11-16 13:33:00",4,556.7499999999999,2,4,3,9,"At Risk"
14293.0,"2011-12-06 15:17:00",4,1046.5599999999995,1,4,4,9,"At Risk"
16164.0,"2011-11-22 15:04:00",4,802.5299999999999,2,4,3,9,"At Risk"
16734.0,"2011-10-18 13:44:00",3,650.51,3,3,3,9,"Loyal Customers"
18176.0,"2010-12-21 12:33:00",2,448.65000000000003,5,2,2,9,"New Customers"
13637.0,"2011-10-18 13:32:00",3,810.5,3,3,3,9,"Loyal Customers"
12820.0,"2011-12-06 15:12:00",4,942.3400000000003,1,4,4,9,"At Risk"
17886.0,"2011-11-08 10:09:00",3,899.6099999999998,3,3,3,9,"Loyal Customers"
13940.0,"2011-11-22 15:15:00",4,839.1399999999999,2,4,3,9,"At Risk"
15869.0,"2011-03-07 17:23:00",2,149.64000000000001,5,3,1,9,"Loyal Customers"
15724.0,"2011-05-22 14:40:00",3,212.3,5,3,1,9,"Loyal Customers"
13223.0,"2011-05-23 13:03:00",2,163.20000000000002,5,3,1,9,"Loyal Customers"
16924.0,"2011-11-18 12:53:00",4,739.4999999999999,2,4,3,9,"At Risk"
15814.0,"2011-12-06 15:01:00",6,1842.7300000000005,1,4,4,9,"At Risk"
14216.0,"2011-12-06 14:56:00",4,1839.3,1,4,4,9,"At Risk"
16554.0,"2011-12-06 14:52:00",7,641.5499999999998,1,5,3,9,"At Risk"
13575.0,"2011-11-16 13:14:00",5,732.0699999999998,2,4,3,9,"At Risk"
14985.0,"2011-05-25 14:29:00",2,296.74999999999983,5,2,2,9,"New Customers"
14673.0,"2011-12-06 14:31:00",5,1736.3999999999999,1,4,4,9,"At Risk"
15729.0,"2011-05-25 16:43:00",2,62.0,5,3,1,9,"Loyal Customers"
12515.0,"2010-12-21 15:43:00",1,383.69999999999993,5,2,2,9,"New Customers"
12967.0,"2011-12-06 14:19:00",4,1194.7500000000002,1,4,4,9,"At Risk"
16792.0,"2011-03-02 14:41:00",2,110.38000000000001,5,3,1,9,"Loyal Customers"
14359.0,"2011-11-20 13:17:00",6,882.5800000000002,2,4,3,9,"At Risk"
16571.0,"2011-12-06 14:07:00",5,1285.22,1,4,4,9,"At Risk"
15965.0,"2011-11-22 16:44:00",4,845.6399999999998,2,4,3,9,"At Risk"
16261.0,"2011-11-22 17:23:00",4,746.8299999999999,2,4,3,9,"At Risk"
16275.0,"2011-05-27 12:41:00",1,559.8699999999998,5,1,3,9,"New Customers"
13812.0,"2011-10-28 14:27:00",3,539.0,3,3,3,9,"Loyal Customers"
12565.0,"2011-03-03 11:43:00",2,131.17000000000002,5,3,1,9,"Loyal Customers"
13104.0,"2011-12-06 13:10:00",6,1098.4799999999998,1,4,4,9,"At Risk"
13398.0,"2011-05-31 13:17:00",1,457.3399999999999,5,2,2,9,"New Customers"
16810.0,"2011-05-31 15:32:00",2,275.64,5,2,2,9,"New Customers"
16424.0,"2011-06-01 13:40:00",2,82.56,5,3,1,9,"Loyal Customers"
17481.0,"2011-12-06 12:28:00",5,1249.3400000000006,1,4,4,9,"At Risk"
14790.0,"2011-11-23 09:28:00",4,745.0600000000001,2,4,3,9,"At Risk"
17820.0,"2011-06-01 15:14:00",2,-24.049999999999997,5,3,1,9,"Loyal Customers"
17578.0,"2011-06-02 11:42:00",2,124.73999999999998,5,3,1,9,"Loyal Customers"
16529.0,"2011-06-02 17:23:00",1,455.25000000000006,5,2,2,9,"New Customers"
15823.0,"2011-01-06 12:58:00",2,-840.7600000000001,5,3,1,9,"Loyal Customers"
15157.0,"2011-12-06 11:28:00",5,1869.5000000000007,1,4,4,9,"At Risk"
17708.0,"2011-06-05 10:12:00",2,267.08000000000004,5,2,2,9,"New Customers"
17734.0,"2011-10-17 12:33:00",3,700.63,3,3,3,9,"Loyal Customers"
14682.0,"2011-06-05 12:12:00",2,52.0,5,3,1,9,"Loyal Customers"
14512.0,"2011-06-05 12:39:00",2,275.28000000000003,5,2,2,9,"New Customers"
14553.0,"2011-11-20 13:20:00",5,859.27,2,4,3,9,"At Risk"
16883.0,"2011-06-05 12:51:00",2,276.7299999999999,5,2,2,9,"New Customers"
15573.0,"2011-11-08 11:38:00",2,607.4500000000003,3,3,3,9,"Loyal Customers"
15852.0,"2011-06-06 11:22:00",2,160.71,5,3,1,9,"Loyal Customers"
16469.0,"2011-11-16 12:25:00",4,650.4300000000004,2,4,3,9,"At Risk"
15386.0,"2011-06-06 13:47:00",1,394.14,5,2,2,9,"New Customers"
16611.0,"2011-06-06 15:46:00",2,120.99000000000001,5,3,1,9,"Loyal Customers"
12640.0,"2011-11-16 11:52:00",3,1174.5799999999997,2,3,4,9,"At Risk"
17026.0,"2011-06-07 14:28:00",2,154.82999999999998,5,3,1,9,"Loyal Customers"
17707.0,"2011-06-07 15:03:00",2,152.39999999999998,5,3,1,9,"Loyal Customers"
15584.0,"2011-11-16 10:55:00",5,722.6099999999997,2,4,3,9,"At Risk"
12849.0,"2011-11-08 13:41:00",2,1050.89,2,3,4,9,"At Risk"
17854.0,"2011-06-07 16:21:00",2,311.26,5,2,2,9,"New Customers"
14655.0,"2011-12-06 10:52:00",5,1930.15,1,4,4,9,"At Risk"
16832.0,"2011-06-08 15:36:00",3,199.15,5,3,1,9,"Loyal Customers"
17754.0,"2011-12-09 11:20:00",6,1739.9199999999994,1,4,4,9,"At Risk"
18167.0,"2011-12-06 09:49:00",6,1355.51,1,4,4,9,"At Risk"
13462.0,"2011-06-09 19:53:00",2,143.25,5,3,1,9,"Loyal Customers"
13034.0,"2011-10-16 12:21:00",2,642.77,3,3,3,9,"Loyal Customers"
17515.0,"2011-11-08 14:04:00",4,639.0199999999999,2,4,3,9,"At Risk"
13816.0,"2011-11-16 08:38:00",4,555.0400000000001,2,4,3,9,"At Risk"
15609.0,"2011-06-10 09:55:00",2,270.03000000000003,5,2,2,9,"New Customers"
13867.0,"2011-11-08 15:48:00",3,1015.2900000000002,2,3,4,9,"At Risk"
16892.0,"2011-12-08 13:18:00",7,496.83999999999975,1,5,3,9,"At Risk"
13029.0,"2011-11-09 09:13:00",3,1247.5,2,3,4,9,"At Risk"
16929.0,"2011-12-06 08:37:00",7,1295.3900000000006,1,4,4,9,"At Risk"
15145.0,"2011-12-05 17:21:00",4,1194.7300000000002,1,4,4,9,"At Risk"
16644.0,"2011-06-15 12:39:00",2,833.7800000000002,4,2,3,9,"New Customers"
16205.0,"2011-11-09 09:32:00",4,761.3799999999998,2,4,3,9,"At Risk"
14222.0,"2011-06-15 16:42:00",1,683.17,4,2,3,9,"New Customers"
16276.0,"2011-06-16 09:34:00",1,810.6000000000001,4,2,3,9,"New Customers"
14491.0,"2011-06-17 15:22:00",2,340.92999999999995,4,3,2,9,"Loyal Customers"
16484.0,"2011-06-19 12:06:00",3,379.4000000000001,4,3,2,9,"Loyal Customers"
14608.0,"2011-12-05 16:52:00",4,1785.15,1,4,4,9,"At Risk"
14813.0,"2010-12-05 11:57:00",2,155.42999999999998,5,3,1,9,"Loyal Customers"
12933.0,"2011-11-15 16:38:00",4,606.2799999999995,2,4,3,9,"At Risk"
16079.0,"2011-11-23 12:48:00",3,1352.0,2,3,4,9,"At Risk"
15076.0,"2011-06-20 08:23:00",1,880.8499999999997,4,2,3,9,"New Customers"
16917.0,"2011-03-08 11:55:00",1,391.52,5,2,2,9,"New Customers"
15825.0,"2011-06-20 13:27:00",1,532.9399999999999,4,2,3,9,"New Customers"
14198.0,"2011-12-05 16:34:00",7,663.4999999999999,1,5,3,9,"At Risk"
18160.0,"2011-10-13 15:50:00",2,638.0600000000003,3,3,3,9,"Loyal Customers"
15389.0,"2011-06-20 16:18:00",1,500.0,4,2,3,9,"New Customers"
15507.0,"2011-06-21 11:19:00",1,492.35999999999984,4,2,3,9,"New Customers"
13936.0,"2011-06-21 17:44:00",2,361.28000000000003,4,3,2,9,"Loyal Customers"
17630.0,"2011-06-23 11:58:00",2,503.59999999999997,4,2,3,9,"New Customers"
17704.0,"2011-06-24 09:40:00",2,885.1899999999999,4,2,3,9,"New Customers"
12809.0,"2011-06-24 15:15:00",2,484.35999999999996,4,2,3,9,"New Customers"
13453.0,"2011-06-27 09:34:00",2,356.98,4,3,2,9,"Loyal Customers"
14820.0,"2011-11-18 15:41:00",4,507.2900000000001,2,4,3,9,"At Risk"
12493.0,"2011-06-27 10:17:00",3,416.79,4,3,2,9,"Loyal Customers"
13656.0,"2011-06-28 10:31:00",2,379.6500000000001,4,3,2,9,"Loyal Customers"
14421.0,"2011-10-13 13:24:00",2,813.1100000000001,3,3,3,9,"Loyal Customers"
15679.0,"2011-11-15 16:19:00",4,781.2799999999999,2,4,3,9,"At Risk"
16960.0,"2011-11-01 11:35:00",3,507.05000000000007,3,3,3,9,"Loyal Customers"
17521.0,"2011-11-15 14:00:00",4,721.9599999999998,2,4,3,9,"At Risk"
14921.0,"2011-11-09 13:17:00",2,1316.0700000000004,2,3,4,9,"At Risk"
17138.0,"2011-03-09 11:54:00",1,380.5,5,2,2,9,"New Customers"
13035.0,"2011-10-13 12:23:00",3,886.6300000000001,3,3,3,9,"Loyal Customers"
12725.0,"2010-12-03 15:45:00",1,427.8,5,2,2,9,"New Customers"
16653.0,"2011-11-23 14:51:00",3,1166.9200000000003,2,3,4,9,"At Risk"
12612.0,"2011-10-13 12:12:00",2,643.59,3,3,3,9,"Loyal Customers"
13487.0,"2011-10-13 12:07:00",3,575.4,3,3,3,9,"Loyal Customers"
13300.0,"2011-06-28 11:59:00",2,365.2900000000001,4,3,2,9,"Loyal Customers"
17391.0,"2011-06-29 09:58:00",2,508.8,4,2,3,9,"New Customers"
15483.0,"2011-07-01 13:07:00",4,233.81000000000003,4,4,1,9,"Loyal Customers"
18236.0,"2011-11-10 08:06:00",6,882.24,2,4,3,9,"At Risk"
14815.0,"2011-11-03 11:36:00",2,778.5,3,3,3,9,"Loyal Customers"
18106.0,"2011-01-14 12:23:00",1,430.7,5,2,2,9,"New Customers"
12541.0,"2011-11-10 10:40:00",3,981.1800000000002,2,3,4,9,"At Risk"
17765.0,"2011-07-04 12:41:00",3,371.8799999999999,4,3,2,9,"Loyal Customers"
13200.0,"2011-11-20 15:35:00",4,870.0900000000003,2,4,3,9,"At Risk"
16660.0,"2011-11-23 14:53:00",5,810.45,2,4,3,9,"At Risk"
16084.0,"2011-02-13 16:05:00",1,436.17999999999995,5,2,2,9,"New Customers"
17034.0,"2011-11-23 15:14:00",4,734.57,2,4,3,9,"At Risk"
15349.0,"2011-07-04 16:06:00",2,473.8099999999998,4,2,3,9,"New Customers"
16897.0,"2011-02-13 15:45:00",3,213.03,5,3,1,9,"Loyal Customers"
15533.0,"2011-11-20 15:35:00",5,746.92,2,4,3,9,"At Risk"
13085.0,"2011-07-05 12:11:00",3,272.38,4,3,2,9,"Loyal Customers"
13350.0,"2011-11-23 16:33:00",3,910.7200000000001,2,3,4,9,"At Risk"
16986.0,"2011-11-10 11:55:00",2,1873.2,2,3,4,9,"At Risk"
17046.0,"2011-07-05 14:24:00",1,642.0199999999998,4,2,3,9,"New Customers"
14645.0,"2011-07-06 09:15:00",2,597.0899999999999,4,2,3,9,"New Customers"
15398.0,"2011-11-23 16:47:00",3,1339.6299999999997,2,3,4,9,"At Risk"
13684.0,"2011-02-27 10:25:00",2,64.23000000000002,5,3,1,9,"Loyal Customers"
15334.0,"2011-07-06 11:22:00",3,351.66999999999985,4,3,2,9,"Loyal Customers"
17064.0,"2011-10-12 10:18:00",3,859.3500000000001,3,3,3,9,"Loyal Customers"
12908.0,"2011-10-12 10:11:00",4,246.0,3,4,2,9,"Loyal Customers"
15743.0,"2011-11-23 17:19:00",4,784.4599999999999,2,4,3,9,"At Risk"
13583.0,"2011-07-07 10:40:00",1,781.0299999999997,4,2,3,9,"New Customers"
12421.0,"2011-11-24 09:07:00",5,806.2700000000002,2,4,3,9,"At Risk"
17545.0,"2011-10-27 14:04:00",3,645.9600000000002,3,3,3,9,"Loyal Customers"
14264.0,"2011-07-08 10:20:00",3,319.47,4,3,2,9,"Loyal Customers"
14715.0,"2011-11-15 12:10:00",4,867.3800000000001,2,4,3,9,"At Risk"
13860.0,"2011-12-08 12:57:00",6,1240.0000000000002,1,4,4,9,"At Risk"
18233.0,"2011-01-18 08:44:00",1,440.0,5,2,2,9,"New Customers"
13510.0,"2011-12-08 13:46:00",5,1785.159999999998,1,4,4,9,"At Risk"
18037.0,"2011-07-08 13:39:00",6,70.02000000000001,4,4,1,9,"Loyal Customers"
15621.0,"2011-12-05 14:01:00",6,1158.7700000000002,1,4,4,9,"At Risk"
13338.0,"2011-07-08 14:53:00",3,431.81999999999994,4,3,2,9,"Loyal Customers"
15920.0,"2011-07-08 15:31:00",4,167.49999999999994,4,4,1,9,"Loyal Customers"
13955.0,"2011-07-08 17:19:00",2,322.96,4,3,2,9,"Loyal Customers"
16157.0,"2011-11-24 11:41:00",4,644.24,2,4,3,9,"At Risk"
18024.0,"2011-07-10 12:40:00",3,236.78000000000003,4,3,2,9,"Loyal Customers"
13675.0,"2011-07-11 12:57:00",2,486.82,4,2,3,9,"New Customers"
12381.0,"2011-12-05 12:44:00",6,1803.9600000000007,1,4,4,9,"At Risk"
15577.0,"2011-07-11 17:03:00",3,258.88,4,3,2,9,"Loyal Customers"
14649.0,"2011-12-05 12:30:00",4,1417.2899999999997,1,4,4,9,"At Risk"
15795.0,"2011-07-13 10:43:00",1,610.0099999999999,4,2,3,9,"New Customers"
17459.0,"2011-10-27 13:25:00",2,657.3000000000002,3,3,3,9,"Loyal Customers"
12665.0,"2011-01-19 08:34:00",2,61.75,5,3,1,9,"Loyal Customers"
16682.0,"2011-12-05 12:13:00",5,1027.9999999999998,1,4,4,9,"At Risk"
14497.0,"2011-02-11 15:20:00",2,457.47,5,2,2,9,"New Customers"
16969.0,"2011-10-31 13:12:00",3,650.4100000000003,3,3,3,9,"Loyal Customers"
16136.0,"2011-10-11 09:10:00",3,709.38,3,3,3,9,"Loyal Customers"
12915.0,"2011-07-14 11:34:00",2,363.65,4,3,2,9,"Loyal Customers"
17414.0,"2011-10-27 12:13:00",2,778.0,3,3,3,9,"Loyal Customers"
14891.0,"2011-07-14 18:08:00",2,554.3800000000001,4,2,3,9,"New Customers"
17440.0,"2011-07-15 10:36:00",5,177.1,4,4,1,9,"Loyal Customers"
14529.0,"2011-10-10 15:27:00",3,620.0400000000001,3,3,3,9,"Loyal Customers"
15004.0,"2011-07-15 14:05:00",1,1246.3200000000006,4,1,4,9,"New Customers"
17345.0,"2011-11-24 15:03:00",4,537.7399999999999,2,4,3,9,"At Risk"
16054.0,"2011-07-17 13:08:00",1,783.9000000000002,4,2,3,9,"New Customers"
13821.0,"2011-07-18 09:49:00",2,385.64000000000016,4,3,2,9,"Loyal Customers"
15392.0,"2011-12-05 11:01:00",5,1515.7299999999998,1,4,4,9,"At Risk"
14451.0,"2011-10-10 13:38:00",2,662.59,3,3,3,9,"Loyal Customers"
15713.0,"2011-07-19 13:34:00",3,346.75,4,3,2,9,"Loyal Customers"
13846.0,"2011-11-15 12:07:00",4,847.6100000000004,2,4,3,9,"At Risk"
16112.0,"2011-07-19 14:28:00",4,195.74,4,4,1,9,"Loyal Customers"
14805.0,"2011-11-24 16:20:00",4,554.6500000000001,2,4,3,9,"At Risk"
16385.0,"2011-10-10 13:12:00",3,555.8899999999999,3,3,3,9,"Loyal Customers"
12875.0,"2011-07-19 15:30:00",2,343.2300000000001,4,3,2,9,"Loyal Customers"
14931.0,"2011-12-05 10:19:00",6,964.6800000000001,1,4,4,9,"At Risk"
12521.0,"2011-07-20 10:51:00",1,599.6800000000001,4,2,3,9,"New Customers"
17866.0,"2011-07-20 11:09:00",2,325.7,4,3,2,9,"Loyal Customers"
14400.0,"2011-07-21 18:05:00",2,559.7000000000002,4,2,3,9,"New Customers"
14128.0,"2011-10-10 12:00:00",2,637.5000000000001,3,3,3,9,"Loyal Customers"
16566.0,"2011-11-24 16:34:00",6,614.01,2,4,3,9,"At Risk"
14712.0,"2011-11-10 12:59:00",3,917.07,2,3,4,9,"At Risk"
17516.0,"2011-11-24 16:51:00",5,768.08,2,4,3,9,"At Risk"
18180.0,"2011-12-05 08:39:00",6,1843.7499999999998,1,4,4,9,"At Risk"
12883.0,"2011-11-15 09:32:00",4,703.4700000000001,2,4,3,9,"At Risk"
17265.0,"2011-07-24 10:49:00",2,562.9000000000001,4,2,3,9,"New Customers"
16863.0,"2011-11-10 15:23:00",4,481.35,2,4,3,9,"At Risk"
16948.0,"2011-07-24 12:46:00",3,435.02,4,3,2,9,"Loyal Customers"
14829.0,"2011-11-10 16:16:00",6,644.6499999999999,2,4,3,9,"At Risk"
12724.0,"2011-12-04 16:02:00",4,1031.41,1,4,4,9,"At Risk"
12763.0,"2011-07-24 14:12:00",2,494.0799999999999,4,2,3,9,"New Customers"
16380.0,"2011-10-09 15:40:00",1,1780.5900000000001,3,2,4,9,"Needs Attention"
15422.0,"2011-01-20 16:17:00",2,97.7,5,3,1,9,"Loyal Customers"
16518.0,"2011-10-09 15:04:00",3,480.9200000000002,3,3,3,9,"Loyal Customers"
13730.0,"2011-07-27 08:35:00",2,752.5999999999999,4,2,3,9,"New Customers"
15111.0,"2011-11-10 16:58:00",3,1567.4799999999998,2,3,4,9,"At Risk"
17827.0,"2011-12-04 15:00:00",5,1995.460000000001,1,4,4,9,"At Risk"
17649.0,"2011-07-28 10:50:00",2,861.7400000000001,4,2,3,9,"New Customers"
18135.0,"2011-11-10 19:32:00",5,681.9100000000001,2,4,3,9,"At Risk"
13420.0,"2011-07-28 12:10:00",4,140.35,4,4,1,9,"Loyal Customers"
12453.0,"2011-07-28 14:08:00",1,707.09,4,2,3,9,"New Customers"
14002.0,"2011-07-28 15:55:00",2,529.73,4,2,3,9,"New Customers"
12743.0,"2011-07-28 16:21:00",2,546.4299999999997,4,2,3,9,"New Customers"
16221.0,"2011-11-03 11:43:00",3,864.8600000000002,3,3,3,9,"Loyal Customers"
17931.0,"2011-07-28 18:33:00",2,408.3599999999999,4,3,2,9,"Loyal Customers"
18080.0,"2011-11-21 08:02:00",2,1231.5,2,3,4,9,"At Risk"
17932.0,"2011-11-10 19:49:00",3,1331.5700000000002,2,3,4,9,"At Risk"
16511.0,"2011-11-18 10:41:00",3,950.2599999999999,2,3,4,9,"At Risk"
15149.0,"2011-07-29 10:58:00",1,520.8,4,2,3,9,"New Customers"
13689.0,"2011-10-07 13:21:00",1,910.0,3,2,4,9,"Needs Attention"
17926.0,"2011-07-29 14:39:00",2,397.28999999999996,4,3,2,9,"Loyal Customers"
17695.0,"2011-07-31 10:40:00",2,765.3400000000001,4,2,3,9,"New Customers"
13810.0,"2011-11-11 08:33:00",4,899.51,2,4,3,9,"At Risk"
14885.0,"2011-07-31 12:05:00",1,765.32,4,2,3,9,"New Customers"
12534.0,"2011-08-01 10:26:00",1,1089.1799999999996,4,1,4,9,"New Customers"
15494.0,"2011-11-18 14:51:00",2,1299.2300000000007,2,3,4,9,"At Risk"
13956.0,"2011-12-04 13:20:00",5,1026.4200000000003,1,4,4,9,"At Risk"
17615.0,"2011-08-01 14:06:00",3,329.6,4,3,2,9,"Loyal Customers"
12620.0,"2011-11-25 10:20:00",3,1339.4099999999999,2,3,4,9,"At Risk"
15120.0,"2011-08-02 10:05:00",2,343.82,4,3,2,9,"Loyal Customers"
17015.0,"2011-11-11 10:45:00",3,1842.5600000000004,2,3,4,9,"At Risk"
13075.0,"2011-08-02 10:19:00",1,919.6100000000001,4,1,4,9,"New Customers"
12644.0,"2011-08-02 10:33:00",1,477.90999999999997,4,2,3,9,"New Customers"
14583.0,"2011-12-04 12:32:00",5,1052.5500000000004,1,4,4,9,"At Risk"
17053.0,"2011-08-03 10:55:00",2,496.37999999999994,4,2,3,9,"New Customers"
13835.0,"2011-11-14 15:37:00",4,834.5699999999999,2,4,3,9,"At Risk"
13808.0,"2011-12-04 12:18:00",5,1747.66,1,4,4,9,"At Risk"
12781.0,"2011-11-18 15:45:00",5,707.7200000000001,2,4,3,9,"At Risk"
15322.0,"2011-10-06 20:38:00",2,602.9699999999999,3,3,3,9,"Loyal Customers"
16324.0,"2011-08-03 12:58:00",3,428.6799999999998,4,3,2,9,"Loyal Customers"
12917.0,"2011-08-03 16:42:00",1,594.0,4,2,3,9,"New Customers"
15990.0,"2011-10-26 15:58:00",2,792.11,3,3,3,9,"Loyal Customers"
14636.0,"2011-11-03 16:12:00",2,609.8500000000001,3,3,3,9,"Loyal Customers"
17114.0,"2011-12-04 12:17:00",10,747.2199999999996,1,5,3,9,"At Risk"
14778.0,"2011-08-04 15:23:00",2,730.8599999999999,4,2,3,9,"New Customers"
13248.0,"2011-08-07 12:40:00",2,465.67999999999984,4,2,3,9,"New Customers"
12952.0,"2011-12-04 10:35:00",5,1382.8400000000004,1,4,4,9,"At Risk"
13430.0,"2011-11-21 08:19:00",4,648.6900000000002,2,4,3,9,"At Risk"
16788.0,"2011-08-08 14:53:00",2,597.4799999999998,4,2,3,9,"New Customers"
17076.0,"2011-11-03 17:53:00",3,841.0799999999999,3,3,3,9,"Loyal Customers"
13355.0,"2011-08-09 14:48:00",1,674.7,4,2,3,9,"New Customers"
13217.0,"2011-08-09 15:32:00",5,133.62,4,4,1,9,"Loyal Customers"
17779.0,"2011-11-18 14:15:00",5,642.1699999999998,2,4,3,9,"At Risk"
14024.0,"2011-08-10 11:30:00",2,327.70000000000005,4,3,2,9,"Loyal Customers"
14662.0,"2011-11-11 12:13:00",4,771.1700000000003,2,4,3,9,"At Risk"
16989.0,"2011-12-02 16:39:00",6,1133.25,1,4,4,9,"At Risk"
17351.0,"2011-11-03 18:45:00",3,587.15,3,3,3,9,"Loyal Customers"
13309.0,"2011-12-02 16:34:00",5,1456.7899999999995,1,4,4,9,"At Risk"
13133.0,"2011-03-11 10:31:00",2,109.80000000000001,5,3,1,9,"Loyal Customers"
13868.0,"2011-12-02 16:32:00",2,3192.54,1,3,5,9,"At Risk"
17642.0,"2011-08-12 09:11:00",2,712.2900000000002,4,2,3,9,"New Customers"
13049.0,"2011-10-06 15:31:00",2,656.6800000000002,3,3,3,9,"Loyal Customers"
13116.0,"2011-08-14 14:36:00",2,485.19000000000005,4,2,3,9,"New Customers"
12438.0,"2011-11-25 13:28:00",2,2906.8499999999995,2,2,5,9,"Lost"
17252.0,"2011-08-15 09:45:00",2,353.85999999999984,4,3,2,9,"Loyal Customers"
16103.0,"2011-12-02 14:16:00",6,1429.6399999999999,1,4,4,9,"At Risk"
13799.0,"2011-08-15 12:07:00",2,688.86,4,2,3,9,"New Customers"
17958.0,"2011-08-15 12:19:00",1,508.4599999999999,4,2,3,9,"New Customers"
15480.0,"2011-08-15 14:32:00",1,905.5000000000001,4,2,3,9,"New Customers"
15342.0,"2011-08-15 16:20:00",2,391.75999999999993,4,3,2,9,"Loyal Customers"
14111.0,"2011-11-25 13:44:00",5,688.5999999999999,2,4,3,9,"At Risk"
17554.0,"2011-12-08 14:15:00",5,1952.4499999999998,1,4,4,9,"At Risk"
15315.0,"2011-10-06 12:51:00",3,551.5399999999997,3,3,3,9,"Loyal Customers"
16403.0,"2011-02-10 16:40:00",2,161.04999999999998,5,3,1,9,"Loyal Customers"
16899.0,"2011-12-02 12:03:00",6,1281.56,1,4,4,9,"At Risk"
17742.0,"2011-08-18 15:28:00",2,355.11,4,3,2,9,"Loyal Customers"
17194.0,"2011-03-11 12:05:00",2,262.62,5,2,2,9,"New Customers"
12642.0,"2011-11-14 15:03:00",3,1013.26,2,3,4,9,"At Risk"
17045.0,"2011-08-18 17:09:00",3,339.44,4,3,2,9,"Loyal Customers"
12418.0,"2011-08-19 11:08:00",1,668.5799999999998,4,2,3,9,"New Customers"
13242.0,"2011-08-19 12:53:00",3,270.40000000000003,4,3,2,9,"Loyal Customers"
17029.0,"2011-08-21 11:06:00",2,716.0,4,2,3,9,"New Customers"
13495.0,"2011-12-02 11:21:00",6,1990.1199999999997,1,4,4,9,"At Risk"
16671.0,"2011-11-11 13:40:00",3,1692.2700000000002,2,3,4,9,"At Risk"
16747.0,"2011-11-14 13:37:00",4,826.9600000000002,2,4,3,9,"At Risk"
12363.0,"2011-08-22 10:18:00",2,551.9999999999999,4,2,3,9,"New Customers"
14897.0,"2011-12-02 10:32:00",4,1366.3800000000003,1,4,4,9,"At Risk"
15048.0,"2011-10-05 14:55:00",5,380.5699999999998,3,4,2,9,"Loyal Customers"
14265.0,"2011-08-22 13:32:00",2,530.18,4,2,3,9,"New Customers"
17094.0,"2011-01-25 17:24:00",2,270.2,5,2,2,9,"New Customers"
12364.0,"2011-12-02 10:22:00",4,1313.1000000000001,1,4,4,9,"At Risk"
15531.0,"2011-12-01 18:43:00",2,2007.4399999999994,1,3,5,9,"At Risk"
16405.0,"2011-02-10 15:24:00",2,167.25,5,3,1,9,"Loyal Customers"
12593.0,"2011-08-23 12:43:00",3,418.09999999999997,4,3,2,9,"Loyal Customers"
15244.0,"2011-10-05 13:19:00",2,631.5700000000002,3,3,3,9,"Loyal Customers"
13892.0,"2011-11-13 11:50:00",4,632.9700000000001,2,4,3,9,"At Risk"
17350.0,"2011-12-01 15:47:00",5,1256.19,1,4,4,9,"At Risk"
14710.0,"2011-11-25 14:53:00",4,606.1300000000002,2,4,3,9,"At Risk"
16418.0,"2011-10-26 12:39:00",3,675.2700000000003,3,3,3,9,"Loyal Customers"
13140.0,"2011-08-23 15:33:00",3,423.71999999999997,4,3,2,9,"Loyal Customers"
16169.0,"2011-12-01 15:28:00",4,1822.9700000000005,1,4,4,9,"At Risk"
16536.0,"2011-08-24 13:20:00",2,539.02,4,2,3,9,"New Customers"
15800.0,"2011-08-24 14:23:00",2,699.08,4,2,3,9,"New Customers"
16340.0,"2011-08-24 14:53:00",1,549.0699999999999,4,2,3,9,"New Customers"
16833.0,"2011-12-08 14:39:00",4,1106.5299999999997,1,4,4,9,"At Risk"
15661.0,"2011-01-26 13:56:00",2,309.80000000000007,5,2,2,9,"New Customers"
17134.0,"2011-08-25 09:53:00",2,425.00000000000006,4,3,2,9,"Loyal Customers"
14044.0,"2011-11-13 12:05:00",4,652.8199999999993,2,4,3,9,"At Risk"
13592.0,"2011-11-04 09:49:00",4,247.95999999999998,3,4,2,9,"Loyal Customers"
12591.0,"2011-01-26 14:35:00",1,452.8499999999999,5,2,2,9,"New Customers"
14687.0,"2011-08-25 11:59:00",1,628.38,4,2,3,9,"New Customers"
17812.0,"2011-11-27 11:47:00",4,732.1599999999997,2,4,3,9,"At Risk"
15500.0,"2011-12-01 13:47:00",4,1131.5600000000002,1,4,4,9,"At Risk"
16765.0,"2011-02-18 15:41:00",1,34.0,5,2,1,8,"New Customers"
15087.0,"2011-03-03 10:34:00",1,306.93999999999994,5,1,2,8,"New Customers"
13292.0,"2011-11-01 10:04:00",2,578.9399999999999,3,2,3,8,"Needs Attention"
17733.0,"2011-11-01 08:16:00",2,692.1899999999998,3,2,3,8,"Needs Attention"
16018.0,"2011-10-31 14:13:00",2,408.90000000000003,3,3,2,8,"Loyal Customers"
16560.0,"2011-11-18 17:05:00",3,816.5099999999999,2,3,3,8,"At Risk"
16127.0,"2011-10-31 13:58:00",1,656.25,3,2,3,8,"Needs Attention"
14664.0,"2011-11-20 10:59:00",2,637.8900000000001,2,3,3,8,"At Risk"
17387.0,"2011-11-20 11:00:00",2,784.1099999999999,2,3,3,8,"At Risk"
15919.0,"2011-11-20 11:28:00",2,639.8899999999998,2,3,3,8,"At Risk"
12571.0,"2011-10-31 10:19:00",2,519.6099999999999,3,2,3,8,"Needs Attention"
13607.0,"2011-10-30 16:17:00",1,678.0099999999998,3,2,3,8,"Needs Attention"
12834.0,"2011-03-02 09:49:00",1,312.38,5,1,2,8,"New Customers"
14821.0,"2010-12-08 08:43:00",1,48.800000000000004,5,2,1,8,"New Customers"
14158.0,"2011-10-30 15:08:00",1,507.66,3,2,3,8,"Needs Attention"
16125.0,"2010-12-07 15:48:00",1,289.35,5,1,2,8,"New Customers"
17447.0,"2011-10-30 14:18:00",2,541.53,3,2,3,8,"Needs Attention"
16078.0,"2011-03-01 09:47:00",1,79.2,5,2,1,8,"New Customers"
14179.0,"2011-10-30 12:07:00",2,719.78,3,2,3,8,"Needs Attention"
13278.0,"2011-10-30 11:49:00",1,542.73,3,2,3,8,"Needs Attention"
16212.0,"2011-11-20 13:00:00",3,681.1899999999999,2,3,3,8,"At Risk"
13427.0,"2011-11-20 13:02:00",3,582.6,2,3,3,8,"At Risk"
12895.0,"2011-10-28 13:51:00",3,347.29999999999995,3,3,2,8,"Loyal Customers"
15180.0,"2010-12-07 14:57:00",1,87.5,5,2,1,8,"New Customers"
14716.0,"2011-10-27 17:29:00",2,329.67999999999995,3,3,2,8,"Loyal Customers"
18261.0,"2011-10-27 15:36:00",2,324.24,3,3,2,8,"Loyal Customers"
14474.0,"2011-10-27 12:57:00",2,537.7099999999999,3,2,3,8,"Needs Attention"
13973.0,"2011-02-25 15:21:00",1,264.70000000000005,5,1,2,8,"New Customers"
13416.0,"2011-10-27 08:56:00",2,712.5,3,2,3,8,"Needs Attention"
14379.0,"2011-10-26 16:43:00",2,348.09999999999997,3,3,2,8,"Loyal Customers"
16345.0,"2011-10-26 16:03:00",1,575.4100000000001,3,2,3,8,"Needs Attention"
15821.0,"2011-10-26 15:48:00",2,570.96,3,2,3,8,"Needs Attention"
14690.0,"2011-10-26 15:39:00",3,358.60999999999996,3,3,2,8,"Loyal Customers"
16139.0,"2011-11-21 08:37:00",3,635.41,2,3,3,8,"At Risk"
12349.0,"2011-11-21 09:51:00",1,1757.5500000000002,2,2,4,8,"Lost"
17712.0,"2011-10-26 12:28:00",1,522.91,3,2,3,8,"Needs Attention"
13751.0,"2011-02-24 15:56:00",1,296.25,5,1,2,8,"New Customers"
13601.0,"2011-10-25 17:31:00",2,693.3200000000003,3,2,3,8,"Needs Attention"
18056.0,"2011-02-24 14:27:00",1,363.6499999999999,5,1,2,8,"New Customers"
17664.0,"2011-11-21 11:29:00",2,604.6399999999999,2,3,3,8,"At Risk"
16056.0,"2011-10-25 15:19:00",1,664.8500000000001,3,2,3,8,"Needs Attention"
17917.0,"2011-10-25 13:20:00",3,341.2799999999999,3,3,2,8,"Loyal Customers"
16708.0,"2011-10-25 12:20:00",1,656.6299999999998,3,2,3,8,"Needs Attention"
13176.0,"2011-10-24 15:43:00",1,492.84000000000003,3,2,3,8,"Needs Attention"
15068.0,"2011-10-24 14:47:00",2,553.3599999999998,3,2,3,8,"Needs Attention"
15397.0,"2011-02-23 09:25:00",1,94.0,5,2,1,8,"New Customers"
16138.0,"2010-12-06 15:10:00",1,-7.95,5,2,1,8,"New Customers"
15142.0,"2011-10-24 12:51:00",1,498.73999999999995,3,2,3,8,"Needs Attention"
16491.0,"2011-10-24 10:18:00",1,731.4999999999999,3,2,3,8,"Needs Attention"
12878.0,"2011-11-21 14:30:00",3,841.64,2,3,3,8,"At Risk"
14731.0,"2011-10-23 15:54:00",3,380.0199999999999,3,3,2,8,"Loyal Customers"
15000.0,"2011-10-23 11:42:00",1,490.5199999999999,3,2,3,8,"Needs Attention"
15677.0,"2011-10-21 15:36:00",1,657.23,3,2,3,8,"Needs Attention"
15406.0,"2011-11-21 16:14:00",4,426.61,2,4,2,8,"At Risk"
12403.0,"2011-10-21 11:00:00",2,409.7,3,3,2,8,"Loyal Customers"
16311.0,"2011-11-22 08:54:00",2,616.26,2,3,3,8,"At Risk"
17603.0,"2011-10-20 19:19:00",5,-1165.3,3,4,1,8,"Loyal Customers"
14427.0,"2011-10-20 14:23:00",2,363.3399999999999,3,3,2,8,"Loyal Customers"
16349.0,"2011-02-22 12:40:00",1,53.5,5,2,1,8,"New Customers"
18252.0,"2011-10-20 12:43:00",2,526.6699999999998,3,2,3,8,"Needs Attention"
16593.0,"2011-10-20 12:41:00",3,330.03,3,3,2,8,"Loyal Customers"
14923.0,"2011-10-20 11:51:00",1,749.0999999999999,3,2,3,8,"Needs Attention"
17764.0,"2011-10-20 11:03:00",2,818.8200000000003,3,2,3,8,"Needs Attention"
15664.0,"2011-10-20 10:57:00",2,358.62999999999994,3,3,2,8,"Loyal Customers"
17860.0,"2010-12-06 12:41:00",1,252.79999999999998,5,1,2,8,"New Customers"
18113.0,"2010-12-06 12:31:00",1,76.32000000000001,5,2,1,8,"New Customers"
16260.0,"2011-10-20 09:40:00",1,1035.45,3,1,4,8,"Needs Attention"
16330.0,"2011-11-22 12:24:00",4,242.21,2,4,2,8,"At Risk"
15006.0,"2011-10-19 15:08:00",1,502.08999999999975,3,2,3,8,"Needs Attention"
16073.0,"2011-02-21 12:33:00",2,94.35,5,2,1,8,"New Customers"
15899.0,"2010-12-06 10:36:00",1,56.25,5,2,1,8,"New Customers"
17360.0,"2011-11-22 13:11:00",3,585.7900000000002,2,3,3,8,"At Risk"
17934.0,"2011-10-19 11:16:00",2,704.2500000000001,3,2,3,8,"Needs Attention"
13932.0,"2011-02-18 12:02:00",1,307.4,5,1,2,8,"New Customers"
12863.0,"2011-10-18 14:15:00",2,504.20000000000005,3,2,3,8,"Needs Attention"
12611.0,"2011-10-18 13:12:00",1,1193.32,3,1,4,8,"Needs Attention"
17759.0,"2011-11-22 16:02:00",3,834.9899999999998,2,3,3,8,"At Risk"
16148.0,"2011-02-16 14:01:00",1,76.32000000000001,5,2,1,8,"New Customers"
14015.0,"2011-10-18 10:02:00",1,917.34,3,1,4,8,"Needs Attention"
13919.0,"2011-10-17 15:24:00",3,350.1600000000001,3,3,2,8,"Loyal Customers"
17244.0,"2011-10-17 15:19:00",1,954.9000000000001,3,1,4,8,"Needs Attention"
12794.0,"2011-10-17 14:54:00",2,860.41,3,2,3,8,"Needs Attention"
14020.0,"2011-11-23 09:22:00",2,642.8000000000001,2,3,3,8,"At Risk"
15012.0,"2011-10-17 12:22:00",2,423.03999999999985,3,3,2,8,"Loyal Customers"
17520.0,"2011-10-17 12:04:00",1,546.8099999999998,3,2,3,8,"Needs Attention"
16563.0,"2011-10-17 11:51:00",1,1077.7399999999998,3,1,4,8,"Needs Attention"
15091.0,"2011-10-17 10:47:00",2,476.9599999999999,3,2,3,8,"Needs Attention"
12475.0,"2011-10-17 10:10:00",1,723.3799999999998,3,2,3,8,"Needs Attention"
16020.0,"2011-11-23 11:18:00",3,851.01,2,3,3,8,"At Risk"
13878.0,"2011-10-16 12:19:00",1,1281.5300000000002,3,1,4,8,"Needs Attention"
15440.0,"2011-10-16 12:16:00",3,383.67999999999995,3,3,2,8,"Loyal Customers"
16509.0,"2011-02-16 09:25:00",1,363.7,5,1,2,8,"New Customers"
17892.0,"2011-10-14 16:49:00",3,244.10000000000002,3,3,2,8,"Loyal Customers"
14912.0,"2011-11-23 12:29:00",3,841.5199999999998,2,3,3,8,"At Risk"
16239.0,"2011-10-14 08:29:00",3,372.9,3,3,2,8,"Loyal Customers"
14555.0,"2011-10-13 16:24:00",2,324.14,3,3,2,8,"Loyal Customers"
12631.0,"2011-10-13 13:53:00",1,640.5000000000001,3,2,3,8,"Needs Attention"
16121.0,"2011-10-13 12:59:00",2,867.1100000000001,3,2,3,8,"Needs Attention"
15272.0,"2011-10-13 12:59:00",2,721.9399999999997,3,2,3,8,"Needs Attention"
12446.0,"2011-10-13 12:50:00",1,1002.3099999999998,3,1,4,8,"Needs Attention"
13827.0,"2011-10-13 12:38:00",3,412.04999999999984,3,3,2,8,"Loyal Customers"
16738.0,"2011-02-15 09:46:00",1,3.75,5,2,1,8,"New Customers"
13930.0,"2011-10-13 09:45:00",2,337.34,3,3,2,8,"Loyal Customers"
12667.0,"2011-10-12 17:00:00",1,620.13,3,2,3,8,"Needs Attention"
15236.0,"2011-02-14 10:52:00",1,321.05,5,1,2,8,"New Customers"
13464.0,"2011-10-12 15:01:00",1,674.6799999999998,3,2,3,8,"Needs Attention"
14589.0,"2010-12-03 11:42:00",1,39.75,5,2,1,8,"New Customers"
17190.0,"2011-10-12 11:33:00",3,249.74000000000007,3,3,2,8,"Loyal Customers"
17913.0,"2011-10-12 10:45:00",2,411.5999999999999,3,3,2,8,"Loyal Customers"
13277.0,"2011-11-24 09:21:00",4,258.4,2,4,2,8,"At Risk"
15840.0,"2011-10-12 09:08:00",3,345.65999999999997,3,3,2,8,"Loyal Customers"
17489.0,"2011-10-12 08:56:00",2,376.63999999999993,3,3,2,8,"Loyal Customers"
16885.0,"2011-11-24 13:40:00",3,471.5099999999997,2,3,3,8,"At Risk"
12772.0,"2011-10-11 09:19:00",1,892.4700000000003,3,2,3,8,"Needs Attention"
12943.0,"2011-02-11 15:13:00",1,-3.75,5,2,1,8,"New Customers"
15211.0,"2011-10-10 13:31:00",2,894.41,3,2,3,8,"Needs Attention"
13473.0,"2011-10-10 11:20:00",3,417.54,3,3,2,8,"Loyal Customers"
16668.0,"2011-11-24 17:43:00",6,306.71999999999997,2,4,2,8,"At Risk"
17025.0,"2011-10-10 09:06:00",3,357.77000000000004,3,3,2,8,"Loyal Customers"
15193.0,"2011-10-10 08:23:00",1,499.31999999999994,3,2,3,8,"Needs Attention"
16685.0,"2011-10-09 13:58:00",2,324.24000000000007,3,3,2,8,"Loyal Customers"
13260.0,"2011-10-09 13:21:00",1,557.6200000000001,3,2,3,8,"Needs Attention"
14679.0,"2010-12-03 10:07:00",1,-2.55,5,2,1,8,"New Customers"
12686.0,"2010-12-03 09:51:00",1,89.13999999999999,5,2,1,8,"New Customers"
14029.0,"2011-10-07 14:46:00",2,467.66,3,2,3,8,"Needs Attention"
16354.0,"2011-10-07 14:28:00",2,395.80000000000007,3,3,2,8,"Loyal Customers"
13276.0,"2011-10-07 12:44:00",2,590.93,3,2,3,8,"Needs Attention"
13169.0,"2011-10-07 12:11:00",2,712.88,3,2,3,8,"Needs Attention"
14067.0,"2011-10-07 10:21:00",2,374.69999999999993,3,3,2,8,"Loyal Customers"
12420.0,"2011-10-07 08:55:00",1,600.39,3,2,3,8,"Needs Attention"
12505.0,"2011-02-11 13:39:00",1,-4.5,5,2,1,8,"New Customers"
18194.0,"2011-10-06 19:54:00",2,895.9999999999999,3,2,3,8,"Needs Attention"
14333.0,"2011-10-06 19:25:00",2,351.45,3,3,2,8,"Loyal Customers"
13521.0,"2011-12-08 13:50:00",3,1093.6500000000008,1,3,4,8,"At Risk"
13525.0,"2011-11-25 12:01:00",2,628.78,2,3,3,8,"At Risk"
16909.0,"2011-10-06 18:06:00",2,364.14000000000004,3,3,2,8,"Loyal Customers"
17557.0,"2011-11-25 12:57:00",3,541.46,2,3,3,8,"At Risk"
15300.0,"2011-10-06 17:08:00",1,496.43999999999994,3,2,3,8,"Needs Attention"
13023.0,"2011-10-06 16:27:00",2,689.9,3,2,3,8,"Needs Attention"
14317.0,"2011-10-06 10:44:00",1,508.58000000000004,3,2,3,8,"Needs Attention"
14538.0,"2011-10-06 10:31:00",2,388.2499999999999,3,3,2,8,"Loyal Customers"
15762.0,"2011-10-05 16:15:00",2,583.75,3,2,3,8,"Needs Attention"
14396.0,"2011-10-05 16:09:00",2,487.99,3,2,3,8,"Needs Attention"
17483.0,"2011-10-05 13:10:00",3,414.04,3,3,2,8,"Loyal Customers"
15757.0,"2011-10-05 12:14:00",2,714.4200000000001,3,2,3,8,"Needs Attention"
16374.0,"2011-10-04 15:21:00",2,473.02999999999963,3,2,3,8,"Needs Attention"
17864.0,"2011-11-27 11:15:00",3,597.5000000000002,2,3,3,8,"At Risk"
16425.0,"2011-02-10 14:30:00",1,302.69999999999993,5,1,2,8,"New Customers"
15255.0,"2011-10-04 12:43:00",1,890.8500000000003,3,2,3,8,"Needs Attention"
12561.0,"2011-02-10 11:39:00",1,238.85000000000002,5,1,2,8,"New Customers"
16441.0,"2011-10-03 17:48:00",2,381.2,3,3,2,8,"Loyal Customers"
13706.0,"2011-02-10 09:21:00",1,330.7900000000001,5,1,2,8,"New Customers"
14213.0,"2010-12-03 09:47:00",1,-1192.2,5,2,1,8,"New Customers"
13635.0,"2011-10-03 10:55:00",1,1071.0300000000002,3,1,4,8,"Needs Attention"
14193.0,"2011-10-03 09:34:00",2,853.3900000000001,3,2,3,8,"Needs Attention"
16667.0,"2011-10-02 15:26:00",2,570.1299999999999,3,2,3,8,"Needs Attention"
15579.0,"2011-10-02 12:45:00",2,348.6,3,3,2,8,"Loyal Customers"
16693.0,"2011-10-02 11:10:00",2,482.0099999999999,3,2,3,8,"Needs Attention"
16613.0,"2011-09-30 15:52:00",1,618.59,3,2,3,8,"Needs Attention"
12401.0,"2011-02-09 13:50:00",1,84.3,5,2,1,8,"New Customers"
13546.0,"2011-11-27 14:50:00",3,626.9899999999999,2,3,3,8,"At Risk"
15970.0,"2011-02-09 12:08:00",1,314.1,5,1,2,8,"New Customers"
17572.0,"2011-09-29 17:53:00",4,226.75,3,4,1,8,"Loyal Customers"
15753.0,"2011-02-08 12:41:00",1,79.2,5,2,1,8,"New Customers"
13258.0,"2011-11-28 09:31:00",3,698.58,2,3,3,8,"At Risk"
16574.0,"2011-09-29 13:39:00",1,451.43999999999994,4,2,2,8,"New Customers"
17988.0,"2011-11-28 11:00:00",8,191.17,2,5,1,8,"At Risk"
17783.0,"2011-09-28 16:07:00",2,283.46999999999997,4,2,2,8,"New Customers"
14947.0,"2011-09-28 15:48:00",2,290.82000000000005,4,2,2,8,"New Customers"
17523.0,"2011-11-28 13:20:00",4,652.74,1,4,3,8,"At Risk"
13950.0,"2011-11-28 14:44:00",5,728.5600000000001,1,4,3,8,"At Risk"
14272.0,"2011-09-27 10:08:00",2,437.9600000000001,4,2,2,8,"New Customers"
15154.0,"2011-09-26 16:43:00",2,240.26999999999987,4,2,2,8,"New Customers"
13238.0,"2011-11-28 15:30:00",5,680.8300000000002,1,4,3,8,"At Risk"
16778.0,"2011-09-26 13:48:00",2,245.94,4,2,2,8,"New Customers"
17172.0,"2011-09-26 12:04:00",2,313.26,4,2,2,8,"New Customers"
17929.0,"2011-11-28 16:01:00",5,834.5,1,4,3,8,"At Risk"
16198.0,"2011-09-25 14:58:00",1,400.68100000000004,4,2,2,8,"New Customers"
14757.0,"2011-09-25 14:36:00",1,420.50000000000006,4,2,2,8,"New Customers"
14576.0,"2010-12-02 17:51:00",1,35.400000000000006,5,2,1,8,"New Customers"
16030.0,"2011-02-03 11:28:00",1,331.23999999999995,5,1,2,8,"New Customers"
13787.0,"2011-09-25 12:06:00",2,309.0399999999999,4,2,2,8,"New Customers"
12350.0,"2011-02-02 16:01:00",1,334.40000000000003,5,1,2,8,"New Customers"
15475.0,"2011-09-23 15:20:00",1,454.10999999999996,4,2,2,8,"New Customers"
13467.0,"2011-11-29 10:01:00",2,1083.71,1,3,4,8,"At Risk"
12654.0,"2011-11-29 10:10:00",5,601.98,1,4,3,8,"At Risk"
16236.0,"2011-09-22 14:10:00",1,432.19999999999993,4,2,2,8,"New Customers"
13529.0,"2011-09-22 09:15:00",2,307.76,4,2,2,8,"New Customers"
12604.0,"2011-09-21 14:08:00",2,254.17999999999995,4,2,2,8,"New Customers"
15940.0,"2011-02-01 16:21:00",2,31.799999999999997,5,2,1,8,"New Customers"
15888.0,"2011-09-21 09:44:00",2,141.26999999999998,4,3,1,8,"Loyal Customers"
14549.0,"2011-02-01 13:47:00",1,289.24,5,1,2,8,"New Customers"
12373.0,"2011-02-01 13:10:00",1,364.6,5,1,2,8,"New Customers"
13494.0,"2011-02-01 11:58:00",1,316.26000000000005,5,1,2,8,"New Customers"
13147.0,"2011-11-29 13:59:00",4,712.8000000000001,1,4,3,8,"At Risk"
13211.0,"2011-11-29 14:43:00",3,1197.4199999999998,1,3,4,8,"At Risk"
16080.0,"2011-09-19 10:42:00",3,176.59999999999997,4,3,1,8,"Loyal Customers"
13011.0,"2010-12-02 17:22:00",1,50.550000000000004,5,2,1,8,"New Customers"
15523.0,"2011-09-16 16:29:00",1,412.01,4,2,2,8,"New Customers"
14124.0,"2011-09-16 13:32:00",1,419.58000000000004,4,2,2,8,"New Customers"
15099.0,"2011-09-16 13:13:00",1,410.47999999999996,4,2,2,8,"New Customers"
15297.0,"2011-11-29 16:32:00",4,635.0400000000001,1,4,3,8,"At Risk"
16995.0,"2010-12-02 17:09:00",1,-1.25,5,2,1,8,"New Customers"
12488.0,"2011-11-30 08:50:00",3,1298.6600000000003,1,3,4,8,"At Risk"
14540.0,"2011-11-30 10:15:00",3,996.2599999999998,1,3,4,8,"At Risk"
17898.0,"2011-09-15 14:56:00",2,152.06000000000003,4,3,1,8,"Loyal Customers"
15073.0,"2011-11-30 10:44:00",4,612.4300000000002,1,4,3,8,"At Risk"
13203.0,"2011-11-30 10:45:00",4,869.46,1,4,3,8,"At Risk"
17786.0,"2011-09-15 12:51:00",2,278.74,4,2,2,8,"New Customers"
12630.0,"2011-11-30 10:48:00",2,1270.88,1,3,4,8,"At Risk"
14660.0,"2011-09-14 11:34:00",2,285.74,4,2,2,8,"New Customers"
14893.0,"2011-11-30 12:31:00",2,1237.85,1,3,4,8,"At Risk"
16361.0,"2011-11-30 12:32:00",4,896.66,1,4,3,8,"At Risk"
15654.0,"2011-11-30 13:08:00",2,922.5300000000001,1,3,4,8,"At Risk"
17502.0,"2011-11-30 13:13:00",4,689.0999999999999,1,4,3,8,"At Risk"
14618.0,"2011-11-30 13:45:00",4,538.59,1,4,3,8,"At Risk"
15680.0,"2011-11-30 13:46:00",3,1333.68,1,3,4,8,"At Risk"
15467.0,"2011-11-30 14:17:00",4,511.8800000000001,1,4,3,8,"At Risk"
13372.0,"2011-09-11 12:46:00",1,378.64,4,2,2,8,"New Customers"
14644.0,"2011-11-30 14:58:00",4,780.4599999999999,1,4,3,8,"At Risk"
17547.0,"2010-12-02 14:29:00",1,-11.8,5,2,1,8,"New Customers"
13212.0,"2011-11-30 15:12:00",4,780.5800000000003,1,4,3,8,"At Risk"
17976.0,"2010-12-02 13:49:00",1,353.19,5,1,2,8,"New Customers"
16510.0,"2010-12-02 13:39:00",1,248.1,5,1,2,8,"New Customers"
17727.0,"2011-11-30 15:21:00",2,1042.5500000000002,1,3,4,8,"At Risk"
12592.0,"2011-09-08 15:04:00",2,437.59999999999997,4,2,2,8,"New Customers"
12882.0,"2011-11-30 16:18:00",2,1463.0399999999997,1,3,4,8,"At Risk"
13747.0,"2010-12-01 10:37:00",1,79.6,5,2,1,8,"New Customers"
18222.0,"2011-09-08 10:45:00",1,443.0,4,2,2,8,"New Customers"
13889.0,"2011-09-08 09:13:00",1,416.90000000000003,4,2,2,8,"New Customers"
16828.0,"2011-09-07 15:10:00",2,128.5,4,3,1,8,"Loyal Customers"
16915.0,"2011-11-30 16:39:00",6,621.6800000000001,1,4,3,8,"At Risk"
16101.0,"2011-11-30 16:54:00",3,1245.9599999999996,1,3,4,8,"At Risk"
17339.0,"2011-09-06 13:29:00",2,243.36,4,2,2,8,"New Customers"
13853.0,"2011-12-01 08:12:00",2,1056.9399999999996,1,3,4,8,"At Risk"
15197.0,"2011-12-01 08:14:00",5,656.4399999999997,1,4,3,8,"At Risk"
12572.0,"2011-12-01 09:20:00",3,1004.72,1,3,4,8,"At Risk"
17229.0,"2011-09-04 13:56:00",2,318.76000000000005,4,2,2,8,"New Customers"
16808.0,"2011-09-01 19:34:00",2,288.42,4,2,2,8,"New Customers"
15208.0,"2011-12-08 17:24:00",6,867.6200000000001,1,4,3,8,"At Risk"
13470.0,"2011-09-01 14:57:00",2,165.0,4,3,1,8,"Loyal Customers"
16376.0,"2011-12-01 11:38:00",3,977.5199999999999,1,3,4,8,"At Risk"
16780.0,"2011-08-31 16:09:00",2,425.18999999999994,4,2,2,8,"New Customers"
13466.0,"2011-08-31 15:29:00",2,297.95,4,2,2,8,"New Customers"
17747.0,"2011-08-31 13:29:00",2,64.65,4,3,1,8,"Loyal Customers"
17144.0,"2011-12-08 17:57:00",2,984.57,1,3,4,8,"At Risk"
15156.0,"2011-12-08 18:22:00",3,961.49,1,3,4,8,"At Risk"
15862.0,"2011-12-01 13:28:00",4,832.88,1,4,3,8,"At Risk"
16124.0,"2011-01-27 16:05:00",2,187.15000000000006,5,2,1,8,"New Customers"
13003.0,"2011-08-26 10:50:00",3,149.05,4,3,1,8,"Loyal Customers"
15028.0,"2011-12-01 14:06:00",4,627.13,1,4,3,8,"At Risk"
17014.0,"2011-12-01 14:09:00",4,565.5799999999999,1,4,3,8,"At Risk"
17115.0,"2011-12-01 14:30:00",5,806.8999999999996,1,4,3,8,"At Risk"
17256.0,"2011-08-24 13:30:00",2,240.0,4,2,2,8,"New Customers"
18018.0,"2011-08-23 17:37:00",2,122.14,4,3,1,8,"Loyal Customers"
15948.0,"2011-12-01 15:32:00",2,955.2400000000005,1,3,4,8,"At Risk"
12762.0,"2011-12-02 10:23:00",2,1898.5200000000004,1,3,4,8,"At Risk"
16952.0,"2011-08-22 13:03:00",2,167.61,4,3,1,8,"Loyal Customers"
14248.0,"2011-01-25 14:45:00",1,302.58,5,1,2,8,"New Customers"
14126.0,"2011-12-02 11:45:00",4,643.63,1,4,3,8,"At Risk"
15472.0,"2011-08-18 15:17:00",1,371.5599999999998,4,2,2,8,"New Customers"
12729.0,"2011-08-18 11:40:00",1,453.00999999999993,4,2,2,8,"New Customers"
16759.0,"2011-12-02 12:42:00",4,772.8399999999999,1,4,3,8,"At Risk"
15123.0,"2011-12-02 13:12:00",2,2199.3099999999986,1,2,5,8,"Lost"
13108.0,"2010-12-02 10:35:00",1,350.05999999999995,5,1,2,8,"New Customers"
12695.0,"2011-12-02 13:22:00",4,582.1,1,4,3,8,"At Risk"
13551.0,"2011-01-24 14:46:00",1,91.80000000000001,5,2,1,8,"New Customers"
16272.0,"2011-08-15 10:54:00",1,411.70000000000016,4,2,2,8,"New Customers"
16292.0,"2011-08-14 14:30:00",2,280.90000000000003,4,2,2,8,"New Customers"
14250.0,"2011-12-02 14:30:00",3,1904.05,1,3,4,8,"At Risk"
15689.0,"2011-08-12 09:37:00",2,254.1,4,2,2,8,"New Customers"
17531.0,"2011-08-11 10:19:00",2,293.45,4,2,2,8,"New Customers"
13884.0,"2011-12-02 16:30:00",6,781.3000000000003,1,4,3,8,"At Risk"
12929.0,"2011-08-09 14:30:00",2,105.10000000000002,4,3,1,8,"Loyal Customers"
14068.0,"2011-01-23 16:02:00",1,265.84999999999997,5,1,2,8,"New Customers"
17584.0,"2011-12-02 17:12:00",3,1227.3000000000002,1,3,4,8,"At Risk"
16438.0,"2011-12-04 10:51:00",5,798.3499999999997,1,4,3,8,"At Risk"
13838.0,"2011-12-04 11:00:00",4,691.7299999999999,1,4,3,8,"At Risk"
14053.0,"2011-08-07 14:27:00",2,260.25,4,2,2,8,"New Customers"
13558.0,"2011-12-04 11:24:00",4,605.0599999999996,1,4,3,8,"At Risk"
14331.0,"2011-08-07 13:17:00",2,462.65999999999997,4,2,2,8,"New Customers"
14079.0,"2011-08-07 12:10:00",1,375.09999999999997,4,2,2,8,"New Customers"
17618.0,"2011-12-04 11:50:00",3,971.5799999999999,1,3,4,8,"At Risk"
17267.0,"2011-08-04 17:22:00",2,317.62000000000006,4,2,2,8,"New Customers"
13106.0,"2011-08-03 11:50:00",2,59.5,4,3,1,8,"Loyal Customers"
13077.0,"2011-12-08 19:24:00",4,729.2700000000002,1,4,3,8,"At Risk"
17925.0,"2010-12-02 10:10:00",1,244.08,5,1,2,8,"New Customers"
16387.0,"2011-01-21 11:34:00",1,94.36,5,2,1,8,"New Customers"
13284.0,"2011-01-21 10:25:00",2,196.15,5,2,1,8,"New Customers"
16147.0,"2011-07-29 09:57:00",1,375.0,4,2,2,8,"New Customers"
15639.0,"2011-07-28 14:30:00",1,425.32,4,2,2,8,"New Customers"
17693.0,"2011-07-26 17:12:00",3,187.01999999999998,4,3,1,8,"Loyal Customers"
17040.0,"2011-07-25 10:19:00",1,449.72999999999996,4,2,2,8,"New Customers"
17935.0,"2011-07-24 13:18:00",2,145.79,4,3,1,8,"Loyal Customers"
13008.0,"2011-01-20 14:24:00",2,178.47000000000003,5,2,1,8,"New Customers"
14075.0,"2011-12-05 08:38:00",3,942.2599999999998,1,3,4,8,"At Risk"
18146.0,"2011-07-22 12:08:00",2,160.35000000000002,4,3,1,8,"Loyal Customers"
16866.0,"2011-07-22 10:06:00",3,207.73999999999998,4,3,1,8,"Loyal Customers"
12646.0,"2011-12-05 10:14:00",2,1346.97,1,3,4,8,"At Risk"
16513.0,"2011-12-05 10:18:00",4,874.59,1,4,3,8,"At Risk"
15802.0,"2011-07-20 11:40:00",3,-451.42,4,3,1,8,"Loyal Customers"
12833.0,"2011-07-17 13:46:00",1,417.37999999999994,4,2,2,8,"New Customers"
14759.0,"2011-12-05 12:03:00",3,1625.97,1,3,4,8,"At Risk"
17862.0,"2011-01-20 12:23:00",1,330.90000000000003,5,1,2,8,"New Customers"
17006.0,"2011-12-05 12:09:00",4,781.7800000000001,1,4,3,8,"At Risk"
14090.0,"2011-01-19 10:51:00",1,76.32000000000001,5,2,1,8,"New Customers"
13693.0,"2011-01-18 15:23:00",2,-32.0,5,2,1,8,"New Customers"
14483.0,"2011-07-13 09:45:00",2,129.20000000000002,4,3,1,8,"Loyal Customers"
18193.0,"2011-07-12 10:56:00",3,212.96000000000004,4,3,1,8,"Loyal Customers"
13745.0,"2011-07-11 14:21:00",2,291.54,4,2,2,8,"New Customers"
12628.0,"2011-12-05 13:15:00",4,769.6099999999999,1,4,3,8,"At Risk"
13754.0,"2011-07-11 11:51:00",2,282.59999999999997,4,2,2,8,"New Customers"
12346.0,"2011-01-18 10:17:00",2,0.0,5,2,1,8,"New Customers"
16091.0,"2011-07-08 08:45:00",2,315.06000000000006,4,2,2,8,"New Customers"
16581.0,"2011-07-07 15:50:00",2,70.44,4,3,1,8,"Loyal Customers"
18212.0,"2011-01-17 16:14:00",1,248.41999999999993,5,1,2,8,"New Customers"
15031.0,"2011-12-05 14:19:00",4,668.1400000000001,1,4,3,8,"At Risk"
15889.0,"2011-07-06 11:10:00",2,446.86999999999983,4,2,2,8,"New Customers"
16200.0,"2011-12-05 14:40:00",2,1080.6199999999994,1,3,4,8,"At Risk"
12855.0,"2010-12-02 09:37:00",1,38.1,5,2,1,8,"New Customers"
13833.0,"2011-07-03 13:27:00",1,384.79999999999984,4,2,2,8,"New Customers"
12922.0,"2011-07-01 15:35:00",1,405.38,4,2,2,8,"New Customers"
16498.0,"2011-07-01 15:07:00",3,86.12,4,3,1,8,"Loyal Customers"
17732.0,"2010-12-02 09:29:00",1,303.97,5,1,2,8,"New Customers"
15550.0,"2011-12-05 15:38:00",4,575.63,1,4,3,8,"At Risk"
17900.0,"2011-06-28 12:09:00",4,14.999999999999993,4,3,1,8,"Loyal Customers"
12994.0,"2011-12-05 15:43:00",5,902.2200000000001,1,4,3,8,"At Risk"
15344.0,"2011-12-09 10:45:00",5,476.58000000000004,1,4,3,8,"At Risk"
15976.0,"2011-06-27 13:00:00",2,430.9399999999997,4,2,2,8,"New Customers"
12985.0,"2011-12-09 10:46:00",3,1215.6200000000001,1,3,4,8,"At Risk"
15510.0,"2011-01-13 12:10:00",1,250.0,5,1,2,8,"New Customers"
16600.0,"2011-12-05 16:00:00",6,813.52,1,4,3,8,"At Risk"
14656.0,"2011-06-23 13:51:00",2,291.04999999999995,4,2,2,8,"New Customers"
14998.0,"2011-06-22 17:30:00",2,429.86999999999995,4,2,2,8,"New Customers"
16739.0,"2011-06-20 17:15:00",2,312.55,4,2,2,8,"New Customers"
17569.0,"2011-01-11 14:15:00",1,344.13999999999993,5,1,2,8,"New Customers"
13343.0,"2011-06-20 11:37:00",2,303.93000000000006,4,2,2,8,"New Customers"
15346.0,"2011-01-11 11:18:00",1,252.42,5,1,2,8,"New Customers"
14162.0,"2011-06-19 11:36:00",2,289.35999999999996,4,2,2,8,"New Customers"
16805.0,"2011-06-19 11:23:00",2,460.5899999999998,4,2,2,8,"New Customers"
14629.0,"2011-12-05 16:55:00",3,939.2100000000006,1,3,4,8,"At Risk"
14037.0,"2011-06-16 13:57:00",2,147.2,4,3,1,8,"Loyal Customers"
17446.0,"2011-06-16 10:42:00",2,120.90000000000002,4,3,1,8,"Loyal Customers"
15585.0,"2011-06-16 08:38:00",1,455.29999999999995,4,2,2,8,"New Customers"
15326.0,"2011-01-10 11:38:00",1,311.71000000000004,5,1,2,8,"New Customers"
16850.0,"2011-01-10 11:09:00",1,332.40999999999997,5,1,2,8,"New Customers"
15912.0,"2011-06-14 14:29:00",2,264.62,4,2,2,8,"New Customers"
12716.0,"2011-12-06 08:55:00",2,1053.49,1,3,4,8,"At Risk"
13080.0,"2011-06-13 14:59:00",1,58.080000000000005,5,2,1,8,"New Customers"
18032.0,"2011-01-09 15:32:00",1,73.5,5,2,1,8,"New Customers"
12732.0,"2011-06-13 11:33:00",1,236.26000000000005,5,1,2,8,"New Customers"
14140.0,"2011-12-06 09:05:00",3,920.0499999999997,1,3,4,8,"At Risk"
14142.0,"2010-12-01 16:33:00",1,311.81000000000006,5,1,2,8,"New Customers"
18281.0,"2011-06-12 10:53:00",1,80.82,5,2,1,8,"New Customers"
13686.0,"2011-06-10 09:10:00",1,72.0,5,2,1,8,"New Customers"
14737.0,"2011-12-06 10:16:00",3,1164.55,1,3,4,8,"At Risk"
14622.0,"2011-06-08 12:42:00",1,320.58000000000004,5,1,2,8,"New Customers"
12489.0,"2011-01-07 13:13:00",1,334.93,5,1,2,8,"New Customers"
12723.0,"2011-12-06 10:19:00",5,725.0699999999999,1,4,3,8,"At Risk"
13395.0,"2011-06-07 15:04:00",1,307.71999999999997,5,1,2,8,"New Customers"
17124.0,"2011-06-07 14:02:00",1,298.89000000000004,5,1,2,8,"New Customers"
14375.0,"2011-06-07 13:44:00",1,257.67999999999995,5,1,2,8,"New Customers"
13187.0,"2011-01-06 18:57:00",1,236.01999999999998,5,1,2,8,"New Customers"
16015.0,"2011-12-06 10:58:00",4,690.5399999999995,1,4,3,8,"At Risk"
13682.0,"2011-06-05 14:06:00",1,59.5,5,2,1,8,"New Customers"
16659.0,"2011-06-03 15:03:00",1,39.12,5,2,1,8,"New Customers"
15405.0,"2011-06-03 14:44:00",1,349.09999999999997,5,1,2,8,"New Customers"
16967.0,"2011-06-03 14:24:00",1,319.0199999999999,5,1,2,8,"New Customers"
16274.0,"2010-12-01 15:35:00",1,357.94999999999993,5,1,2,8,"New Customers"
17884.0,"2011-12-06 11:33:00",4,717.4499999999996,1,4,3,8,"At Risk"
14418.0,"2011-12-06 11:39:00",3,1937.2500000000002,1,3,4,8,"At Risk"
13062.0,"2011-06-01 15:12:00",1,346.98,5,1,2,8,"New Customers"
15907.0,"2011-12-06 12:21:00",3,967.4499999999999,1,3,4,8,"At Risk"
12790.0,"2011-05-31 14:14:00",1,324.9200000000001,5,1,2,8,"New Customers"
17051.0,"2011-05-29 14:13:00",1,247.14,5,1,2,8,"New Customers"
15897.0,"2011-05-29 13:50:00",2,222.05000000000004,5,2,1,8,"New Customers"
13304.0,"2010-12-23 14:35:00",1,300.41999999999996,5,1,2,8,"New Customers"
14871.0,"2011-12-06 13:42:00",4,522.3799999999997,1,4,3,8,"At Risk"
14816.0,"2011-05-26 13:16:00",1,271.84999999999997,5,1,2,8,"New Customers"
12547.0,"2011-05-26 12:38:00",2,207.79999999999998,5,2,1,8,"New Customers"
15314.0,"2011-05-24 14:39:00",1,327.96999999999997,5,1,2,8,"New Customers"
13737.0,"2011-05-23 16:32:00",1,339.59999999999985,5,1,2,8,"New Customers"
17715.0,"2011-05-23 12:32:00",1,326.4,5,1,2,8,"New Customers"
12680.0,"2011-12-09 12:50:00",4,862.8100000000001,1,4,3,8,"At Risk"
14647.0,"2011-05-22 13:40:00",1,243.22,5,1,2,8,"New Customers"
17176.0,"2011-05-22 12:41:00",1,306.13,5,1,2,8,"New Customers"
13227.0,"2011-05-22 11:47:00",1,257.7,5,1,2,8,"New Customers"
18048.0,"2011-05-20 14:58:00",2,172.29000000000002,5,2,1,8,"New Customers"
13391.0,"2011-05-20 10:50:00",1,59.8,5,2,1,8,"New Customers"
12353.0,"2011-05-19 17:47:00",1,89.0,5,2,1,8,"New Customers"
13887.0,"2011-05-19 17:22:00",1,349.54999999999995,5,1,2,8,"New Customers"
13762.0,"2011-05-19 15:23:00",2,4.263256414560601e-14,5,2,1,8,"New Customers"
12897.0,"2011-05-19 12:13:00",2,216.5,5,2,1,8,"New Customers"
13976.0,"2011-05-17 09:13:00",1,357.98,5,1,2,8,"New Customers"
14888.0,"2011-05-16 14:58:00",1,369.2,5,1,2,8,"New Customers"
13323.0,"2011-12-06 17:12:00",5,787.85,1,4,3,8,"At Risk"
17263.0,"2011-05-15 14:32:00",1,63.44000000000001,5,2,1,8,"New Customers"
17883.0,"2011-12-06 17:49:00",4,671.7699999999998,1,4,3,8,"At Risk"
15204.0,"2010-12-17 13:49:00",1,316.58000000000004,5,1,2,8,"New Customers"
14988.0,"2011-05-12 12:05:00",1,334.5400000000001,5,1,2,8,"New Customers"
17889.0,"2011-05-11 16:26:00",2,203.86999999999998,5,2,1,8,"New Customers"
13052.0,"2011-05-11 14:12:00",1,348.15000000000003,5,1,2,8,"New Customers"
14373.0,"2010-12-16 15:40:00",1,76.55,5,2,1,8,"New Customers"
14141.0,"2011-12-07 09:53:00",6,879.0300000000001,1,4,3,8,"At Risk"
13990.0,"2011-05-10 15:19:00",1,311.3,5,1,2,8,"New Customers"
14910.0,"2011-12-07 10:06:00",7,389.86,1,5,2,8,"At Risk"
15063.0,"2011-05-10 13:25:00",1,370.79999999999995,5,1,2,8,"New Customers"
15969.0,"2011-12-07 11:06:00",4,582.8999999999999,1,4,3,8,"At Risk"
12821.0,"2011-05-09 15:51:00",1,92.72,5,2,1,8,"New Customers"
16756.0,"2011-05-09 09:33:00",1,239.40000000000003,5,1,2,8,"New Customers"
14353.0,"2011-05-08 16:06:00",1,90.6,5,2,1,8,"New Customers"
13642.0,"2011-05-08 12:34:00",1,354.7999999999999,5,1,2,8,"New Customers"
15552.0,"2011-05-06 14:47:00",1,90.12000000000002,5,2,1,8,"New Customers"
18227.0,"2011-05-06 12:23:00",1,93.75,5,2,1,8,"New Customers"
17174.0,"2011-05-06 11:47:00",1,59.9,5,2,1,8,"New Customers"
15668.0,"2011-05-06 10:39:00",1,76.32000000000001,5,2,1,8,"New Customers"
14393.0,"2011-05-05 18:16:00",1,67.94999999999999,5,2,1,8,"New Customers"
14697.0,"2011-05-05 15:39:00",2,188.61000000000004,5,2,1,8,"New Customers"
15789.0,"2010-12-16 14:35:00",1,351.3,5,1,2,8,"New Customers"
14423.0,"2011-05-05 15:12:00",1,265.2,5,1,2,8,"New Customers"
13109.0,"2011-12-07 12:38:00",5,766.8400000000001,1,4,3,8,"At Risk"
17496.0,"2010-12-16 08:39:00",1,271.05,5,1,2,8,"New Customers"
16610.0,"2011-05-04 13:13:00",1,75.66,5,2,1,8,"New Customers"
16634.0,"2011-05-01 12:09:00",2,217.9,5,2,1,8,"New Customers"
14304.0,"2011-05-01 11:50:00",2,197.10000000000002,5,2,1,8,"New Customers"
14311.0,"2011-04-28 19:49:00",2,229.71000000000004,5,2,1,8,"New Customers"
17752.0,"2010-12-15 16:19:00",1,80.64,5,2,1,8,"New Customers"
15210.0,"2011-04-28 16:11:00",1,331.18,5,1,2,8,"New Customers"
15143.0,"2011-04-28 12:03:00",1,259.45,5,1,2,8,"New Customers"
18050.0,"2010-12-15 14:25:00",1,74.4,5,2,1,8,"New Customers"
16823.0,"2011-04-26 15:00:00",1,358.38,5,1,2,8,"New Customers"
17590.0,"2011-12-07 12:55:00",3,1479.2199999999996,1,3,4,8,"At Risk"
17551.0,"2010-12-15 14:12:00",1,306.84000000000003,5,1,2,8,"New Customers"
12506.0,"2011-04-21 08:54:00",1,73.50000000000001,5,2,1,8,"New Customers"
17120.0,"2011-04-20 15:21:00",1,307.46000000000004,5,1,2,8,"New Customers"
15517.0,"2011-04-20 14:02:00",1,267.03,5,1,2,8,"New Customers"
14904.0,"2011-12-07 12:55:00",2,1025.4399999999998,1,3,4,8,"At Risk"
13295.0,"2010-12-15 11:21:00",2,197.95,5,2,1,8,"New Customers"
12950.0,"2011-12-07 13:17:00",3,1843.0,1,3,4,8,"At Risk"
17697.0,"2011-04-17 15:40:00",1,338.95000000000005,5,1,2,8,"New Customers"
16193.0,"2011-04-17 11:45:00",1,314.44999999999993,5,1,2,8,"New Customers"
14729.0,"2010-12-01 12:43:00",1,313.49,5,1,2,8,"New Customers"
13120.0,"2011-04-15 10:19:00",1,30.599999999999998,5,2,1,8,"New Customers"
16202.0,"2010-12-14 10:43:00",1,365.27,5,1,2,8,"New Customers"
15139.0,"2011-04-14 11:39:00",2,178.96000000000004,5,2,1,8,"New Customers"
17303.0,"2010-12-13 13:32:00",1,250.03999999999994,5,1,2,8,"New Customers"
13740.0,"2011-04-13 10:32:00",1,350.74999999999994,5,1,2,8,"New Customers"
13484.0,"2011-04-12 16:30:00",1,313.79999999999995,5,1,2,8,"New Customers"
17278.0,"2011-04-12 13:10:00",1,246.04000000000002,5,1,2,8,"New Customers"
15525.0,"2011-12-07 15:39:00",4,811.0200000000003,1,4,3,8,"At Risk"
13570.0,"2011-04-10 13:36:00",1,239.49000000000004,5,1,2,8,"New Customers"
17251.0,"2010-12-12 11:06:00",1,283.28,5,1,2,8,"New Customers"
14924.0,"2011-04-08 09:25:00",1,310.05,5,1,2,8,"New Customers"
15119.0,"2011-04-08 09:08:00",1,266.4,5,1,2,8,"New Customers"
17906.0,"2011-04-06 17:25:00",1,72.9,5,2,1,8,"New Customers"
16727.0,"2010-12-10 13:48:00",1,272.82,5,1,2,8,"New Customers"
16105.0,"2011-04-05 10:13:00",1,336.96,5,1,2,8,"New Customers"
17956.0,"2011-04-04 13:47:00",1,12.75,5,2,1,8,"New Customers"
18185.0,"2011-04-04 13:42:00",1,304.25,5,1,2,8,"New Customers"
16162.0,"2011-04-01 15:03:00",1,37.4,5,2,1,8,"New Customers"
13841.0,"2011-04-01 12:10:00",1,85.0,5,2,1,8,"New Customers"
13626.0,"2011-04-01 10:05:00",1,257.2300000000001,5,1,2,8,"New Customers"
14886.0,"2011-04-01 08:56:00",1,364.80000000000007,5,1,2,8,"New Customers"
14957.0,"2011-03-31 17:59:00",1,58.48999999999999,5,2,1,8,"New Customers"
16619.0,"2011-03-31 12:20:00",2,204.40999999999997,5,2,1,8,"New Customers"
13060.0,"2011-03-31 11:37:00",1,307.53,5,1,2,8,"New Customers"
12605.0,"2010-12-09 15:41:00",1,-7.5,5,2,1,8,"New Customers"
12358.0,"2011-12-08 10:26:00",2,1168.06,1,3,4,8,"At Risk"
17775.0,"2011-03-30 10:50:00",1,56.4,5,2,1,8,"New Customers"
13439.0,"2011-03-29 14:20:00",1,283.71000000000004,5,1,2,8,"New Customers"
13803.0,"2011-03-29 12:57:00",1,277.07,5,1,2,8,"New Customers"
15083.0,"2011-03-28 12:18:00",1,88.2,5,2,1,8,"New Customers"
17456.0,"2010-12-09 15:23:00",1,249.85999999999996,5,1,2,8,"New Customers"
15178.0,"2011-03-24 15:12:00",1,40.5,5,2,1,8,"New Customers"
16063.0,"2011-03-24 14:56:00",1,335.3200000000001,5,1,2,8,"New Customers"
17978.0,"2010-12-09 14:05:00",1,300.91999999999996,5,1,2,8,"New Customers"
13512.0,"2011-03-24 10:03:00",1,251.20999999999998,5,1,2,8,"New Customers"
16891.0,"2011-12-08 11:15:00",5,809.7000000000004,1,4,3,8,"At Risk"
13132.0,"2011-03-23 12:44:00",1,77.3,5,2,1,8,"New Customers"
14870.0,"2011-03-23 10:51:00",1,327.25,5,1,2,8,"New Customers"
13239.0,"2011-03-23 10:25:00",1,329.56,5,1,2,8,"New Customers"
17102.0,"2011-03-23 10:08:00",1,25.5,5,2,1,8,"New Customers"
16721.0,"2011-03-22 16:08:00",1,292.46999999999997,5,1,2,8,"New Customers"
15457.0,"2011-03-22 15:31:00",1,237.07000000000002,5,1,2,8,"New Customers"
17763.0,"2011-03-21 14:25:00",1,15.0,5,2,1,8,"New Customers"
17678.0,"2011-03-21 11:52:00",1,298.11,5,1,2,8,"New Customers"
14932.0,"2010-12-09 11:48:00",1,363.5299999999999,5,1,2,8,"New Customers"
14762.0,"2011-03-21 08:20:00",1,300.52000000000004,5,1,2,8,"New Customers"
15408.0,"2011-03-20 15:02:00",1,267.18,5,1,2,8,"New Customers"
16096.0,"2011-03-20 13:38:00",1,320.62000000000006,5,1,2,8,"New Customers"
14633.0,"2011-03-18 17:07:00",1,344.90000000000003,5,1,2,8,"New Customers"
15019.0,"2011-03-18 12:35:00",1,266.0,5,1,2,8,"New Customers"
17968.0,"2010-12-01 12:23:00",1,277.3499999999999,5,1,2,8,"New Customers"
16976.0,"2011-03-17 16:33:00",1,251.51999999999998,5,1,2,8,"New Customers"
13314.0,"2011-12-08 12:29:00",4,578.6599999999999,1,4,3,8,"At Risk"
13216.0,"2011-03-17 12:18:00",1,333.74,5,1,2,8,"New Customers"
14840.0,"2011-03-17 12:00:00",1,62.85,5,2,1,8,"New Customers"
13185.0,"2011-03-17 11:56:00",1,71.4,5,2,1,8,"New Customers"
15047.0,"2011-03-15 10:49:00",1,343.6199999999999,5,1,2,8,"New Customers"
14138.0,"2011-12-08 12:44:00",2,982.3800000000003,1,3,4,8,"At Risk"
16898.0,"2011-11-13 15:44:00",4,444.4599999999996,2,4,2,8,"At Risk"
13379.0,"2011-11-13 13:45:00",3,572.56,2,3,3,8,"At Risk"
14499.0,"2011-11-13 13:01:00",3,815.3199999999999,2,3,3,8,"At Risk"
13708.0,"2011-03-13 13:46:00",1,296.87999999999994,5,1,2,8,"New Customers"
15492.0,"2011-11-11 14:53:00",2,659.4599999999998,2,3,3,8,"At Risk"
15781.0,"2011-11-14 14:57:00",4,333.56000000000006,2,4,2,8,"At Risk"
16460.0,"2011-11-11 13:46:00",3,814.7199999999997,2,3,3,8,"At Risk"
17295.0,"2011-11-11 10:49:00",3,556.9499999999997,2,3,3,8,"At Risk"
12589.0,"2011-11-11 10:19:00",2,646.68,2,3,3,8,"At Risk"
17908.0,"2010-12-01 11:45:00",1,243.27999999999992,5,1,2,8,"New Customers"
12384.0,"2011-11-11 08:39:00",3,566.1600000000001,2,3,3,8,"At Risk"
14727.0,"2011-03-10 14:45:00",1,268.58,5,1,2,8,"New Customers"
16625.0,"2011-03-10 12:50:00",1,333.08000000000004,5,1,2,8,"New Customers"
12526.0,"2011-12-09 12:09:00",3,1316.6600000000005,1,3,4,8,"At Risk"
16933.0,"2011-12-08 12:54:00",5,530.0799999999999,1,4,3,8,"At Risk"
15582.0,"2011-11-15 09:55:00",3,682.9100000000001,2,3,3,8,"At Risk"
18217.0,"2011-11-10 13:18:00",2,621.7500000000001,2,3,3,8,"At Risk"
17974.0,"2011-11-15 11:37:00",3,740.7899999999996,2,3,3,8,"At Risk"
17573.0,"2011-11-10 13:01:00",4,362.90000000000003,2,4,2,8,"At Risk"
17777.0,"2011-11-15 12:02:00",3,665.86,2,3,3,8,"At Risk"
15452.0,"2011-11-10 12:13:00",3,538.73,2,3,3,8,"At Risk"
17537.0,"2011-11-10 10:56:00",2,897.6200000000001,2,3,3,8,"At Risk"
18043.0,"2011-11-15 12:48:00",3,559.5099999999998,2,3,3,8,"At Risk"
13236.0,"2011-11-15 12:50:00",3,727.27,2,3,3,8,"At Risk"
12881.0,"2011-03-09 11:44:00",1,298.0,5,1,2,8,"New Customers"
12623.0,"2011-03-08 13:50:00",1,305.1,5,1,2,8,"New Customers"
16751.0,"2011-11-09 10:48:00",1,1764.7199999999998,2,2,4,8,"Lost"
14108.0,"2011-11-09 10:41:00",3,594.1599999999999,2,3,3,8,"At Risk"
13046.0,"2011-11-09 08:36:00",2,629.31,2,3,3,8,"At Risk"
14284.0,"2011-11-09 08:11:00",3,578.45,2,3,3,8,"At Risk"
15275.0,"2011-11-08 17:54:00",2,609.1899999999999,2,3,3,8,"At Risk"
13643.0,"2011-11-08 15:37:00",3,519.44,2,3,3,8,"At Risk"
15944.0,"2011-03-08 10:33:00",1,325.09999999999997,5,1,2,8,"New Customers"
16008.0,"2011-11-16 10:32:00",3,478.78000000000014,2,3,3,8,"At Risk"
17198.0,"2011-11-16 10:39:00",3,692.22,2,3,3,8,"At Risk"
12870.0,"2010-12-08 14:27:00",1,-14.899999999999999,5,2,1,8,"New Customers"
13587.0,"2011-11-08 11:17:00",3,347.0,3,3,2,8,"Loyal Customers"
17964.0,"2011-11-08 10:44:00",2,471.6999999999998,3,2,3,8,"Needs Attention"
14050.0,"2011-11-08 10:00:00",2,746.3600000000001,3,2,3,8,"Needs Attention"
15066.0,"2011-11-08 09:56:00",2,760.59,3,2,3,8,"Needs Attention"
16732.0,"2011-11-08 09:54:00",1,603.7499999999998,3,2,3,8,"Needs Attention"
15330.0,"2011-11-07 17:50:00",2,714.96,3,2,3,8,"Needs Attention"
18036.0,"2011-11-07 14:40:00",3,405.61999999999995,3,3,2,8,"Loyal Customers"
12832.0,"2011-11-07 13:30:00",2,383.03,3,3,2,8,"Loyal Customers"
12993.0,"2011-11-16 15:49:00",4,414.76,2,4,2,8,"At Risk"
16278.0,"2011-11-16 16:09:00",3,537.8299999999999,2,3,3,8,"At Risk"
16804.0,"2011-11-16 16:43:00",3,536.9899999999998,2,3,3,8,"At Risk"
17623.0,"2011-11-07 11:32:00",1,527.0499999999998,3,2,3,8,"Needs Attention"
15522.0,"2011-11-07 11:26:00",2,398.84000000000003,3,3,2,8,"Loyal Customers"
14012.0,"2011-03-07 12:26:00",1,328.8,5,1,2,8,"New Customers"
17461.0,"2011-11-17 10:21:00",3,757.4599999999998,2,3,3,8,"At Risk"
17761.0,"2011-11-07 10:23:00",1,712.78,3,2,3,8,"Needs Attention"
13028.0,"2011-11-17 11:10:00",3,659.6800000000001,2,3,3,8,"At Risk"
14332.0,"2011-11-17 11:54:00",3,866.31,2,3,3,8,"At Risk"
12614.0,"2011-03-07 10:22:00",1,315.59999999999997,5,1,2,8,"New Customers"
16298.0,"2011-11-17 11:59:00",3,598.2,2,3,3,8,"At Risk"
14517.0,"2011-11-06 14:20:00",2,330.45000000000005,3,3,2,8,"Loyal Customers"
12638.0,"2011-11-06 13:11:00",1,671.6899999999999,3,2,3,8,"Needs Attention"
16372.0,"2011-11-06 13:08:00",2,367.9299999999999,3,3,2,8,"Loyal Customers"
17797.0,"2011-11-17 13:21:00",3,780.4300000000003,2,3,3,8,"At Risk"
16243.0,"2011-11-06 12:32:00",2,409.09999999999985,3,3,2,8,"Loyal Customers"
12838.0,"2011-11-06 12:20:00",2,683.1299999999999,3,2,3,8,"Needs Attention"
15287.0,"2011-11-17 15:34:00",3,485.23999999999995,2,3,3,8,"At Risk"
14570.0,"2011-03-04 10:58:00",2,218.05999999999997,5,2,1,8,"New Customers"
15345.0,"2011-11-04 13:24:00",2,367.69,3,3,2,8,"Loyal Customers"
15598.0,"2011-11-04 13:14:00",3,235.68,3,3,2,8,"Loyal Customers"
18022.0,"2011-11-04 12:45:00",1,668.1100000000005,3,2,3,8,"Needs Attention"
15257.0,"2011-03-03 13:57:00",2,232.14999999999998,5,2,1,8,"New Customers"
17078.0,"2011-11-03 19:17:00",2,378.2,3,3,2,8,"Loyal Customers"
16134.0,"2011-11-18 10:05:00",3,603.69,2,3,3,8,"At Risk"
18081.0,"2011-11-03 16:30:00",3,343.45,3,3,2,8,"Loyal Customers"
13721.0,"2011-11-03 14:05:00",1,524.14,3,2,3,8,"Needs Attention"
15252.0,"2011-11-03 13:30:00",2,740.7800000000001,3,2,3,8,"Needs Attention"
18205.0,"2011-11-03 13:22:00",2,517.3600000000001,3,2,3,8,"Needs Attention"
17995.0,"2011-03-03 12:30:00",1,76.1,5,2,1,8,"New Customers"
14593.0,"2011-11-18 12:48:00",3,617.9899999999994,2,3,3,8,"At Risk"
17999.0,"2011-11-02 15:56:00",2,382.06,3,3,2,8,"Loyal Customers"
18104.0,"2011-11-02 14:07:00",1,754.6400000000001,3,2,3,8,"Needs Attention"
13904.0,"2011-11-02 13:41:00",2,332.6399999999999,3,3,2,8,"Loyal Customers"
16159.0,"2011-03-03 12:27:00",1,348.2000000000001,5,1,2,8,"New Customers"
15576.0,"2011-11-02 12:03:00",1,940.6699999999998,3,1,4,8,"Needs Attention"
15847.0,"2011-11-01 14:41:00",2,389.2699999999999,3,3,2,8,"Loyal Customers"
18270.0,"2011-11-01 13:57:00",3,238.95,3,3,2,8,"Loyal Customers"
16825.0,"2011-11-01 11:51:00",2,775.1799999999997,3,2,3,8,"Needs Attention"
14627.0,"2011-02-01 10:49:00",1,-21.849999999999998,5,1,1,7,"New Customers"
16500.0,"2011-12-05 12:04:00",6,400.86,1,4,2,7,"At Risk"
18138.0,"2011-02-17 14:51:00",1,152.65,5,1,1,7,"New Customers"
17455.0,"2011-05-20 12:31:00",1,131.7,5,1,1,7,"New Customers"
17637.0,"2011-11-08 12:51:00",2,547.0600000000002,2,2,3,7,"Lost"
16855.0,"2011-11-16 12:03:00",2,328.4,2,3,2,7,"At Risk"
16916.0,"2011-11-16 12:08:00",2,576.2599999999998,2,2,3,7,"Lost"
16505.0,"2011-11-08 12:14:00",1,777.6,2,2,3,7,"Lost"
13194.0,"2011-07-27 09:01:00",1,60.7,4,2,1,7,"New Customers"
17871.0,"2011-05-19 11:32:00",1,155.89999999999995,5,1,1,7,"New Customers"
17245.0,"2011-05-19 10:43:00",1,171.45000000000002,5,1,1,7,"New Customers"
14119.0,"2010-12-20 13:58:00",1,-19.9,5,1,1,7,"New Customers"
14371.0,"2011-02-17 16:35:00",1,100.5,5,1,1,7,"New Customers"
17556.0,"2011-05-18 10:48:00",1,157.89999999999998,5,1,1,7,"New Customers"
18256.0,"2010-12-20 08:27:00",1,-50.1,5,1,1,7,"New Customers"
15830.0,"2011-11-10 13:35:00",2,547.7,2,2,3,7,"Lost"
13602.0,"2011-10-06 11:47:00",1,428.88999999999993,3,2,2,7,"Needs Attention"
17343.0,"2010-12-19 15:07:00",1,193.64,5,1,1,7,"New Customers"
15923.0,"2010-12-02 12:16:00",1,127.08000000000001,5,1,1,7,"New Customers"
16582.0,"2011-08-18 17:02:00",1,313.62,4,1,2,7,"New Customers"
13033.0,"2010-12-17 14:23:00",1,190.55,5,1,1,7,"New Customers"
14689.0,"2011-05-15 11:22:00",1,112.8,5,1,1,7,"New Customers"
15160.0,"2010-12-17 14:15:00",1,158.15999999999997,5,1,1,7,"New Customers"
12509.0,"2011-02-28 14:45:00",1,176.5,5,1,1,7,"New Customers"
13736.0,"2011-12-04 15:19:00",3,723.9999999999995,1,3,3,7,"At Risk"
17248.0,"2011-08-11 13:34:00",1,318.65000000000003,4,1,2,7,"New Customers"
12551.0,"2010-12-17 11:23:00",1,168.0,5,1,1,7,"New Customers"
16006.0,"2011-05-12 13:12:00",1,101.4,5,1,1,7,"New Customers"
15396.0,"2011-08-19 10:56:00",1,288.18,4,1,2,7,"New Customers"
14782.0,"2011-01-24 11:12:00",1,200.10000000000002,5,1,1,7,"New Customers"
15350.0,"2010-12-01 13:33:00",1,115.65,5,1,1,7,"New Customers"
13296.0,"2011-07-25 13:46:00",1,87.4,4,2,1,7,"New Customers"
17371.0,"2011-11-22 13:30:00",3,423.8899999999996,2,3,2,7,"At Risk"
12552.0,"2011-11-01 10:02:00",2,437.82,3,2,2,7,"Needs Attention"
17329.0,"2011-11-25 14:24:00",2,523.11,2,2,3,7,"Lost"
14046.0,"2011-02-28 14:48:00",1,154.99,5,1,1,7,"New Customers"
12465.0,"2011-12-02 11:34:00",3,733.89,1,3,3,7,"At Risk"
15551.0,"2011-11-03 12:37:00",1,436.0599999999999,3,2,2,7,"Needs Attention"
15837.0,"2011-10-06 09:01:00",1,391.97999999999996,3,2,2,7,"Needs Attention"
13569.0,"2011-11-22 13:07:00",2,373.74999999999983,2,3,2,7,"At Risk"
16517.0,"2011-03-07 13:50:00",1,162.7,5,1,1,7,"New Customers"
14699.0,"2011-05-09 14:54:00",1,109.13000000000001,5,1,1,7,"New Customers"
18120.0,"2011-05-09 13:45:00",1,111.15,5,1,1,7,"New Customers"
14788.0,"2011-12-02 17:06:00",2,679.44,1,3,3,7,"At Risk"
13561.0,"2011-05-08 12:39:00",1,141.86,5,1,1,7,"New Customers"
18034.0,"2011-11-18 12:22:00",2,422.88000000000017,2,3,2,7,"At Risk"
15568.0,"2011-12-07 11:27:00",3,758.29,1,3,3,7,"At Risk"
13723.0,"2011-05-06 17:04:00",1,199.85000000000002,5,1,1,7,"New Customers"
14237.0,"2010-12-01 13:20:00",1,161.0,5,1,1,7,"New Customers"
15803.0,"2011-10-19 14:56:00",1,415.82,3,2,2,7,"Needs Attention"
13703.0,"2011-01-25 13:10:00",1,99.5,5,1,1,7,"New Customers"
16462.0,"2011-10-06 18:16:00",4,102.0,3,3,1,7,"Loyal Customers"
15638.0,"2011-02-11 15:12:00",1,-94.0,5,1,1,7,"New Customers"
13589.0,"2011-11-25 12:10:00",2,379.65000000000003,2,3,2,7,"At Risk"
16999.0,"2011-11-16 13:53:00",2,484.81999999999994,2,2,3,7,"Lost"
16679.0,"2010-12-08 13:51:00",1,129.75,5,1,1,7,"New Customers"
12844.0,"2011-11-10 13:31:00",2,325.96,2,3,2,7,"At Risk"
15195.0,"2011-12-07 12:20:00",1,3861.0,1,1,5,7,"Lost"
14199.0,"2011-05-05 13:44:00",1,185.39999999999998,5,1,1,7,"New Customers"
16457.0,"2011-05-05 13:19:00",1,208.36,5,1,1,7,"New Customers"
14638.0,"2011-10-20 10:10:00",1,443.6,3,2,2,7,"Needs Attention"
13245.0,"2011-10-20 11:40:00",1,430.5,3,2,2,7,"Needs Attention"
14495.0,"2011-10-20 12:28:00",2,123.79999999999998,3,3,1,7,"Loyal Customers"
14340.0,"2011-05-05 09:44:00",1,134.7,5,1,1,7,"New Customers"
14851.0,"2011-11-16 14:20:00",2,511.3499999999999,2,2,3,7,"Lost"
16990.0,"2011-05-05 08:30:00",1,179.0,5,1,1,7,"New Customers"
16752.0,"2010-12-02 12:18:00",1,207.5,5,1,1,7,"New Customers"
17394.0,"2011-05-04 13:22:00",1,203.86999999999995,5,1,1,7,"New Customers"
13829.0,"2010-12-15 16:36:00",1,-102.0,5,1,1,7,"New Customers"
16055.0,"2011-05-03 09:26:00",1,134.8,5,1,1,7,"New Customers"
12991.0,"2011-11-16 15:34:00",2,503.76,2,2,3,7,"Lost"
17555.0,"2011-11-20 12:22:00",2,483.26,2,2,3,7,"Lost"
15967.0,"2011-11-16 15:41:00",2,418.83,2,3,2,7,"At Risk"
17816.0,"2011-11-03 11:34:00",4,36.56,3,3,1,7,"Loyal Customers"
13573.0,"2011-10-20 14:33:00",2,294.40000000000003,3,2,2,7,"Needs Attention"
17893.0,"2011-04-28 13:50:00",1,112.25,5,1,1,7,"New Customers"
14271.0,"2011-04-28 12:47:00",1,112.32,5,1,1,7,"New Customers"
13229.0,"2011-04-28 12:07:00",1,160.95,5,1,1,7,"New Customers"
13727.0,"2011-11-11 09:46:00",2,333.48,2,3,2,7,"At Risk"
12666.0,"2010-12-15 14:42:00",1,-227.44,5,1,1,7,"New Customers"
17187.0,"2011-04-27 12:39:00",1,203.95,5,1,1,7,"New Customers"
16965.0,"2011-04-27 12:08:00",1,201.19000000000005,5,1,1,7,"New Customers"
16305.0,"2011-07-24 12:18:00",1,361.2199999999999,4,1,2,7,"New Customers"
16836.0,"2011-10-31 10:05:00",2,251.87,3,2,2,7,"Needs Attention"
12573.0,"2011-04-26 15:52:00",1,160.54,5,1,1,7,"New Customers"
17654.0,"2011-03-07 13:17:00",1,117.55000000000001,5,1,1,7,"New Customers"
17670.0,"2011-04-26 09:12:00",1,205.70000000000002,5,1,1,7,"New Customers"
13482.0,"2011-04-21 17:03:00",1,184.64,5,1,1,7,"New Customers"
12622.0,"2011-04-21 16:39:00",1,180.1,5,1,1,7,"New Customers"
16587.0,"2011-04-21 15:51:00",1,225.15,5,1,1,7,"New Customers"
17718.0,"2011-04-21 13:39:00",1,139.35,5,1,1,7,"New Customers"
17330.0,"2011-11-17 08:56:00",2,363.9,2,3,2,7,"At Risk"
18276.0,"2011-11-18 17:01:00",3,323.36,2,3,2,7,"At Risk"
15121.0,"2011-10-20 14:51:00",2,457.71999999999997,3,2,2,7,"Needs Attention"
13519.0,"2011-10-20 15:56:00",2,110.79999999999997,3,3,1,7,"Loyal Customers"
16913.0,"2011-02-22 12:56:00",1,113.44,5,1,1,7,"New Customers"
14148.0,"2011-04-20 12:02:00",1,157.2,5,1,1,7,"New Customers"
17217.0,"2011-04-19 17:19:00",1,113.50000000000001,5,1,1,7,"New Customers"
16352.0,"2011-11-22 10:32:00",2,494.44000000000005,2,2,3,7,"Lost"
13101.0,"2011-04-19 14:37:00",1,101.19,5,1,1,7,"New Customers"
15951.0,"2011-12-08 18:57:00",3,669.57,1,3,3,7,"At Risk"
15717.0,"2011-04-19 13:21:00",1,150.3,5,1,1,7,"New Customers"
13002.0,"2011-01-25 15:18:00",1,120.94999999999999,5,1,1,7,"New Customers"
13917.0,"2011-10-21 09:56:00",2,272.04,3,2,2,7,"Needs Attention"
17453.0,"2011-11-22 09:42:00",2,486.71999999999997,2,2,3,7,"Lost"
14720.0,"2011-12-04 12:02:00",3,663.81,1,3,3,7,"At Risk"
16617.0,"2011-04-18 10:35:00",1,151.85,5,1,1,7,"New Customers"
14967.0,"2011-10-21 11:06:00",1,463.8,3,2,2,7,"Needs Attention"
15313.0,"2011-08-21 16:02:00",1,52.0,4,2,1,7,"New Customers"
15623.0,"2011-07-21 17:26:00",1,301.03,4,1,2,7,"New Customers"
13474.0,"2011-04-17 13:53:00",1,229.58999999999995,5,1,1,7,"New Customers"
17582.0,"2011-04-17 13:18:00",1,175.27000000000004,5,1,1,7,"New Customers"
13417.0,"2011-12-05 08:49:00",2,640.8299999999999,1,3,3,7,"At Risk"
18213.0,"2011-04-17 10:21:00",1,232.48000000000002,5,1,1,7,"New Customers"
18114.0,"2011-02-22 13:20:00",1,220.09999999999997,5,1,1,7,"New Customers"
17367.0,"2011-04-15 14:21:00",1,168.40000000000003,5,1,1,7,"New Customers"
17430.0,"2011-11-07 09:24:00",2,265.76,3,2,2,7,"Needs Attention"
16262.0,"2010-12-14 11:55:00",1,-31.65,5,1,1,7,"New Customers"
18141.0,"2010-12-14 11:09:00",1,-35.400000000000006,5,1,1,7,"New Customers"
17601.0,"2011-04-14 18:02:00",1,116.01,5,1,1,7,"New Customers"
17694.0,"2011-07-21 12:00:00",1,283.12000000000006,4,1,2,7,"New Customers"
17432.0,"2011-11-21 17:33:00",2,365.76,2,3,2,7,"At Risk"
13948.0,"2010-12-14 10:18:00",1,102.0,5,1,1,7,"New Customers"
17524.0,"2010-12-13 14:32:00",1,145.0,5,1,1,7,"New Customers"
13974.0,"2011-10-21 14:41:00",1,413.59,3,2,2,7,"Needs Attention"
12504.0,"2011-11-21 16:02:00",4,114.0,2,4,1,7,"At Risk"
16097.0,"2011-04-13 13:47:00",1,185.05,5,1,1,7,"New Customers"
16697.0,"2011-04-12 17:12:00",1,112.75,5,1,1,7,"New Customers"
17878.0,"2011-10-27 11:24:00",1,379.44999999999993,3,2,2,7,"Needs Attention"
17165.0,"2011-02-28 16:39:00",1,158.68,5,1,1,7,"New Customers"
12904.0,"2011-11-21 14:34:00",2,509.5799999999998,2,2,3,7,"Lost"
12970.0,"2011-12-02 14:30:00",4,452.2399999999999,1,4,2,7,"At Risk"
17972.0,"2011-04-12 12:16:00",1,136.04,5,1,1,7,"New Customers"
15025.0,"2011-11-06 15:20:00",1,377.0099999999998,3,2,2,7,"Needs Attention"
15454.0,"2010-12-12 14:21:00",1,179.10000000000002,5,1,1,7,"New Customers"
16665.0,"2010-12-12 14:03:00",1,135.4,5,1,1,7,"New Customers"
17574.0,"2011-04-11 09:47:00",1,185.64999999999998,5,1,1,7,"New Customers"
18129.0,"2011-04-10 14:16:00",1,112.54999999999998,5,1,1,7,"New Customers"
17255.0,"2011-10-30 12:18:00",2,298.4099999999999,3,2,2,7,"Needs Attention"
18004.0,"2010-12-12 13:47:00",1,169.47,5,1,1,7,"New Customers"
13508.0,"2011-04-10 11:58:00",1,110.97000000000003,5,1,1,7,"New Customers"
13598.0,"2011-10-23 14:35:00",2,167.42000000000007,3,3,1,7,"Loyal Customers"
15775.0,"2011-04-08 12:56:00",1,104.9,5,1,1,7,"New Customers"
14413.0,"2010-12-12 13:37:00",1,122.70000000000002,5,1,1,7,"New Customers"
16623.0,"2011-04-08 10:09:00",1,129.45000000000002,5,1,1,7,"New Customers"
15526.0,"2011-11-06 15:04:00",2,148.44,3,3,1,7,"Loyal Customers"
15503.0,"2010-12-12 10:57:00",1,147.09000000000003,5,1,1,7,"New Customers"
14981.0,"2011-04-07 13:45:00",1,102.12,5,1,1,7,"New Customers"
16658.0,"2010-12-06 13:47:00",1,123.24,5,1,1,7,"New Customers"
13712.0,"2011-04-07 12:33:00",1,228.83999999999997,5,1,1,7,"New Customers"
16982.0,"2011-10-10 12:28:00",1,384.0599999999999,3,2,2,7,"Needs Attention"
16144.0,"2011-04-07 10:09:00",1,175.2,5,1,1,7,"New Customers"
16616.0,"2011-11-24 16:31:00",2,500.4200000000002,2,2,3,7,"Lost"
16565.0,"2010-12-10 15:21:00",1,173.7,5,1,1,7,"New Customers"
18280.0,"2011-03-07 09:52:00",1,180.60000000000002,5,1,1,7,"New Customers"
14964.0,"2011-04-06 14:13:00",1,206.20999999999998,5,1,1,7,"New Customers"
15592.0,"2011-10-24 08:59:00",1,388.58,3,2,2,7,"Needs Attention"
16776.0,"2011-10-10 13:04:00",1,388.2800000000001,3,2,2,7,"Needs Attention"
15917.0,"2011-04-06 10:40:00",1,123.10000000000002,5,1,1,7,"New Customers"
14437.0,"2011-07-19 14:56:00",2,-43.400000000000006,4,2,1,7,"New Customers"
15723.0,"2010-12-10 11:12:00",1,203.10000000000005,5,1,1,7,"New Customers"
15554.0,"2011-03-07 09:00:00",1,217.20000000000002,5,1,1,7,"New Customers"
17186.0,"2011-10-24 10:20:00",2,144.0,3,3,1,7,"Loyal Customers"
17080.0,"2011-11-17 12:59:00",3,285.5,2,3,2,7,"At Risk"
13059.0,"2011-04-04 10:40:00",1,183.39999999999998,5,1,1,7,"New Customers"
14082.0,"2010-12-10 11:02:00",1,182.25,5,1,1,7,"New Customers"
13781.0,"2011-04-03 12:08:00",1,127.84,5,1,1,7,"New Customers"
15691.0,"2011-04-01 15:13:00",1,136.8,5,1,1,7,"New Customers"
13218.0,"2011-08-04 16:59:00",1,62.64,4,2,1,7,"New Customers"
18240.0,"2011-10-24 13:06:00",1,422.58000000000004,3,2,2,7,"Needs Attention"
14247.0,"2011-03-06 15:21:00",1,136.77,5,1,1,7,"New Customers"
17631.0,"2011-12-08 09:47:00",3,528.33,1,3,3,7,"At Risk"
12402.0,"2011-01-20 13:49:00",1,225.6,5,1,1,7,"New Customers"
12847.0,"2011-11-17 13:16:00",1,871.5399999999997,2,2,3,7,"Lost"
17212.0,"2011-03-31 19:42:00",1,226.85,5,1,1,7,"New Customers"
13822.0,"2011-12-04 12:13:00",2,631.9999999999998,1,3,3,7,"At Risk"
14139.0,"2011-10-24 13:34:00",1,415.8199999999999,3,2,2,7,"Needs Attention"
12491.0,"2011-11-01 12:18:00",1,460.40000000000015,3,2,2,7,"Needs Attention"
14890.0,"2011-03-31 11:57:00",1,125.65,5,1,1,7,"New Customers"
12498.0,"2011-11-18 12:53:00",3,403.7,2,3,2,7,"At Risk"
15528.0,"2011-03-30 16:14:00",1,229.32999999999998,5,1,1,7,"New Customers"
17307.0,"2010-12-09 15:24:00",1,-152.64000000000001,5,1,1,7,"New Customers"
14117.0,"2011-07-19 09:49:00",1,90.0,4,2,1,7,"New Customers"
15399.0,"2011-12-08 13:04:00",3,815.7699999999998,1,3,3,7,"At Risk"
15709.0,"2011-03-01 10:38:00",1,133.25,5,1,1,7,"New Customers"
18010.0,"2011-03-28 12:27:00",1,174.8,5,1,1,7,"New Customers"
15369.0,"2011-07-18 15:11:00",1,-1592.49,4,2,1,7,"New Customers"
18068.0,"2011-02-23 14:50:00",1,101.69999999999999,5,1,1,7,"New Customers"
15590.0,"2011-02-23 16:36:00",1,-30.19,5,1,1,7,"New Customers"
14476.0,"2011-03-27 15:39:00",1,215.70000000000002,5,1,1,7,"New Customers"
17714.0,"2011-01-23 10:32:00",1,153.0,5,1,1,7,"New Customers"
16579.0,"2010-12-09 15:00:00",1,-30.599999999999998,5,1,1,7,"New Customers"
17171.0,"2011-02-23 16:37:00",1,224.90999999999997,5,1,1,7,"New Customers"
14536.0,"2011-03-25 12:21:00",1,171.8,5,1,1,7,"New Customers"
13673.0,"2011-11-21 12:11:00",2,396.9199999999999,2,3,2,7,"At Risk"
16642.0,"2011-12-05 11:31:00",3,679.8299999999999,1,3,3,7,"At Risk"
17397.0,"2011-11-17 14:08:00",2,696.41,2,2,3,7,"Lost"
17985.0,"2011-11-17 14:24:00",1,634.95,2,2,3,7,"Lost"
17698.0,"2011-03-24 11:34:00",1,154.95,5,1,1,7,"New Customers"
17535.0,"2011-03-04 15:20:00",1,164.4,5,1,1,7,"New Customers"
15945.0,"2010-12-09 13:14:00",1,181.0,5,1,1,7,"New Customers"
15553.0,"2011-10-10 14:02:00",1,437.22999999999985,3,2,2,7,"Needs Attention"
15645.0,"2011-11-21 11:55:00",1,612.0099999999999,2,2,3,7,"Lost"
15319.0,"2011-03-01 12:48:00",1,204.50000000000006,5,1,1,7,"New Customers"
18191.0,"2011-03-23 12:08:00",1,207.79999999999998,5,1,1,7,"New Customers"
16442.0,"2011-12-08 11:43:00",3,616.7899999999997,1,3,3,7,"At Risk"
17325.0,"2011-03-04 13:09:00",1,96.8,5,1,1,7,"New Customers"
13807.0,"2010-12-07 15:48:00",1,112.6,5,1,1,7,"New Customers"
13651.0,"2011-11-04 14:59:00",2,94.19999999999999,3,3,1,7,"Loyal Customers"
15437.0,"2011-03-22 13:11:00",1,200.15999999999994,5,1,1,7,"New Customers"
12831.0,"2011-03-22 13:02:00",1,215.04999999999998,5,1,1,7,"New Customers"
14355.0,"2010-12-09 12:16:00",1,174.4,5,1,1,7,"New Customers"
14632.0,"2011-03-22 08:49:00",1,114.55999999999999,5,1,1,7,"New Customers"
13262.0,"2011-03-21 15:06:00",1,200.28999999999996,5,1,1,7,"New Customers"
16893.0,"2010-12-08 12:06:00",1,145.92999999999998,5,1,1,7,"New Customers"
18224.0,"2011-03-21 10:30:00",1,158.95,5,1,1,7,"New Customers"
14416.0,"2011-11-17 15:22:00",2,490.21999999999997,2,2,3,7,"Lost"
16555.0,"2011-11-04 14:31:00",2,285.89000000000004,3,2,2,7,"Needs Attention"
17024.0,"2011-10-25 13:47:00",3,95.85,3,3,1,7,"Loyal Customers"
15445.0,"2011-03-20 15:06:00",1,113.5,5,1,1,7,"New Customers"
16648.0,"2011-11-01 09:52:00",2,270.86000000000007,3,2,2,7,"Needs Attention"
14693.0,"2011-03-20 12:50:00",1,172.9,5,1,1,7,"New Customers"
12902.0,"2011-03-20 12:06:00",1,138.68,5,1,1,7,"New Customers"
15703.0,"2011-03-20 10:51:00",1,211.5,5,1,1,7,"New Customers"
13645.0,"2011-08-11 16:11:00",1,252.1,4,1,2,7,"New Customers"
14155.0,"2011-03-18 14:13:00",1,118.75,5,1,1,7,"New Customers"
17060.0,"2011-03-18 13:27:00",1,234.24,5,1,1,7,"New Customers"
14041.0,"2011-03-18 13:25:00",1,141.40999999999997,5,1,1,7,"New Customers"
14066.0,"2011-03-18 12:21:00",1,152.55,5,1,1,7,"New Customers"
14059.0,"2011-03-18 10:06:00",1,183.60000000000002,5,1,1,7,"New Customers"
16252.0,"2010-12-08 16:15:00",1,-295.09,5,1,1,7,"New Customers"
13382.0,"2011-03-04 10:03:00",1,222.99,5,1,1,7,"New Customers"
13072.0,"2011-03-18 08:12:00",1,177.15,5,1,1,7,"New Customers"
15158.0,"2011-10-25 13:53:00",1,401.4000000000001,3,2,2,7,"Needs Attention"
15347.0,"2010-12-08 15:25:00",1,201.60000000000002,5,1,1,7,"New Customers"
15733.0,"2011-03-02 09:05:00",1,162.3,5,1,1,7,"New Customers"
16583.0,"2010-12-01 12:03:00",1,233.45000000000002,5,1,1,7,"New Customers"
17166.0,"2011-11-01 09:46:00",3,189.48999999999998,3,3,1,7,"Loyal Customers"
14523.0,"2011-08-23 13:13:00",1,241.09,4,1,2,7,"New Customers"
13967.0,"2011-07-17 12:02:00",1,80.7,4,2,1,7,"New Customers"
14752.0,"2011-10-27 11:55:00",1,389.64,3,2,2,7,"Needs Attention"
14295.0,"2011-10-30 15:50:00",2,154.7,3,3,1,7,"Loyal Customers"
13299.0,"2011-03-16 12:55:00",1,142.5,5,1,1,7,"New Customers"
17117.0,"2011-02-24 13:54:00",1,116.20000000000002,5,1,1,7,"New Customers"
15836.0,"2011-10-25 15:37:00",2,117.47,3,3,1,7,"Loyal Customers"
18119.0,"2010-12-07 11:59:00",1,181.11999999999998,5,1,1,7,"New Customers"
16061.0,"2011-03-15 14:41:00",1,-29.95,5,1,1,7,"New Customers"
13716.0,"2011-03-15 13:49:00",1,138.28000000000003,5,1,1,7,"New Customers"
16978.0,"2011-09-23 12:50:00",1,344.3299999999999,4,1,2,7,"New Customers"
16485.0,"2011-09-23 15:50:00",1,363.65,4,1,2,7,"New Customers"
13127.0,"2011-09-23 10:26:00",1,259.16999999999996,4,1,2,7,"New Customers"
15744.0,"2011-09-23 09:52:00",1,34.8,4,2,1,7,"New Customers"
12995.0,"2011-09-23 09:20:00",2,200.72,4,2,1,7,"New Customers"
15186.0,"2011-11-25 14:58:00",2,411.40999999999997,2,3,2,7,"At Risk"
17118.0,"2011-01-26 12:19:00",1,157.02,5,1,1,7,"New Customers"
16715.0,"2011-09-22 18:15:00",1,301.72,4,1,2,7,"New Customers"
16302.0,"2011-08-24 09:25:00",2,212.81999999999996,4,2,1,7,"New Customers"
16392.0,"2011-03-15 12:11:00",1,221.19,5,1,1,7,"New Customers"
17542.0,"2011-03-15 11:45:00",1,170.75,5,1,1,7,"New Customers"
13928.0,"2011-11-29 10:33:00",4,464.56999999999994,1,4,2,7,"At Risk"
17498.0,"2011-09-25 12:25:00",1,272.21999999999997,4,1,2,7,"New Customers"
15226.0,"2011-02-02 11:41:00",1,154.41,5,1,1,7,"New Customers"
18067.0,"2011-10-30 15:58:00",1,396.3300000000001,3,2,2,7,"Needs Attention"
13496.0,"2011-11-29 10:58:00",3,617.93,1,3,3,7,"At Risk"
15360.0,"2011-10-31 09:35:00",1,427.92999999999995,3,2,2,7,"Needs Attention"
17658.0,"2011-11-29 11:47:00",3,485.8800000000001,1,3,3,7,"At Risk"
14173.0,"2011-11-29 11:54:00",4,450.8400000000001,1,4,2,7,"At Risk"
15603.0,"2011-09-22 10:04:00",1,48.480000000000004,4,2,1,7,"New Customers"
13581.0,"2011-02-03 14:41:00",1,118.0,5,1,1,7,"New Customers"
16070.0,"2011-11-17 15:50:00",2,852.15,2,2,3,7,"Lost"
13171.0,"2011-12-01 15:06:00",5,426.80999999999995,1,4,2,7,"At Risk"
14951.0,"2011-09-21 15:15:00",1,311.69,4,1,2,7,"New Customers"
15254.0,"2011-08-04 15:04:00",1,300.36,4,1,2,7,"New Customers"
15127.0,"2011-10-05 10:30:00",1,406.53,3,2,2,7,"Needs Attention"
16627.0,"2011-09-21 14:38:00",1,322.79999999999995,4,1,2,7,"New Customers"
17154.0,"2011-09-25 13:42:00",1,329.34000000000003,4,1,2,7,"New Customers"
12361.0,"2011-02-25 13:51:00",1,189.89999999999998,5,1,1,7,"New Customers"
14457.0,"2011-02-02 09:39:00",1,113.64,5,1,1,7,"New Customers"
14382.0,"2011-11-13 16:18:00",1,626.0699999999999,2,2,3,7,"Lost"
17517.0,"2011-02-04 11:48:00",1,153.93999999999997,5,1,1,7,"New Customers"
17948.0,"2011-07-15 12:58:00",1,358.56000000000006,4,1,2,7,"New Customers"
15206.0,"2011-11-29 13:41:00",4,420.29999999999995,1,4,2,7,"At Risk"
13670.0,"2011-09-25 15:25:00",1,349.6999999999999,4,1,2,7,"New Customers"
18066.0,"2011-09-25 15:30:00",1,318.0,4,1,2,7,"New Customers"
16930.0,"2011-11-13 16:13:00",3,380.54999999999995,2,3,2,7,"At Risk"
16777.0,"2011-09-20 13:41:00",2,226.3500000000001,4,2,1,7,"New Customers"
12374.0,"2011-11-14 15:37:00",1,742.93,2,2,3,7,"Lost"
16215.0,"2011-09-20 10:18:00",1,242.35000000000002,4,1,2,7,"New Customers"
18053.0,"2011-10-04 17:31:00",2,297.0700000000001,3,2,2,7,"Needs Attention"
15239.0,"2011-11-29 14:14:00",3,764.3399999999999,1,3,3,7,"At Risk"
16428.0,"2011-09-19 16:31:00",1,-2.95,4,2,1,7,"New Customers"
12738.0,"2010-12-02 18:27:00",1,155.34999999999997,5,1,1,7,"New Customers"
14196.0,"2011-08-25 10:25:00",1,335.52,4,1,2,7,"New Customers"
13927.0,"2011-09-26 12:00:00",1,348.99,4,1,2,7,"New Customers"
14908.0,"2011-09-26 12:56:00",1,277.8,4,1,2,7,"New Customers"
17628.0,"2011-09-19 15:21:00",1,75.75000000000001,4,2,1,7,"New Customers"
13228.0,"2011-09-19 14:28:00",1,358.0,4,1,2,7,"New Customers"
15504.0,"2011-09-19 13:45:00",1,52.83,4,2,1,7,"New Customers"
17356.0,"2011-02-01 11:07:00",1,178.21999999999994,5,1,1,7,"New Customers"
15243.0,"2011-09-26 14:12:00",1,316.68,4,1,2,7,"New Customers"
13774.0,"2011-09-19 12:06:00",1,344.99999999999994,4,1,2,7,"New Customers"
16468.0,"2011-09-26 14:13:00",1,74.9,4,2,1,7,"New Customers"
14862.0,"2011-11-14 10:01:00",2,841.1999999999999,2,2,3,7,"Lost"
14473.0,"2011-09-26 15:10:00",2,234.34,4,2,1,7,"New Customers"
16093.0,"2011-08-25 11:09:00",1,17.0,4,2,1,7,"New Customers"
12508.0,"2011-11-13 15:37:00",2,398.27,2,3,2,7,"At Risk"
13666.0,"2011-10-10 15:39:00",3,84.65000000000002,3,3,1,7,"Loyal Customers"
13584.0,"2011-02-06 12:49:00",1,142.4,5,1,1,7,"New Customers"
15053.0,"2011-12-05 12:08:00",3,697.7899999999998,1,3,3,7,"At Risk"
15975.0,"2011-09-16 13:33:00",1,371.00999999999993,4,1,2,7,"New Customers"
17844.0,"2011-08-25 11:27:00",1,51.56,4,2,1,7,"New Customers"
15388.0,"2011-03-14 13:53:00",1,140.54,5,1,1,7,"New Customers"
12512.0,"2011-10-04 14:55:00",2,138.03000000000003,3,3,1,7,"Loyal Customers"
13600.0,"2011-01-31 15:27:00",1,219.51999999999995,5,1,1,7,"New Customers"
16429.0,"2011-08-25 13:54:00",1,284.55,4,1,2,7,"New Customers"
15543.0,"2011-02-24 15:26:00",1,127.86000000000001,5,1,1,7,"New Customers"
13030.0,"2011-11-28 14:30:00",2,799.4800000000001,1,3,3,7,"At Risk"
15516.0,"2011-10-26 10:51:00",3,62.43000000000001,3,3,1,7,"Loyal Customers"
18156.0,"2011-11-27 12:24:00",2,734.9400000000005,2,2,3,7,"Lost"
15414.0,"2011-11-30 09:50:00",3,774.9,1,3,3,7,"At Risk"
14962.0,"2011-03-14 09:42:00",1,126.70000000000002,5,1,1,7,"New Customers"
15739.0,"2011-10-04 13:42:00",1,449.11999999999995,3,2,2,7,"Needs Attention"
15466.0,"2011-09-15 14:08:00",1,334.53000000000014,4,1,2,7,"New Customers"
12715.0,"2011-08-25 15:22:00",1,353.86,4,1,2,7,"New Customers"
16181.0,"2011-09-27 13:38:00",1,305.53999999999996,4,1,2,7,"New Customers"
13389.0,"2011-11-28 14:01:00",3,797.9600000000002,1,3,3,7,"At Risk"
14438.0,"2011-02-06 14:56:00",1,131.9,5,1,1,7,"New Customers"
15262.0,"2011-01-20 12:16:00",1,178.95,5,1,1,7,"New Customers"
13351.0,"2011-10-04 12:55:00",1,373.94,3,2,2,7,"Needs Attention"
16504.0,"2011-11-14 15:18:00",1,484.37999999999977,2,2,3,7,"Lost"
13318.0,"2011-12-08 18:51:00",3,640.76,1,3,3,7,"At Risk"
12956.0,"2011-02-06 16:08:00",1,108.07000000000004,5,1,1,7,"New Customers"
14882.0,"2011-11-13 12:47:00",2,589.7,2,2,3,7,"Lost"
15060.0,"2011-12-01 13:47:00",4,303.0899999999999,1,4,2,7,"At Risk"
17619.0,"2011-01-31 14:18:00",1,218.52,5,1,1,7,"New Customers"
15343.0,"2011-09-13 13:55:00",1,364.50000000000006,4,1,2,7,"New Customers"
16454.0,"2011-10-26 11:40:00",3,-8.15,3,3,1,7,"Loyal Customers"
16451.0,"2011-09-13 09:17:00",1,266.97,4,1,2,7,"New Customers"
13958.0,"2010-12-02 17:03:00",1,-102.45,5,1,1,7,"New Customers"
15429.0,"2011-11-13 12:28:00",3,364.9,2,3,2,7,"At Risk"
14184.0,"2011-10-04 12:43:00",1,452.89000000000004,3,2,2,7,"Needs Attention"
17433.0,"2011-09-12 14:24:00",1,303.15999999999997,4,1,2,7,"New Customers"
15721.0,"2011-11-28 12:14:00",1,507.07999999999987,2,2,3,7,"Lost"
13809.0,"2011-02-07 13:15:00",1,155.05,5,1,1,7,"New Customers"
12884.0,"2011-09-12 13:10:00",1,309.05,4,1,2,7,"New Customers"
16881.0,"2011-10-04 10:33:00",1,432.0,3,2,2,7,"Needs Attention"
16364.0,"2011-11-28 11:27:00",2,707.0400000000001,2,2,3,7,"Lost"
18215.0,"2011-09-11 16:05:00",1,299.3399999999999,4,1,2,7,"New Customers"
15714.0,"2011-11-28 11:26:00",2,330.87999999999994,2,3,2,7,"At Risk"
16796.0,"2011-09-11 14:01:00",1,305.61999999999995,4,1,2,7,"New Customers"
18082.0,"2011-11-14 12:45:00",1,703.3700000000001,2,2,3,7,"Lost"
16861.0,"2011-10-11 09:05:00",3,151.65,3,3,1,7,"Loyal Customers"
13061.0,"2011-09-28 16:04:00",1,248.61,4,1,2,7,"New Customers"
16900.0,"2011-11-28 10:50:00",5,187.6900000000004,2,4,1,7,"At Risk"
17031.0,"2011-11-28 10:23:00",2,380.35,2,3,2,7,"At Risk"
15035.0,"2011-09-11 11:08:00",1,252.73000000000005,4,1,2,7,"New Customers"
12658.0,"2011-11-21 10:22:00",1,686.05,2,2,3,7,"Lost"
15599.0,"2011-11-13 11:44:00",2,761.7400000000001,2,2,3,7,"Lost"
15652.0,"2011-09-09 14:22:00",1,337.74000000000007,4,1,2,7,"New Customers"
17736.0,"2011-11-30 15:36:00",4,337.49,1,4,2,7,"At Risk"
13441.0,"2011-09-09 09:38:00",1,296.64,4,1,2,7,"New Customers"
15198.0,"2011-09-08 14:42:00",2,193.64000000000001,4,2,1,7,"New Customers"
14847.0,"2011-07-14 10:52:00",1,309.4,4,1,2,7,"New Customers"
13886.0,"2011-09-29 13:17:00",1,243.55999999999997,4,1,2,7,"New Customers"
12574.0,"2011-01-28 09:20:00",1,218.45,5,1,1,7,"New Customers"
13786.0,"2010-12-07 13:53:00",1,230.4,5,1,1,7,"New Customers"
13226.0,"2011-03-11 14:35:00",1,108.21000000000001,5,1,1,7,"New Customers"
15488.0,"2011-09-08 10:11:00",1,91.32000000000001,4,2,1,7,"New Customers"
13732.0,"2011-11-11 15:49:00",1,491.86,2,2,3,7,"Lost"
17859.0,"2011-02-08 10:32:00",1,148.21000000000004,5,1,1,7,"New Customers"
13557.0,"2011-11-11 15:24:00",2,584.0600000000001,2,2,3,7,"Lost"
13210.0,"2011-09-07 08:18:00",1,353.47999999999996,4,1,2,7,"New Customers"
12718.0,"2011-09-29 16:38:00",1,238.25,4,1,2,7,"New Customers"
13130.0,"2011-09-06 15:30:00",1,64.0,4,2,1,7,"New Customers"
18059.0,"2011-11-30 17:02:00",4,296.71,1,4,2,7,"At Risk"
17595.0,"2011-11-27 16:08:00",2,388.7900000000001,2,3,2,7,"At Risk"
16400.0,"2011-09-06 12:27:00",1,303.93,4,1,2,7,"New Customers"
15444.0,"2011-11-30 17:37:00",2,1418.2600000000011,1,2,4,7,"Lost"
17881.0,"2011-02-08 17:16:00",1,133.35000000000002,5,1,1,7,"New Customers"
15049.0,"2011-03-11 12:13:00",1,121.17000000000002,5,1,1,7,"New Customers"
17309.0,"2011-09-05 15:20:00",1,82.75,4,2,1,7,"New Customers"
18001.0,"2011-11-27 16:02:00",2,417.22999999999996,2,3,2,7,"At Risk"
15843.0,"2011-02-09 10:19:00",1,118.95000000000002,5,1,1,7,"New Customers"
17044.0,"2011-12-01 08:54:00",3,897.43,1,3,3,7,"At Risk"
17540.0,"2011-12-01 09:00:00",3,570.4000000000001,1,3,3,7,"At Risk"
13161.0,"2011-01-30 14:03:00",1,112.75,5,1,1,7,"New Customers"
13667.0,"2011-07-13 15:42:00",1,305.0199999999999,4,1,2,7,"New Customers"
17506.0,"2011-09-30 12:54:00",2,294.29,3,2,2,7,"Needs Attention"
16761.0,"2011-09-04 11:15:00",1,316.62,4,1,2,7,"New Customers"
14171.0,"2011-09-02 16:43:00",1,363.7899999999999,4,1,2,7,"New Customers"
18112.0,"2011-11-27 14:43:00",2,352.69,2,3,2,7,"At Risk"
16404.0,"2011-09-30 14:55:00",1,443.04999999999995,3,2,2,7,"Needs Attention"
13040.0,"2011-12-01 10:38:00",2,676.9900000000001,1,3,3,7,"At Risk"
14436.0,"2011-09-02 10:13:00",1,89.06,4,2,1,7,"New Customers"
12703.0,"2011-10-06 19:23:00",2,274.7,3,2,2,7,"Needs Attention"
13045.0,"2011-09-01 15:04:00",1,305.28,4,1,2,7,"New Customers"
16450.0,"2011-07-13 11:47:00",1,311.92,4,1,2,7,"New Customers"
13606.0,"2011-11-10 17:46:00",3,280.53999999999996,2,3,2,7,"At Risk"
17843.0,"2011-02-09 15:33:00",1,205.47999999999993,5,1,1,7,"New Customers"
15395.0,"2011-01-18 12:40:00",1,107.45000000000002,5,1,1,7,"New Customers"
15930.0,"2011-10-03 14:52:00",1,426.6300000000001,3,2,2,7,"Needs Attention"
17579.0,"2011-12-05 12:28:00",4,440.19999999999993,1,4,2,7,"At Risk"
12448.0,"2011-10-26 13:46:00",1,449.45000000000005,3,2,2,7,"Needs Attention"
15557.0,"2011-11-11 12:46:00",1,473.65,2,2,3,7,"Lost"
12981.0,"2011-11-10 12:00:00",2,372.22,2,3,2,7,"At Risk"
12824.0,"2011-10-11 12:49:00",1,397.11999999999995,3,2,2,7,"Needs Attention"
14501.0,"2011-10-06 20:15:00",3,190.31,3,3,1,7,"Loyal Customers"
17384.0,"2011-11-20 15:48:00",2,336.4,2,3,2,7,"At Risk"
15820.0,"2011-01-24 12:00:00",1,206.97999999999996,5,1,1,7,"New Customers"
13898.0,"2011-01-18 10:28:00",1,155.93,5,1,1,7,"New Customers"
16835.0,"2011-08-03 13:50:00",2,180.85000000000002,4,2,1,7,"New Customers"
14987.0,"2011-11-24 09:59:00",2,326.4,2,3,2,7,"At Risk"
13359.0,"2011-10-11 16:48:00",2,431.2599999999999,3,2,2,7,"Needs Attention"
14104.0,"2011-07-08 12:50:00",2,216.20999999999998,4,2,1,7,"New Customers"
12648.0,"2011-07-08 11:55:00",1,318.05,4,1,2,7,"New Customers"
14539.0,"2011-11-24 09:50:00",2,537.48,2,2,3,7,"Lost"
12544.0,"2011-11-10 11:12:00",2,355.70000000000005,2,3,2,7,"At Risk"
13302.0,"2011-07-07 17:56:00",1,63.75,4,2,1,7,"New Customers"
18072.0,"2011-07-07 17:22:00",2,6.039613253960852e-14,4,2,1,7,"New Customers"
13699.0,"2011-07-07 16:51:00",1,308.58,4,1,2,7,"New Customers"
14725.0,"2011-11-15 12:42:00",1,718.0799999999998,2,2,3,7,"Lost"
14157.0,"2011-11-20 11:32:00",3,400.4300000000001,2,3,2,7,"At Risk"
18013.0,"2011-07-07 14:11:00",2,187.29000000000005,4,2,1,7,"New Customers"
13859.0,"2011-01-17 16:14:00",1,201.16,5,1,1,7,"New Customers"
16343.0,"2011-11-23 17:45:00",2,370.48,2,3,2,7,"At Risk"
13291.0,"2011-07-07 10:36:00",1,361.10999999999996,4,1,2,7,"New Customers"
15512.0,"2011-07-07 10:20:00",2,120.99999999999999,4,2,1,7,"New Customers"
12977.0,"2011-07-06 16:40:00",1,39.24,4,2,1,7,"New Customers"
12450.0,"2011-07-06 14:41:00",2,197.88,4,2,1,7,"New Customers"
14238.0,"2011-01-17 14:40:00",1,146.85,5,1,1,7,"New Customers"
16399.0,"2011-11-20 16:12:00",2,408.56999999999994,2,3,2,7,"At Risk"
17197.0,"2011-11-10 10:32:00",1,1013.01,2,1,4,7,"Lost"
13307.0,"2011-08-11 17:14:00",1,15.0,4,2,1,7,"New Customers"
13058.0,"2011-11-15 12:43:00",3,271.40000000000003,2,3,2,7,"At Risk"
15316.0,"2011-01-17 11:34:00",1,165.0,5,1,1,7,"New Customers"
14761.0,"2011-10-12 12:10:00",2,255.9,3,2,2,7,"Needs Attention"
13544.0,"2011-10-31 11:57:00",2,291.40999999999997,3,2,2,7,"Needs Attention"
13826.0,"2011-07-04 16:27:00",2,174.65,4,2,1,7,"New Customers"
17464.0,"2011-07-04 13:19:00",1,289.96000000000004,4,1,2,7,"New Customers"
18277.0,"2011-10-12 15:22:00",2,97.63,3,3,1,7,"Loyal Customers"
17781.0,"2011-07-03 16:00:00",2,188.01999999999992,4,2,1,7,"New Customers"
16884.0,"2011-11-02 11:52:00",2,429.84,3,2,2,7,"Needs Attention"
13817.0,"2011-11-10 17:49:00",2,382.98,2,3,2,7,"At Risk"
12750.0,"2011-08-03 09:13:00",1,275.88,4,1,2,7,"New Customers"
16926.0,"2010-12-03 13:42:00",1,230.25,5,1,1,7,"New Customers"
17123.0,"2011-07-01 10:47:00",1,345.29999999999995,4,1,2,7,"New Customers"
12672.0,"2011-01-14 09:20:00",1,225.9,5,1,1,7,"New Customers"
16471.0,"2011-03-10 09:41:00",1,223.95,5,1,1,7,"New Customers"
14327.0,"2011-06-29 13:58:00",1,311.6500000000001,4,1,2,7,"New Customers"
17408.0,"2011-06-29 12:53:00",1,32.65,4,2,1,7,"New Customers"
14165.0,"2011-03-09 12:39:00",1,122.53999999999999,5,1,1,7,"New Customers"
15247.0,"2011-08-09 12:52:00",1,356.0,4,1,2,7,"New Customers"
14351.0,"2011-06-28 11:56:00",1,51.0,4,2,1,7,"New Customers"
16545.0,"2011-06-28 10:37:00",1,339.3,4,1,2,7,"New Customers"
18011.0,"2010-12-01 17:35:00",1,102.79000000000002,5,1,1,7,"New Customers"
17564.0,"2011-11-15 13:27:00",3,454.00999999999993,2,3,2,7,"At Risk"
12548.0,"2011-06-26 15:35:00",1,95.19999999999999,4,2,1,7,"New Customers"
18086.0,"2011-03-10 13:34:00",1,101.34,5,1,1,7,"New Customers"
17969.0,"2011-06-26 13:00:00",2,228.2,4,2,1,7,"New Customers"
14335.0,"2011-11-23 13:41:00",2,468.26000000000005,2,2,3,7,"Lost"
16315.0,"2011-01-13 11:57:00",1,226.37,5,1,1,7,"New Customers"
17624.0,"2011-11-25 10:52:00",2,843.48,2,2,3,7,"Lost"
15447.0,"2011-01-13 11:26:00",1,155.17000000000002,5,1,1,7,"New Customers"
13066.0,"2011-11-15 13:39:00",3,430.9,2,3,2,7,"At Risk"
15264.0,"2011-10-06 13:49:00",1,393.74,3,2,2,7,"Needs Attention"
16647.0,"2011-06-23 11:47:00",2,214.06,4,2,1,7,"New Customers"
14185.0,"2011-01-12 13:52:00",1,197.65,5,1,1,7,"New Customers"
15130.0,"2011-06-23 10:15:00",1,330.11,4,1,2,7,"New Customers"
17425.0,"2011-11-20 15:30:00",2,759.1700000000002,2,2,3,7,"Lost"
13065.0,"2010-12-01 16:52:00",1,205.85999999999999,5,1,1,7,"New Customers"
17877.0,"2011-06-22 13:00:00",1,237.61,4,1,2,7,"New Customers"
17181.0,"2011-10-13 14:48:00",2,239.91999999999996,3,2,2,7,"Needs Attention"
17960.0,"2011-06-21 14:15:00",1,73.78,4,2,1,7,"New Customers"
16526.0,"2011-06-21 12:02:00",1,290.36,4,1,2,7,"New Customers"
12817.0,"2011-03-03 16:28:00",1,166.04,5,1,1,7,"New Customers"
14819.0,"2011-10-06 13:41:00",2,272.06999999999994,3,2,2,7,"Needs Attention"
13899.0,"2011-11-23 13:40:00",2,388.5199999999999,2,3,2,7,"At Risk"
17614.0,"2011-10-13 16:01:00",1,390.0699999999999,3,2,2,7,"Needs Attention"
15167.0,"2011-01-23 12:41:00",1,162.99999999999997,5,1,1,7,"New Customers"
14368.0,"2011-01-24 09:52:00",1,155.0,5,1,1,7,"New Customers"
15921.0,"2011-06-20 11:03:00",1,336.0299999999999,4,1,2,7,"New Customers"
14675.0,"2011-11-23 12:58:00",1,604.75,2,2,3,7,"Lost"
15901.0,"2011-11-23 12:43:00",3,363.88,2,3,2,7,"At Risk"
12740.0,"2011-10-07 10:44:00",1,427.59999999999997,3,2,2,7,"Needs Attention"
14240.0,"2011-11-09 13:45:00",2,890.3400000000003,2,2,3,7,"Lost"
13144.0,"2011-01-11 11:15:00",1,110.94999999999999,5,1,1,7,"New Customers"
16351.0,"2011-01-11 10:26:00",1,153.9,5,1,1,7,"New Customers"
17771.0,"2011-10-14 11:43:00",2,245.80999999999995,3,2,2,7,"Needs Attention"
15219.0,"2011-06-16 16:57:00",1,305.75,4,1,2,7,"New Customers"
12736.0,"2011-01-11 07:57:00",1,234.0,5,1,1,7,"New Customers"
17235.0,"2011-11-14 15:51:00",2,550.0600000000001,2,2,3,7,"Lost"
16257.0,"2011-06-16 10:11:00",1,46.95,4,2,1,7,"New Customers"
13279.0,"2011-10-06 18:51:00",2,126.30000000000001,3,3,1,7,"Loyal Customers"
15052.0,"2011-01-24 15:52:00",1,215.77999999999997,5,1,1,7,"New Customers"
17536.0,"2011-06-15 13:23:00",1,76.5,4,2,1,7,"New Customers"
18165.0,"2011-06-15 13:23:00",1,302.46000000000004,4,1,2,7,"New Customers"
17639.0,"2011-03-08 15:22:00",1,108.5,5,1,1,7,"New Customers"
18123.0,"2011-11-15 14:23:00",2,589.44,2,2,3,7,"Lost"
14764.0,"2011-10-27 10:46:00",2,250.55,3,2,2,7,"Needs Attention"
13663.0,"2011-06-13 15:44:00",1,189.47,5,1,1,7,"New Customers"
17941.0,"2011-08-01 08:30:00",1,304.56,4,1,2,7,"New Customers"
15720.0,"2011-11-15 14:48:00",1,598.7300000000004,2,2,3,7,"Lost"
17349.0,"2011-06-13 14:29:00",1,110.75,5,1,1,7,"New Customers"
12651.0,"2011-01-09 12:46:00",1,114.0,5,1,1,7,"New Customers"
17855.0,"2010-12-02 09:44:00",1,208.96999999999997,5,1,1,7,"New Customers"
15872.0,"2011-11-25 11:55:00",2,360.92999999999984,2,3,2,7,"At Risk"
12479.0,"2011-12-06 09:25:00",3,477.29999999999995,1,3,3,7,"At Risk"
17128.0,"2011-01-09 12:02:00",1,157.09,5,1,1,7,"New Customers"
14889.0,"2011-01-07 15:19:00",1,135.9,5,1,1,7,"New Customers"
17234.0,"2011-06-10 11:20:00",1,149.89,5,1,1,7,"New Customers"
16674.0,"2011-10-16 11:31:00",2,319.6099999999998,3,2,2,7,"Needs Attention"
17357.0,"2011-11-15 16:30:00",2,388.1399999999999,2,3,2,7,"At Risk"
15994.0,"2011-10-16 12:28:00",1,427.07,3,2,2,7,"Needs Attention"
14386.0,"2011-02-16 09:45:00",1,142.39999999999998,5,1,1,7,"New Customers"
16113.0,"2011-06-09 16:16:00",1,161.38,5,1,1,7,"New Customers"
14241.0,"2011-06-09 11:46:00",1,213.7,5,1,1,7,"New Customers"
15014.0,"2011-10-27 20:07:00",2,260.16999999999996,3,2,2,7,"Needs Attention"
14780.0,"2011-10-16 12:46:00",2,447.68,3,2,2,7,"Needs Attention"
15545.0,"2011-10-16 13:24:00",2,292.7199999999998,3,2,2,7,"Needs Attention"
18040.0,"2011-11-20 14:20:00",2,357.20000000000005,2,3,2,7,"At Risk"
16339.0,"2011-02-28 13:41:00",1,109.95000000000002,5,1,1,7,"New Customers"
13760.0,"2011-10-16 16:13:00",2,286.79,3,2,2,7,"Needs Attention"
13914.0,"2011-12-06 10:54:00",3,613.95,1,3,3,7,"At Risk"
17789.0,"2011-03-03 13:14:00",1,225.9,5,1,1,7,"New Customers"
16478.0,"2011-11-14 15:51:00",3,331.0,2,3,2,7,"At Risk"
15963.0,"2011-11-20 11:33:00",2,470.76,2,2,3,7,"Lost"
15607.0,"2011-01-07 12:44:00",1,104.76000000000002,5,1,1,7,"New Customers"
17987.0,"2011-06-07 14:22:00",1,198.57000000000002,5,1,1,7,"New Customers"
12441.0,"2010-12-08 10:45:00",1,173.55,5,1,1,7,"New Customers"
14869.0,"2011-12-06 10:55:00",3,721.9499999999999,1,3,3,7,"At Risk"
18164.0,"2011-11-08 17:49:00",2,394.70000000000005,2,3,2,7,"At Risk"
13579.0,"2011-11-25 08:41:00",2,467.03999999999996,2,2,3,7,"Lost"
14542.0,"2011-06-07 08:19:00",1,103.25000000000001,5,1,1,7,"New Customers"
13502.0,"2011-11-23 10:39:00",3,292.00000000000006,2,3,2,7,"At Risk"
15776.0,"2011-07-29 13:46:00",1,241.62,4,1,2,7,"New Customers"
16849.0,"2011-06-06 09:16:00",1,124.57,5,1,1,7,"New Customers"
16963.0,"2011-06-05 13:48:00",1,110.55000000000001,5,1,1,7,"New Customers"
12452.0,"2011-11-23 10:28:00",3,428.57000000000005,2,3,2,7,"At Risk"
15670.0,"2011-02-16 10:50:00",1,173.05,5,1,1,7,"New Customers"
14756.0,"2011-11-24 18:13:00",1,738.9599999999999,2,2,3,7,"Lost"
17205.0,"2011-10-17 12:46:00",1,384.08,3,2,2,7,"Needs Attention"
18216.0,"2011-11-08 16:55:00",1,481.75,2,2,3,7,"Lost"
16602.0,"2011-11-08 16:18:00",2,494.72999999999996,2,2,3,7,"Lost"
16117.0,"2011-06-03 11:42:00",1,232.21000000000004,5,1,1,7,"New Customers"
16284.0,"2011-11-08 16:12:00",2,823.9699999999998,2,2,3,7,"Lost"
12603.0,"2011-11-18 10:42:00",1,739.1999999999999,2,2,3,7,"Lost"
15942.0,"2011-07-29 09:01:00",1,337.44000000000005,4,1,2,7,"New Customers"
18268.0,"2011-07-28 19:13:00",2,0.0,4,2,1,7,"New Customers"
15070.0,"2010-12-02 11:23:00",1,106.2,5,1,1,7,"New Customers"
14453.0,"2011-06-02 14:15:00",1,119.92999999999999,5,1,1,7,"New Customers"
12503.0,"2011-01-06 11:51:00",1,-1126.0,5,1,1,7,"New Customers"
16737.0,"2011-10-17 13:03:00",1,417.59999999999997,3,2,2,7,"Needs Attention"
14765.0,"2011-11-10 19:53:00",3,254.10999999999996,2,3,2,7,"At Risk"
16185.0,"2011-11-23 09:41:00",2,529.41,2,2,3,7,"Lost"
15103.0,"2011-11-08 14:53:00",2,703.3600000000001,2,2,3,7,"Lost"
12719.0,"2011-12-04 13:45:00",3,608.0999999999998,1,3,3,7,"At Risk"
12492.0,"2011-10-07 15:15:00",2,263.21000000000004,3,2,2,7,"Needs Attention"
12673.0,"2011-12-04 13:55:00",2,610.52,1,3,3,7,"At Risk"
17643.0,"2010-12-01 14:38:00",1,101.55000000000001,5,1,1,7,"New Customers"
16038.0,"2011-12-02 12:40:00",4,454.33000000000004,1,4,2,7,"At Risk"
15746.0,"2011-07-28 15:27:00",2,182.95999999999998,4,2,1,7,"New Customers"
13070.0,"2011-05-31 13:45:00",1,228.8,5,1,1,7,"New Customers"
15118.0,"2011-07-28 14:54:00",1,244.8,4,1,2,7,"New Customers"
16483.0,"2011-05-31 13:08:00",1,139.35,5,1,1,7,"New Customers"
15925.0,"2011-05-29 15:35:00",1,207.15000000000003,5,1,1,7,"New Customers"
15184.0,"2011-11-10 13:41:00",2,406.76,2,3,2,7,"At Risk"
15266.0,"2011-01-05 13:40:00",1,119.29999999999998,5,1,1,7,"New Customers"
15043.0,"2011-11-08 14:26:00",1,537.0,2,2,3,7,"Lost"
16282.0,"2011-01-04 11:42:00",1,168.29999999999998,5,1,1,7,"New Customers"
16495.0,"2011-12-06 13:20:00",3,684.4100000000004,1,3,3,7,"At Risk"
16323.0,"2011-05-27 14:48:00",1,207.50000000000003,5,1,1,7,"New Customers"
13922.0,"2010-12-23 10:38:00",1,172.25,5,1,1,7,"New Customers"
15949.0,"2011-11-23 09:09:00",2,364.71999999999997,2,3,2,7,"At Risk"
14280.0,"2011-05-27 10:37:00",1,134.04,5,1,1,7,"New Customers"
12791.0,"2010-12-01 11:27:00",1,192.60000000000002,5,1,1,7,"New Customers"
15562.0,"2010-12-23 09:55:00",1,134.55,5,1,1,7,"New Customers"
18127.0,"2011-11-20 14:05:00",3,348.7299999999999,2,3,2,7,"At Risk"
13705.0,"2011-12-02 12:32:00",3,711.8600000000001,1,3,3,7,"At Risk"
12734.0,"2010-12-22 12:47:00",1,110.4,5,1,1,7,"New Customers"
12974.0,"2011-05-26 09:33:00",1,144.8,5,1,1,7,"New Customers"
15174.0,"2011-01-21 09:06:00",1,135.75,5,1,1,7,"New Customers"
16448.0,"2011-05-25 16:28:00",1,188.89,5,1,1,7,"New Customers"
14705.0,"2011-05-25 12:39:00",1,179.0,5,1,1,7,"New Customers"
17119.0,"2011-12-06 14:40:00",3,593.6099999999999,1,3,3,7,"At Risk"
17967.0,"2010-12-03 11:19:00",1,123.07,5,1,1,7,"New Customers"
15042.0,"2011-05-24 16:25:00",1,135.93,5,1,1,7,"New Customers"
15541.0,"2011-08-17 14:58:00",1,85.13000000000005,4,2,1,7,"New Customers"
13594.0,"2011-10-18 10:19:00",1,396.96999999999997,3,2,2,7,"Needs Attention"
17070.0,"2011-08-17 17:01:00",1,312.14,4,1,2,7,"New Customers"
14798.0,"2011-10-18 10:58:00",3,173.74,3,3,1,7,"Loyal Customers"
15261.0,"2011-07-27 15:20:00",1,254.82,4,1,2,7,"New Customers"
17923.0,"2011-03-02 15:15:00",1,207.50000000000003,5,1,1,7,"New Customers"
16690.0,"2011-10-27 10:58:00",3,208.63,3,3,1,7,"Loyal Customers"
15705.0,"2011-05-22 15:37:00",1,143.1,5,1,1,7,"New Customers"
15292.0,"2011-05-22 15:00:00",1,180.93999999999997,5,1,1,7,"New Customers"
16447.0,"2011-07-27 12:45:00",1,259.0099999999999,4,1,2,7,"New Customers"
15234.0,"2011-03-08 08:53:00",1,197.0,5,1,1,7,"New Customers"
18246.0,"2011-11-16 11:49:00",2,596.0999999999999,2,2,3,7,"Lost"
17418.0,"2011-10-28 13:00:00",2,463.46,3,2,2,7,"Needs Attention"
12990.0,"2011-11-08 13:01:00",3,409.50000000000006,2,3,2,7,"At Risk"
16757.0,"2011-01-25 11:59:00",1,106.83000000000001,5,1,1,7,"New Customers"
15460.0,"2010-12-20 16:08:00",1,216.75999999999996,5,1,1,7,"New Customers"
14314.0,"2011-08-25 10:39:00",1,119.99999999999999,4,1,1,6,"New Customers"
17608.0,"2011-11-06 13:06:00",2,193.42000000000002,3,2,1,6,"Needs Attention"
13067.0,"2011-09-18 13:38:00",1,115.46000000000001,4,1,1,6,"New Customers"
16527.0,"2011-09-19 16:21:00",1,228.06,4,1,1,6,"New Customers"
15883.0,"2011-12-07 17:05:00",2,396.47999999999996,1,3,2,6,"At Risk"
18099.0,"2011-08-04 15:52:00",1,168.31,4,1,1,6,"New Customers"
17495.0,"2011-12-02 12:08:00",2,497.56000000000006,1,2,3,6,"Lost"
18278.0,"2011-09-27 11:58:00",1,173.89999999999998,4,1,1,6,"New Customers"
15016.0,"2011-06-20 12:06:00",1,170.04,4,1,1,6,"New Customers"
13504.0,"2011-10-06 13:20:00",1,295.93000000000006,3,1,2,6,"Needs Attention"
17221.0,"2011-12-02 13:35:00",2,335.12999999999994,1,3,2,6,"At Risk"
16561.0,"2011-12-04 11:50:00",2,511.12000000000006,1,2,3,6,"Lost"
15725.0,"2011-11-24 14:51:00",1,415.25,2,2,2,6,"Lost"
13938.0,"2011-11-04 14:37:00",1,71.66,3,2,1,6,"Needs Attention"
15524.0,"2011-11-15 12:09:00",1,440.0,2,2,2,6,"Lost"
12837.0,"2011-06-19 16:07:00",1,134.1,4,1,1,6,"New Customers"
13792.0,"2011-10-04 14:31:00",2,195.55000000000004,3,2,1,6,"Needs Attention"
15773.0,"2011-12-04 12:48:00",1,635.6800000000001,1,2,3,6,"Lost"
12787.0,"2011-11-30 08:44:00",3,463.6600000000001,1,3,2,6,"At Risk"
14594.0,"2011-12-02 13:28:00",2,379.82999999999987,1,3,2,6,"At Risk"
13568.0,"2011-06-19 14:42:00",1,192.85,4,1,1,6,"New Customers"
17879.0,"2011-06-19 12:36:00",1,178.51999999999998,4,1,1,6,"New Customers"
17711.0,"2011-11-29 11:40:00",2,385.09999999999997,1,3,2,6,"At Risk"
17806.0,"2011-11-28 14:12:00",1,546.0399999999998,1,2,3,6,"Lost"
16050.0,"2011-06-19 11:44:00",1,137.90000000000003,4,1,1,6,"New Customers"
16071.0,"2011-10-26 11:14:00",1,326.2400000000001,3,1,2,6,"Needs Attention"
12925.0,"2011-12-05 11:11:00",2,694.0499999999998,1,2,3,6,"Lost"
16594.0,"2011-09-25 14:08:00",1,181.08999999999997,4,1,1,6,"New Customers"
16800.0,"2011-11-28 14:06:00",1,1201.4900000000007,1,1,4,6,"Lost"
14784.0,"2011-11-13 13:30:00",2,289.98999999999995,2,2,2,6,"Lost"
13618.0,"2011-06-19 11:09:00",1,177.34,4,1,1,6,"New Customers"
15663.0,"2011-08-25 15:50:00",1,138.14000000000001,4,1,1,6,"New Customers"
16803.0,"2011-10-05 14:28:00",1,332.3,3,1,2,6,"Needs Attention"
15909.0,"2011-06-19 10:38:00",1,191.94,4,1,1,6,"New Customers"
15565.0,"2011-10-20 14:33:00",2,173.16,3,2,1,6,"Needs Attention"
13596.0,"2011-12-04 12:01:00",2,697.0399999999998,1,2,3,6,"Lost"
18200.0,"2011-08-25 18:45:00",1,163.79999999999995,4,1,1,6,"New Customers"
13079.0,"2011-12-05 16:53:00",5,220.09999999999997,1,4,1,6,"At Risk"
13877.0,"2011-09-14 15:49:00",1,117.24,4,1,1,6,"New Customers"
13352.0,"2011-12-02 11:58:00",2,389.28000000000003,1,3,2,6,"At Risk"
17347.0,"2011-09-14 13:12:00",1,228.96,4,1,1,6,"New Customers"
17157.0,"2011-12-02 09:10:00",3,306.54999999999995,1,3,2,6,"At Risk"
16641.0,"2011-08-26 12:49:00",1,231.10000000000002,4,1,1,6,"New Customers"
13153.0,"2011-12-04 12:14:00",1,486.22,1,2,3,6,"Lost"
12756.0,"2011-09-14 09:31:00",1,112.07999999999998,4,1,1,6,"New Customers"
13806.0,"2011-10-07 11:43:00",1,256.38,3,1,2,6,"Needs Attention"
13565.0,"2011-11-20 14:33:00",2,240.22000000000008,2,2,2,6,"Lost"
14508.0,"2011-11-17 19:48:00",2,276.41999999999996,2,2,2,6,"Lost"
16959.0,"2011-09-13 15:03:00",1,117.35000000000001,4,1,1,6,"New Customers"
15957.0,"2011-11-08 12:14:00",1,428.89,2,2,2,6,"Lost"
16347.0,"2011-11-28 13:14:00",2,887.6500000000005,1,2,3,6,"Lost"
14597.0,"2011-11-28 13:13:00",2,883.1500000000001,1,2,3,6,"Lost"
16413.0,"2011-10-14 12:08:00",1,262.20000000000005,3,1,2,6,"Needs Attention"
15216.0,"2011-09-13 11:41:00",1,96.6,4,1,1,6,"New Customers"
13411.0,"2011-08-24 13:57:00",1,213.55000000000004,4,1,1,6,"New Customers"
17831.0,"2011-11-06 15:09:00",1,35.400000000000006,3,2,1,6,"Needs Attention"
18006.0,"2011-11-16 16:52:00",1,444.68,2,2,2,6,"Lost"
13154.0,"2011-07-18 15:21:00",1,-611.86,4,1,1,6,"New Customers"
17852.0,"2011-11-28 12:36:00",2,114.34000000000002,2,3,1,6,"At Risk"
13006.0,"2011-10-14 13:49:00",1,81.57,3,2,1,6,"Needs Attention"
17321.0,"2011-12-01 13:41:00",2,700.8600000000001,1,2,3,6,"Lost"
14448.0,"2011-11-30 13:50:00",2,375.35,1,3,2,6,"At Risk"
16461.0,"2011-06-15 12:07:00",1,151.42000000000002,4,1,1,6,"New Customers"
15348.0,"2011-09-28 13:17:00",1,158.04,4,1,1,6,"New Customers"
15274.0,"2011-12-05 16:57:00",2,716.57,1,2,3,6,"Lost"
16557.0,"2011-11-15 14:04:00",2,281.85,2,2,2,6,"Lost"
15766.0,"2011-10-06 17:03:00",1,315.06,3,1,2,6,"Needs Attention"
17382.0,"2011-10-05 13:05:00",1,65.4,3,2,1,6,"Needs Attention"
15256.0,"2011-07-14 11:47:00",1,98.45,4,1,1,6,"New Customers"
17986.0,"2011-10-14 14:22:00",1,20.8,3,2,1,6,"Needs Attention"
13207.0,"2011-11-24 14:52:00",2,250.26000000000002,2,2,2,6,"Lost"
17668.0,"2011-12-08 13:25:00",2,347.75,1,3,2,6,"At Risk"
16386.0,"2011-11-11 12:28:00",2,317.1999999999997,2,2,2,6,"Lost"
13273.0,"2011-08-18 14:02:00",1,138.98,4,1,1,6,"New Customers"
18255.0,"2011-09-11 13:16:00",1,103.3,4,1,1,6,"New Customers"
17125.0,"2011-10-20 14:41:00",1,259.34999999999997,3,1,2,6,"Needs Attention"
17111.0,"2011-10-23 15:59:00",1,248.60999999999996,3,1,2,6,"Needs Attention"
18154.0,"2011-12-06 16:41:00",2,399.18999999999994,1,3,2,6,"At Risk"
18181.0,"2011-11-15 15:08:00",1,382.79999999999995,2,2,2,6,"Lost"
14470.0,"2011-11-28 10:31:00",2,461.18999999999994,2,2,2,6,"Lost"
14073.0,"2011-11-18 16:14:00",2,139.54,2,3,1,6,"At Risk"
16535.0,"2011-12-04 15:18:00",1,593.75,1,2,3,6,"Lost"
15325.0,"2011-08-28 11:55:00",1,162.28999999999996,4,1,1,6,"New Customers"
15438.0,"2011-07-31 14:19:00",1,156.58,4,1,1,6,"New Customers"
16830.0,"2011-11-01 11:35:00",1,325.91,3,1,2,6,"Needs Attention"
17403.0,"2011-11-03 15:18:00",1,281.62000000000006,3,1,2,6,"Needs Attention"
17427.0,"2011-09-29 11:29:00",1,100.8,4,1,1,6,"New Customers"
14287.0,"2011-12-01 13:25:00",4,151.23,1,4,1,6,"At Risk"
15863.0,"2011-11-14 12:49:00",2,68.84000000000002,2,3,1,6,"At Risk"
17081.0,"2011-11-14 12:56:00",2,290.1599999999999,2,2,2,6,"Lost"
17666.0,"2011-12-06 09:06:00",2,728.16,1,2,3,6,"Lost"
16123.0,"2011-10-19 09:18:00",1,307.78000000000003,3,1,2,6,"Needs Attention"
15175.0,"2011-09-29 11:31:00",1,224.14000000000004,4,1,1,6,"New Customers"
13954.0,"2011-12-08 12:50:00",3,378.59000000000003,1,3,2,6,"At Risk"
15368.0,"2011-11-18 14:42:00",1,446.94000000000005,2,2,2,6,"Lost"
18262.0,"2011-07-22 16:04:00",1,149.48000000000002,4,1,1,6,"New Customers"
12784.0,"2011-11-30 15:38:00",2,574.4199999999997,1,2,3,6,"Lost"
14205.0,"2011-11-29 11:56:00",4,218.78000000000003,1,4,1,6,"At Risk"
13503.0,"2011-09-29 13:23:00",1,216.84999999999997,4,1,1,6,"New Customers"
14722.0,"2011-07-15 14:58:00",1,187.92000000000002,4,1,1,6,"New Customers"
18158.0,"2011-11-30 16:19:00",3,451.75000000000006,1,3,2,6,"At Risk"
13244.0,"2011-09-08 11:46:00",1,121.74000000000002,4,1,1,6,"New Customers"
17928.0,"2011-10-25 13:52:00",2,212.54000000000002,3,2,1,6,"Needs Attention"
13177.0,"2011-10-06 09:56:00",1,282.45,3,1,2,6,"Needs Attention"
14093.0,"2011-11-27 16:27:00",1,442.8500000000002,2,2,2,6,"Lost"
17448.0,"2011-07-18 12:26:00",1,-4287.63,4,1,1,6,"New Customers"
13513.0,"2011-08-05 11:50:00",1,205.09999999999997,4,1,1,6,"New Customers"
12478.0,"2011-12-06 09:56:00",1,680.9900000000001,1,2,3,6,"Lost"
13778.0,"2011-08-28 15:25:00",1,178.70000000000002,4,1,1,6,"New Customers"
14550.0,"2011-11-29 12:12:00",2,765.62,1,2,3,6,"Lost"
14652.0,"2011-09-23 14:21:00",1,114.17999999999999,4,1,1,6,"New Customers"
13866.0,"2011-09-26 14:54:00",1,145.67,4,1,1,6,"New Customers"
15010.0,"2011-11-04 12:42:00",1,308.93999999999994,3,1,2,6,"Needs Attention"
16213.0,"2011-09-22 10:03:00",1,159.0,4,1,1,6,"New Customers"
17839.0,"2011-10-28 17:27:00",1,338.7999999999999,3,1,2,6,"Needs Attention"
16207.0,"2011-11-14 13:51:00",1,394.3799999999999,2,2,2,6,"Lost"
15850.0,"2011-11-20 14:14:00",2,238.85000000000002,2,2,2,6,"Lost"
14208.0,"2011-09-06 12:48:00",1,151.73999999999998,4,1,1,6,"New Customers"
17973.0,"2011-10-19 10:34:00",1,337.03999999999996,3,1,2,6,"Needs Attention"
16052.0,"2011-10-16 15:13:00",1,362.06000000000006,3,1,2,6,"Needs Attention"
17052.0,"2011-11-11 14:50:00",1,413.7500000000001,2,2,2,6,"Lost"
16368.0,"2011-12-07 13:12:00",2,497.42999999999984,1,2,3,6,"Lost"
13657.0,"2011-11-29 12:32:00",2,382.14,1,3,2,6,"At Risk"
18147.0,"2011-10-25 11:46:00",2,179.34,3,2,1,6,"Needs Attention"
14080.0,"2011-11-07 11:09:00",1,45.599999999999994,3,2,1,6,"Needs Attention"
13283.0,"2011-10-11 09:50:00",2,93.66,3,2,1,6,"Needs Attention"
15054.0,"2011-11-27 15:02:00",2,302.09999999999985,2,2,2,6,"Lost"
17760.0,"2011-11-18 10:56:00",2,287.59000000000003,2,2,2,6,"Lost"
16414.0,"2011-11-18 09:42:00",2,126.25,2,3,1,6,"At Risk"
18019.0,"2011-10-19 12:10:00",1,38.45,3,2,1,6,"Needs Attention"
13972.0,"2011-09-30 11:54:00",2,190.25000000000006,3,2,1,6,"Needs Attention"
14995.0,"2011-11-01 11:39:00",2,233.23000000000002,3,2,1,6,"Needs Attention"
15307.0,"2011-09-05 11:38:00",1,205.30000000000004,4,1,1,6,"New Customers"
15612.0,"2011-11-03 14:52:00",2,195.15,3,2,1,6,"Needs Attention"
13095.0,"2011-09-30 12:03:00",1,74.39999999999999,3,2,1,6,"Needs Attention"
15667.0,"2011-10-31 10:56:00",1,301.3200000000001,3,1,2,6,"Needs Attention"
17376.0,"2011-09-30 12:36:00",2,203.2,3,2,1,6,"Needs Attention"
14950.0,"2011-12-01 09:42:00",2,361.25000000000006,1,3,2,6,"At Risk"
15277.0,"2011-10-24 10:08:00",1,255.9,3,1,2,6,"Needs Attention"
13801.0,"2011-10-04 10:15:00",1,324.8,3,1,2,6,"Needs Attention"
12814.0,"2011-08-30 12:11:00",1,125.92,4,1,1,6,"New Customers"
14853.0,"2011-12-01 09:44:00",3,463.04999999999995,1,3,2,6,"At Risk"
13347.0,"2011-09-30 13:28:00",1,341.36,3,1,2,6,"Needs Attention"
15101.0,"2011-12-01 10:18:00",3,310.03,1,3,2,6,"At Risk"
12851.0,"2011-09-04 12:41:00",1,135.18000000000004,4,1,1,6,"New Customers"
15185.0,"2011-09-30 14:06:00",1,310.62,3,1,2,6,"Needs Attention"
15870.0,"2011-11-07 10:58:00",1,354.09000000000003,3,1,2,6,"Needs Attention"
13255.0,"2011-12-06 10:56:00",3,390.65999999999997,1,3,2,6,"At Risk"
17503.0,"2011-12-07 09:18:00",2,558.96,1,2,3,6,"Lost"
14100.0,"2011-07-25 11:01:00",1,194.9,4,1,1,6,"New Customers"
13189.0,"2011-11-21 10:39:00",2,260.68000000000006,2,2,2,6,"Lost"
18027.0,"2011-09-02 10:38:00",1,115.31,4,1,1,6,"New Customers"
12391.0,"2011-11-18 12:07:00",1,460.8899999999997,2,2,2,6,"Lost"
13364.0,"2011-10-04 09:48:00",2,7.105427357601002e-15,3,2,1,6,"Needs Attention"
13099.0,"2011-09-01 17:40:00",1,207.35999999999999,4,1,1,6,"New Customers"
12641.0,"2011-08-16 13:26:00",1,185.9,4,1,1,6,"New Customers"
15866.0,"2011-08-30 14:09:00",1,230.52999999999994,4,1,1,6,"New Customers"
17201.0,"2011-10-17 11:55:00",1,342.63,3,1,2,6,"Needs Attention"
12789.0,"2011-10-05 13:34:00",1,91.85000000000001,3,2,1,6,"Needs Attention"
17620.0,"2011-10-11 12:08:00",1,81.44,3,2,1,6,"Needs Attention"
15774.0,"2011-10-02 12:04:00",1,270.79999999999995,3,1,2,6,"Needs Attention"
16183.0,"2011-10-03 14:59:00",1,338.71000000000004,3,1,2,6,"Needs Attention"
15895.0,"2011-07-13 10:27:00",1,179.17,4,1,1,6,"New Customers"
16903.0,"2011-11-10 15:32:00",1,373.24000000000007,2,2,2,6,"Lost"
16026.0,"2011-10-27 13:53:00",1,236.09000000000006,3,1,2,6,"Needs Attention"
15320.0,"2011-10-26 13:27:00",1,267.12999999999994,3,1,2,6,"Needs Attention"
15286.0,"2011-10-21 11:08:00",1,240.55,3,1,2,6,"Needs Attention"
13068.0,"2011-11-29 15:00:00",2,344.0,1,3,2,6,"At Risk"
14768.0,"2011-11-22 12:54:00",3,139.50000000000003,2,3,1,6,"At Risk"
13923.0,"2011-10-17 12:33:00",1,351.13,3,1,2,6,"Needs Attention"
12375.0,"2011-12-07 11:27:00",3,455.42000000000013,1,3,2,6,"At Risk"
15263.0,"2011-08-25 10:26:00",1,156.51,4,1,1,6,"New Customers"
15355.0,"2011-11-10 13:44:00",2,277.05000000000007,2,2,2,6,"Lost"
12827.0,"2011-12-04 12:17:00",3,430.1499999999999,1,3,2,6,"At Risk"
16742.0,"2011-10-24 12:02:00",2,0.0,3,2,1,6,"Needs Attention"
16824.0,"2011-11-24 12:38:00",2,460.63999999999993,2,2,2,6,"Lost"
12890.0,"2011-11-15 17:26:00",1,380.46999999999997,2,2,2,6,"Lost"
13311.0,"2011-12-05 12:55:00",2,598.5699999999999,1,2,3,6,"Lost"
16826.0,"2011-10-19 14:05:00",1,341.7,3,1,2,6,"Needs Attention"
17514.0,"2011-08-03 15:45:00",1,208.65,4,1,1,6,"New Customers"
13091.0,"2011-11-18 16:48:00",2,319.82000000000005,2,2,2,6,"Lost"
14552.0,"2011-07-11 12:49:00",1,165.07000000000008,4,1,1,6,"New Customers"
15597.0,"2011-11-10 11:46:00",2,315.71999999999997,2,2,2,6,"Lost"
15659.0,"2011-10-27 09:23:00",1,306.45000000000005,3,1,2,6,"Needs Attention"
13678.0,"2011-07-11 10:14:00",1,232.59999999999997,4,1,1,6,"New Customers"
14972.0,"2011-08-03 14:54:00",1,114.77000000000001,4,1,1,6,"New Customers"
16601.0,"2011-10-30 11:09:00",1,244.79999999999998,3,1,2,6,"Needs Attention"
16851.0,"2011-12-05 13:32:00",3,342.45,1,3,2,6,"At Risk"
16171.0,"2011-10-11 14:51:00",1,73.2,3,2,1,6,"Needs Attention"
14557.0,"2011-10-06 20:36:00",2,1.4210854715202004e-13,3,2,1,6,"Needs Attention"
17122.0,"2011-08-12 14:33:00",1,138.32,4,1,1,6,"New Customers"
16596.0,"2011-11-24 10:02:00",2,250.14999999999998,2,2,2,6,"Lost"
14143.0,"2011-07-29 09:48:00",1,115.8,4,1,1,6,"New Customers"
16025.0,"2011-11-10 11:45:00",1,439.6599999999999,2,2,2,6,"Lost"
17566.0,"2011-12-01 19:54:00",2,901.2100000000005,1,2,3,6,"Lost"
17824.0,"2011-10-19 14:14:00",1,298.4,3,1,2,6,"Needs Attention"
12522.0,"2011-10-31 15:30:00",2,192.72,3,2,1,6,"Needs Attention"
15471.0,"2011-12-07 14:12:00",1,469.47999999999996,1,2,3,6,"Lost"
12713.0,"2011-12-09 12:16:00",1,848.5499999999998,1,2,3,6,"Lost"
17222.0,"2011-10-05 13:58:00",1,354.15000000000003,3,1,2,6,"Needs Attention"
17155.0,"2011-11-22 12:38:00",2,251.69999999999993,2,2,2,6,"Lost"
17250.0,"2011-12-06 12:15:00",2,384.5199999999999,1,3,2,6,"At Risk"
16178.0,"2011-07-24 16:05:00",1,197.9,4,1,1,6,"New Customers"
13103.0,"2011-10-31 09:38:00",1,243.94,3,1,2,6,"Needs Attention"
17660.0,"2011-07-21 13:37:00",1,195.99999999999994,4,1,1,6,"New Customers"
17466.0,"2011-11-29 13:15:00",2,763.2800000000003,1,2,3,6,"Lost"
14406.0,"2011-08-12 16:54:00",1,156.75,4,1,1,6,"New Customers"
16204.0,"2011-11-16 13:40:00",1,405.71000000000004,2,2,2,6,"Lost"
14528.0,"2011-11-02 17:09:00",1,364.21999999999997,3,1,2,6,"Needs Attention"
17290.0,"2011-12-06 12:38:00",2,525.2399999999997,1,2,3,6,"Lost"
16104.0,"2011-10-09 10:23:00",1,302.35999999999996,3,1,2,6,"Needs Attention"
14806.0,"2011-09-25 15:32:00",1,193.39,4,1,1,6,"New Customers"
12430.0,"2011-10-27 15:09:00",1,256.4,3,1,2,6,"Needs Attention"
17065.0,"2011-07-19 14:45:00",1,-112.35,4,1,1,6,"New Customers"
13259.0,"2011-10-09 10:48:00",1,292.31999999999994,3,1,2,6,"Needs Attention"
17835.0,"2011-12-07 11:48:00",3,350.6399999999999,1,3,2,6,"At Risk"
16829.0,"2011-07-06 10:48:00",1,197.22,4,1,1,6,"New Customers"
17817.0,"2011-12-05 14:39:00",3,387.67999999999995,1,3,2,6,"At Risk"
15877.0,"2011-12-08 11:57:00",3,440.78000000000003,1,3,2,6,"At Risk"
13669.0,"2011-10-20 09:32:00",2,218.55,3,2,1,6,"Needs Attention"
14792.0,"2011-10-07 09:19:00",2,0.0,3,2,1,6,"Needs Attention"
16318.0,"2011-11-04 13:05:00",1,328.1500000000001,3,1,2,6,"Needs Attention"
16338.0,"2011-07-05 13:56:00",1,214.8,4,1,1,6,"New Customers"
18203.0,"2011-07-05 13:07:00",1,160.41999999999996,4,1,1,6,"New Customers"
14772.0,"2011-08-19 15:04:00",1,139.26000000000002,4,1,1,6,"New Customers"
16811.0,"2011-12-05 11:39:00",2,547.07,1,2,3,6,"Lost"
17266.0,"2011-12-07 14:12:00",3,310.6399999999999,1,3,2,6,"At Risk"
15374.0,"2011-08-03 09:59:00",1,168.0,4,1,1,6,"New Customers"
15683.0,"2011-08-14 12:56:00",1,193.74999999999997,4,1,1,6,"New Customers"
16344.0,"2011-07-04 15:50:00",1,101.10000000000001,4,1,1,6,"New Customers"
14259.0,"2011-07-21 10:44:00",1,120.0,4,1,1,6,"New Customers"
17163.0,"2011-11-18 08:57:00",2,293.1,2,2,2,6,"Lost"
15007.0,"2011-07-03 16:00:00",1,156.91,4,1,1,6,"New Customers"
17331.0,"2011-08-08 11:55:00",1,175.2,4,1,1,6,"New Customers"
12607.0,"2011-10-12 16:17:00",2,4.831690603168681e-13,3,2,1,6,"Needs Attention"
17899.0,"2011-07-03 14:58:00",1,155.79999999999998,4,1,1,6,"New Customers"
17232.0,"2011-12-07 12:21:00",2,421.52,1,3,2,6,"At Risk"
17939.0,"2011-07-03 12:27:00",1,99.14,4,1,1,6,"New Customers"
15269.0,"2011-11-16 09:32:00",1,408.8,2,2,2,6,"Lost"
16322.0,"2011-12-08 15:41:00",2,326.75,1,3,2,6,"At Risk"
17079.0,"2011-09-22 15:34:00",1,118.80000000000001,4,1,1,6,"New Customers"
17887.0,"2011-08-02 17:29:00",1,111.35000000000001,4,1,1,6,"New Customers"
15385.0,"2011-10-30 15:11:00",1,316.88,3,1,2,6,"Needs Attention"
17891.0,"2011-06-30 20:08:00",1,203.85999999999999,4,1,1,6,"New Customers"
15450.0,"2011-11-09 17:11:00",1,429.84,2,2,2,6,"Lost"
15578.0,"2011-06-30 13:03:00",1,127.09999999999998,4,1,1,6,"New Customers"
17549.0,"2011-11-16 09:59:00",2,148.86,2,3,1,6,"At Risk"
13271.0,"2011-11-02 14:43:00",2,178.2599999999999,3,2,1,6,"Needs Attention"
13621.0,"2011-08-15 08:26:00",1,213.85,4,1,1,6,"New Customers"
12454.0,"2011-10-17 15:07:00",2,-1.1368683772161603e-13,3,2,1,6,"Needs Attention"
15537.0,"2011-06-29 13:10:00",1,110.92000000000002,4,1,1,6,"New Customers"
15423.0,"2011-11-01 14:01:00",1,43.5,3,2,1,6,"Needs Attention"
14537.0,"2011-10-13 10:54:00",1,355.56000000000006,3,1,2,6,"Needs Attention"
12968.0,"2011-08-19 15:44:00",1,135.95,4,1,1,6,"New Customers"
14076.0,"2011-08-02 15:19:00",1,122.46999999999997,4,1,1,6,"New Customers"
17475.0,"2011-09-21 14:55:00",1,194.36999999999995,4,1,1,6,"New Customers"
16177.0,"2011-10-20 12:57:00",1,331.94999999999993,3,1,2,6,"Needs Attention"
17684.0,"2011-10-27 11:10:00",1,239.40999999999997,3,1,2,6,"Needs Attention"
13272.0,"2011-11-08 14:00:00",2,276.56,2,2,2,6,"Lost"
18084.0,"2011-11-23 13:57:00",2,87.52999999999999,2,3,1,6,"At Risk"
17830.0,"2011-12-08 12:28:00",3,398.69999999999993,1,3,2,6,"At Risk"
16432.0,"2011-10-06 13:59:00",1,287.40000000000003,3,1,2,6,"Needs Attention"
17110.0,"2011-06-27 12:58:00",1,163.29999999999998,4,1,1,6,"New Customers"
14054.0,"2011-10-05 15:49:00",1,92.46,3,2,1,6,"Needs Attention"
14624.0,"2011-10-13 13:44:00",2,225.85,3,2,1,6,"Needs Attention"
14975.0,"2011-10-13 14:08:00",1,279.94,3,1,2,6,"Needs Attention"
16595.0,"2011-10-09 13:15:00",1,360.16,3,1,2,6,"Needs Attention"
13366.0,"2011-10-20 13:37:00",1,56.160000000000004,3,2,1,6,"Needs Attention"
14795.0,"2011-06-26 13:04:00",1,131.45000000000002,4,1,1,6,"New Customers"
13845.0,"2011-10-06 08:25:00",1,312.98,3,1,2,6,"Needs Attention"
14023.0,"2011-12-02 13:58:00",2,584.07,1,2,3,6,"Lost"
16848.0,"2011-10-18 08:42:00",1,281.42,3,1,2,6,"Needs Attention"
13173.0,"2011-12-05 15:51:00",2,353.6499999999999,1,3,2,6,"At Risk"
13780.0,"2011-12-02 13:49:00",2,360.0099999999999,1,3,2,6,"At Risk"
15678.0,"2011-10-18 09:25:00",1,352.7,3,1,2,6,"Needs Attention"
12519.0,"2011-10-07 09:26:00",1,340.8399999999999,3,1,2,6,"Needs Attention"
12864.0,"2011-07-24 13:03:00",1,147.12,4,1,1,6,"New Customers"
13937.0,"2011-06-23 16:35:00",1,158.85,4,1,1,6,"New Customers"
17962.0,"2011-07-20 14:16:00",1,102.82999999999998,4,1,1,6,"New Customers"
15822.0,"2011-12-06 14:50:00",2,885.4699999999999,1,2,3,6,"Lost"
14484.0,"2011-10-20 14:11:00",1,321.91999999999996,3,1,2,6,"Needs Attention"
15539.0,"2011-12-02 13:36:00",1,538.4600000000002,1,2,3,6,"Lost"
16430.0,"2011-10-13 14:47:00",1,300.85,3,1,2,6,"Needs Attention"
17709.0,"2011-06-23 11:55:00",1,137.45000000000002,4,1,1,6,"New Customers"
13514.0,"2011-09-27 09:39:00",1,152.20000000000002,4,1,1,6,"New Customers"
15958.0,"2011-09-26 13:41:00",1,104.35000000000001,4,1,1,6,"New Customers"
15163.0,"2011-11-21 13:10:00",2,304.4699999999999,2,2,2,6,"Lost"
16287.0,"2011-06-23 09:08:00",1,142.5,4,1,1,6,"New Customers"
12795.0,"2011-11-21 10:27:00",1,430.48,2,2,2,6,"Lost"
15041.0,"2011-06-22 16:16:00",1,180.34999999999997,4,1,1,6,"New Customers"
14902.0,"2011-11-18 17:09:00",2,314.11,2,2,2,6,"Lost"
16247.0,"2011-06-22 14:23:00",1,114.56000000000002,4,1,1,6,"New Customers"
17984.0,"2011-07-17 15:59:00",1,152.68000000000006,4,1,1,6,"New Customers"
16961.0,"2011-08-15 13:46:00",1,234.17000000000002,4,1,1,6,"New Customers"
16114.0,"2011-06-22 10:13:00",1,135.75,4,1,1,6,"New Customers"
13897.0,"2011-10-20 14:30:00",1,311.15999999999997,3,1,2,6,"Needs Attention"
15412.0,"2011-06-21 15:24:00",1,190.53,4,1,1,6,"New Customers"
16758.0,"2011-10-05 14:47:00",1,369.34000000000003,3,1,2,6,"Needs Attention"
13947.0,"2011-10-05 14:42:00",1,90.6,3,2,1,6,"Needs Attention"
16793.0,"2011-10-13 15:08:00",1,243.83999999999997,3,1,2,6,"Needs Attention"
16119.0,"2011-12-01 15:11:00",2,423.36,1,3,2,6,"At Risk"
15280.0,"2011-06-20 17:14:00",1,113.11999999999999,4,1,1,6,"New Customers"
14954.0,"2011-11-27 14:30:00",1,336.1699999999999,2,1,2,5,"Lost"
13142.0,"2011-11-20 16:07:00",1,307.0899999999999,2,1,2,5,"Lost"
16878.0,"2011-11-15 08:52:00",2,8.881784197001252e-16,2,2,1,5,"Lost"
14863.0,"2011-11-10 15:04:00",1,266.76000000000005,2,1,2,5,"Lost"
13978.0,"2011-11-25 11:36:00",2,196.79000000000005,2,2,1,5,"Lost"
16423.0,"2011-11-15 09:21:00",1,346.12,2,1,2,5,"Lost"
14354.0,"2011-12-04 11:32:00",2,163.62,1,3,1,5,"At Risk"
12617.0,"2011-11-10 14:39:00",1,355.53,2,1,2,5,"Lost"
17030.0,"2011-10-07 08:49:00",1,146.87000000000003,3,1,1,5,"Needs Attention"
17385.0,"2011-11-25 11:02:00",1,261.11000000000007,2,1,2,5,"Lost"
13876.0,"2011-10-07 10:22:00",1,122.7,3,1,1,5,"Needs Attention"
13962.0,"2011-11-18 08:47:00",2,169.55,2,2,1,5,"Lost"
14703.0,"2011-11-25 09:23:00",1,318.17,2,1,2,5,"Lost"
16856.0,"2011-11-25 08:59:00",1,35.400000000000006,2,2,1,5,"Lost"
13419.0,"2011-10-07 12:49:00",1,221.05999999999997,3,1,1,5,"Needs Attention"
17936.0,"2011-12-04 13:32:00",1,389.83999999999975,1,2,2,5,"Lost"
16248.0,"2011-10-09 11:32:00",1,152.94,3,1,1,5,"Needs Attention"
18088.0,"2011-10-09 13:41:00",1,167.67,3,1,1,5,"Needs Attention"
13193.0,"2011-10-09 14:30:00",1,117.88000000000002,3,1,1,5,"Needs Attention"
14658.0,"2011-12-04 15:35:00",2,247.14999999999995,1,2,2,5,"Lost"
17510.0,"2011-11-15 10:00:00",1,308.47999999999996,2,1,2,5,"Lost"
14801.0,"2011-10-09 15:24:00",1,193.14,3,1,1,5,"Needs Attention"
16921.0,"2011-10-09 16:22:00",1,169.79000000000002,3,1,1,5,"Needs Attention"
14027.0,"2011-10-10 09:01:00",1,104.82,3,1,1,5,"Needs Attention"
17977.0,"2011-11-10 13:28:00",1,288.14,2,1,2,5,"Lost"
16179.0,"2011-10-10 09:41:00",1,215.83,3,1,1,5,"Needs Attention"
15428.0,"2011-11-24 16:54:00",1,93.78,2,2,1,5,"Lost"
18169.0,"2011-10-10 12:18:00",1,202.65,3,1,1,5,"Needs Attention"
18126.0,"2011-10-10 12:19:00",1,206.83,3,1,1,5,"Needs Attention"
18184.0,"2011-11-24 15:28:00",1,49.8,2,2,1,5,"Lost"
13980.0,"2011-10-10 13:34:00",1,200.14,3,1,1,5,"Needs Attention"
17247.0,"2011-11-24 15:21:00",1,282.18999999999994,2,1,2,5,"Lost"
16149.0,"2011-12-05 11:29:00",2,280.52,1,2,2,5,"Lost"
15886.0,"2011-10-10 14:25:00",1,181.08999999999997,3,1,1,5,"Needs Attention"
16847.0,"2011-10-27 13:29:00",1,193.44000000000003,3,1,1,5,"Needs Attention"
16446.0,"2011-12-09 09:27:00",3,2.8999999999941792,1,3,1,5,"At Risk"
17767.0,"2011-11-24 14:42:00",1,271.20000000000005,2,1,2,5,"Lost"
17458.0,"2011-11-24 13:01:00",1,316.5,2,1,2,5,"Lost"
17254.0,"2011-12-05 12:46:00",2,272.4399999999998,1,2,2,5,"Lost"
12659.0,"2011-11-10 11:53:00",1,91.68,2,2,1,5,"Lost"
14777.0,"2011-12-05 13:20:00",2,-17.45,1,3,1,5,"At Risk"
16189.0,"2011-11-24 11:47:00",2,215.47999999999996,2,2,1,5,"Lost"
13690.0,"2011-10-11 15:03:00",1,172.25,3,1,1,5,"Needs Attention"
15393.0,"2011-11-23 16:48:00",2,231.86,2,2,1,5,"Lost"
14642.0,"2011-10-12 11:08:00",1,96.12,3,1,1,5,"Needs Attention"
12602.0,"2011-10-12 11:22:00",1,153.12,3,1,1,5,"Needs Attention"
16753.0,"2011-10-12 13:14:00",1,223.92,3,1,1,5,"Needs Attention"
14357.0,"2011-10-27 16:23:00",1,225.7700000000001,3,1,1,5,"Needs Attention"
13083.0,"2011-12-05 15:01:00",2,303.75,1,2,2,5,"Lost"
16968.0,"2011-12-05 15:02:00",2,439.4300000000002,1,2,2,5,"Lost"
16953.0,"2011-11-09 15:54:00",1,20.8,2,2,1,5,"Lost"
17279.0,"2011-10-13 11:58:00",1,187.83,3,1,1,5,"Needs Attention"
13992.0,"2011-11-09 15:23:00",1,76.8,2,2,1,5,"Lost"
16773.0,"2011-10-13 14:37:00",1,171.59,3,1,1,5,"Needs Attention"
15690.0,"2011-12-05 15:59:00",2,239.76,1,2,2,5,"Lost"
13858.0,"2011-10-13 16:17:00",1,216.17,3,1,1,5,"Needs Attention"
18030.0,"2011-12-05 16:37:00",3,220.69999999999996,1,3,1,5,"At Risk"
14089.0,"2011-10-14 10:38:00",1,161.0,3,1,1,5,"Needs Attention"
12532.0,"2011-11-09 13:47:00",1,349.83,2,1,2,5,"Lost"
17011.0,"2011-11-09 13:30:00",1,270.90000000000003,2,1,2,5,"Lost"
14984.0,"2011-11-20 14:28:00",2,213.26999999999995,2,2,1,5,"Lost"
14881.0,"2011-11-20 11:06:00",1,255.40000000000003,2,1,2,5,"Lost"
15556.0,"2011-11-15 16:08:00",1,279.77,2,1,2,5,"Lost"
16680.0,"2011-10-27 17:35:00",1,183.70000000000002,3,1,1,5,"Needs Attention"
16914.0,"2011-11-03 15:27:00",1,208.45999999999998,3,1,1,5,"Needs Attention"
17010.0,"2011-11-23 11:04:00",2,185.46,2,2,1,5,"Lost"
16542.0,"2011-10-17 10:47:00",1,119.61999999999999,3,1,1,5,"Needs Attention"
15153.0,"2011-11-08 17:09:00",1,329.24999999999994,2,1,2,5,"Lost"
18042.0,"2011-10-17 11:49:00",1,165.05,3,1,1,5,"Needs Attention"
17022.0,"2011-11-08 17:09:00",1,71.0,2,2,1,5,"Lost"
16412.0,"2011-10-17 12:35:00",1,151.83000000000004,3,1,1,5,"Needs Attention"
17534.0,"2011-10-17 12:47:00",1,223.36,3,1,1,5,"Needs Attention"
14218.0,"2011-10-28 10:00:00",1,169.48000000000002,3,1,1,5,"Needs Attention"
15335.0,"2011-10-17 12:50:00",1,173.97,3,1,1,5,"Needs Attention"
18005.0,"2011-12-06 11:51:00",2,249.71999999999986,1,2,2,5,"Lost"
17904.0,"2011-11-18 13:57:00",2,178.92000000000002,2,2,1,5,"Lost"
17206.0,"2011-10-17 13:25:00",1,204.24,3,1,1,5,"Needs Attention"
17785.0,"2011-10-17 13:43:00",1,131.94,3,1,1,5,"Needs Attention"
16932.0,"2011-10-17 14:12:00",1,161.94000000000003,3,1,1,5,"Needs Attention"
13449.0,"2011-11-16 08:28:00",1,291.87999999999994,2,1,2,5,"Lost"
16313.0,"2011-12-06 13:02:00",2,274.15,1,2,2,5,"Lost"
16363.0,"2011-10-17 14:14:00",1,109.36,3,1,1,5,"Needs Attention"
15096.0,"2011-10-28 10:27:00",1,219.39,3,1,1,5,"Needs Attention"
14830.0,"2011-10-17 14:29:00",1,197.12999999999997,3,1,1,5,"Needs Attention"
15634.0,"2011-11-22 16:28:00",1,243.55,2,1,2,5,"Lost"
15637.0,"2011-10-18 08:28:00",1,223.36,3,1,1,5,"Needs Attention"
12586.0,"2011-11-22 16:24:00",2,179.94000000000003,2,2,1,5,"Lost"
15327.0,"2011-10-18 11:55:00",1,208.75,3,1,1,5,"Needs Attention"
16411.0,"2011-11-20 13:23:00",2,214.65,2,2,1,5,"Lost"
14861.0,"2011-10-18 12:54:00",1,125.78999999999999,3,1,1,5,"Needs Attention"
15604.0,"2011-10-18 14:47:00",1,216.38999999999996,3,1,1,5,"Needs Attention"
13986.0,"2011-11-22 15:00:00",1,320.4599999999999,2,1,2,5,"Lost"
14381.0,"2011-10-18 17:10:00",1,202.68000000000004,3,1,1,5,"Needs Attention"
15900.0,"2011-11-16 12:19:00",1,351.1099999999999,2,1,2,5,"Lost"
17219.0,"2011-11-08 11:25:00",1,114.23,3,1,1,5,"Needs Attention"
17148.0,"2011-10-19 09:59:00",1,124.88000000000001,3,1,1,5,"Needs Attention"
15610.0,"2011-10-19 10:36:00",1,112.46,3,1,1,5,"Needs Attention"
15853.0,"2011-10-19 10:38:00",1,110.79999999999998,3,1,1,5,"Needs Attention"
18110.0,"2011-11-20 12:59:00",2,206.05000000000007,2,2,1,5,"Lost"
13710.0,"2011-11-08 08:16:00",1,180.48,3,1,1,5,"Needs Attention"
14929.0,"2011-11-07 17:21:00",1,223.87999999999997,3,1,1,5,"Needs Attention"
13832.0,"2011-11-22 12:31:00",2,40.949999999999996,2,2,1,5,"Lost"
14109.0,"2011-11-16 13:51:00",2,80.19999999999997,2,2,1,5,"Lost"
14799.0,"2011-10-19 16:16:00",1,157.7,3,1,1,5,"Needs Attention"
17896.0,"2011-11-16 13:59:00",1,256.32,2,1,2,5,"Lost"
16846.0,"2011-10-20 13:55:00",1,214.32,3,1,1,5,"Needs Attention"
13960.0,"2011-11-18 15:27:00",2,230.22,2,2,1,5,"Lost"
12785.0,"2011-12-07 12:46:00",2,305.71,1,2,2,5,"Lost"
14585.0,"2011-10-20 14:33:00",1,157.05,3,1,1,5,"Needs Attention"
14424.0,"2011-11-22 11:48:00",1,322.08,2,1,2,5,"Lost"
14098.0,"2011-11-03 10:13:00",1,147.34999999999997,3,1,1,5,"Needs Attention"
12588.0,"2011-10-31 15:01:00",1,214.89999999999998,3,1,1,5,"Needs Attention"
18274.0,"2011-11-22 10:18:00",2,-1.7763568394002505e-14,2,2,1,5,"Lost"
15124.0,"2011-11-17 10:09:00",2,184.18999999999997,2,2,1,5,"Lost"
13403.0,"2011-11-22 08:28:00",1,75.0,2,2,1,5,"Lost"
18273.0,"2011-12-07 13:16:00",3,204.0,1,3,1,5,"At Risk"
16337.0,"2011-11-03 10:03:00",1,151.05,3,1,1,5,"Needs Attention"
17832.0,"2011-10-21 11:43:00",1,155.37000000000003,3,1,1,5,"Needs Attention"
15699.0,"2011-11-22 08:26:00",1,309.65,2,1,2,5,"Lost"
14485.0,"2011-11-01 12:25:00",1,165.74999999999997,3,1,1,5,"Needs Attention"
15728.0,"2011-10-21 14:03:00",1,-134.8,3,1,1,5,"Needs Attention"
15740.0,"2011-10-21 14:29:00",1,154.88,3,1,1,5,"Needs Attention"
15115.0,"2011-11-21 14:59:00",1,340.10999999999996,2,1,2,5,"Lost"
16017.0,"2011-10-23 12:56:00",1,211.87999999999997,3,1,1,5,"Needs Attention"
14582.0,"2011-10-30 11:56:00",1,114.11,3,1,1,5,"Needs Attention"
15657.0,"2011-11-17 12:19:00",1,30.0,2,2,1,5,"Lost"
17836.0,"2011-10-23 16:13:00",1,110.20999999999998,3,1,1,5,"Needs Attention"
16506.0,"2011-11-20 12:17:00",2,90.30000000000001,2,2,1,5,"Lost"
14520.0,"2011-12-08 09:46:00",2,270.6,1,2,2,5,"Lost"
14551.0,"2011-11-21 13:36:00",2,186.23000000000002,2,2,1,5,"Lost"
14039.0,"2011-11-06 13:48:00",1,152.2,3,1,1,5,"Needs Attention"
17344.0,"2011-10-24 12:56:00",1,160.57,3,1,1,5,"Needs Attention"
13160.0,"2011-11-17 13:07:00",1,91.79999999999998,2,2,1,5,"Lost"
14174.0,"2011-11-06 13:17:00",1,134.46,3,1,1,5,"Needs Attention"
13697.0,"2011-11-01 09:14:00",1,151.29999999999998,3,1,1,5,"Needs Attention"
17947.0,"2011-11-02 13:05:00",1,176.68,3,1,1,5,"Needs Attention"
16445.0,"2011-11-06 12:32:00",1,230.51,3,1,1,5,"Needs Attention"
13532.0,"2011-11-06 12:25:00",1,210.3099999999999,3,1,1,5,"Needs Attention"
14974.0,"2011-11-02 13:01:00",1,114.39000000000001,3,1,1,5,"Needs Attention"
15844.0,"2011-10-24 15:19:00",1,130.74,3,1,1,5,"Needs Attention"
15857.0,"2011-11-21 12:18:00",1,297.00000000000006,2,1,2,5,"Lost"
15748.0,"2011-10-30 12:51:00",1,149.30999999999995,3,1,1,5,"Needs Attention"
18045.0,"2011-10-25 13:07:00",1,189.39999999999995,3,1,1,5,"Needs Attention"
15017.0,"2011-11-06 10:33:00",1,125.58000000000003,3,1,1,5,"Needs Attention"
13182.0,"2011-10-25 13:46:00",1,121.18,3,1,1,5,"Needs Attention"
16887.0,"2011-11-04 14:07:00",1,194.88000000000002,3,1,1,5,"Needs Attention"
17233.0,"2011-11-04 14:06:00",1,190.88000000000002,3,1,1,5,"Needs Attention"
17274.0,"2011-11-04 13:16:00",1,111.97999999999999,3,1,1,5,"Needs Attention"
14345.0,"2011-11-01 09:51:00",1,108.97999999999999,3,1,1,5,"Needs Attention"
14452.0,"2011-11-29 12:06:00",2,264.44,1,2,2,5,"Lost"
13404.0,"2011-12-08 15:37:00",2,252.49,1,2,2,5,"Lost"
16852.0,"2011-11-29 13:22:00",2,144.91,1,3,1,5,"At Risk"
16479.0,"2011-11-29 13:40:00",2,300.83,1,2,2,5,"Lost"
17468.0,"2011-11-29 15:33:00",2,137.0,1,3,1,5,"At Risk"
16936.0,"2011-11-14 11:04:00",1,262.67999999999995,2,1,2,5,"Lost"
17237.0,"2011-11-28 15:02:00",2,314.68999999999994,1,2,2,5,"Lost"
12812.0,"2011-10-26 09:54:00",1,229.64,3,1,1,5,"Needs Attention"
14836.0,"2011-11-29 16:45:00",3,102.44999999999999,1,3,1,5,"At Risk"
17379.0,"2011-11-28 13:56:00",1,404.65999999999985,1,2,2,5,"Lost"
18105.0,"2011-11-02 12:04:00",1,113.48,3,1,1,5,"Needs Attention"
16956.0,"2011-11-30 14:28:00",2,292.34,1,2,2,5,"Lost"
18117.0,"2011-11-14 12:47:00",1,320.72,2,1,2,5,"Lost"
14385.0,"2011-11-30 15:36:00",3,202.10999999999999,1,3,1,5,"At Risk"
17636.0,"2011-12-01 08:29:00",2,265.93000000000006,1,2,2,5,"Lost"
15593.0,"2011-09-30 11:46:00",1,199.8,3,1,1,5,"Needs Attention"
17793.0,"2011-11-14 14:24:00",1,323.03999999999996,2,1,2,5,"Lost"
16190.0,"2011-10-30 15:59:00",1,215.08,3,1,1,5,"Needs Attention"
14953.0,"2011-11-14 14:59:00",1,289.81999999999994,2,1,2,5,"Lost"
16591.0,"2011-10-02 10:43:00",1,213.5,3,1,1,5,"Needs Attention"
12581.0,"2011-10-31 08:56:00",1,197.70999999999998,3,1,1,5,"Needs Attention"
13348.0,"2011-10-06 17:28:00",1,233.76,3,1,1,5,"Needs Attention"
14598.0,"2011-10-26 13:19:00",1,221.97,3,1,1,5,"Needs Attention"
16024.0,"2011-11-27 13:26:00",1,251.24000000000004,2,1,2,5,"Lost"
16415.0,"2011-10-26 13:35:00",1,210.34999999999985,3,1,1,5,"Needs Attention"
14300.0,"2011-11-21 08:57:00",1,43.2,2,2,1,5,"Lost"
17957.0,"2011-10-04 14:58:00",1,111.68000000000002,3,1,1,5,"Needs Attention"
15276.0,"2011-10-04 16:39:00",1,135.31,3,1,1,5,"Needs Attention"
13256.0,"2011-11-25 15:57:00",1,0.0,2,2,1,5,"Lost"
16106.0,"2011-10-05 10:37:00",1,108.38,3,1,1,5,"Needs Attention"
16366.0,"2011-11-21 08:19:00",1,327.3,2,1,2,5,"Lost"
13483.0,"2011-10-05 11:53:00",1,140.33999999999997,3,1,1,5,"Needs Attention"
16519.0,"2011-11-14 15:41:00",2,215.07999999999998,2,2,1,5,"Lost"
17647.0,"2011-10-05 15:38:00",1,133.06,3,1,1,5,"Needs Attention"
18033.0,"2011-10-05 17:28:00",1,97.97000000000004,3,1,1,5,"Needs Attention"
18282.0,"2011-12-02 11:43:00",3,176.6,1,3,1,5,"At Risk"
17895.0,"2011-10-26 17:00:00",1,98.00000000000001,3,1,1,5,"Needs Attention"
16895.0,"2011-10-06 12:15:00",1,219.14000000000007,3,1,1,5,"Needs Attention"
13332.0,"2011-11-25 13:30:00",1,350.90000000000003,2,1,2,5,"Lost"
14518.0,"2011-10-06 14:43:00",1,174.37000000000003,3,1,1,5,"Needs Attention"
12962.0,"2011-12-02 15:55:00",2,266.39,1,2,2,5,"Lost"
15937.0,"2011-10-06 15:48:00",1,145.35,3,1,1,5,"Needs Attention"
14865.0,"2011-12-02 16:25:00",2,52.2,1,3,1,5,"At Risk"
13460.0,"2011-11-10 17:17:00",2,183.43999999999997,2,2,1,5,"Lost"
12538.0,"2011-11-10 17:16:00",1,363.95,2,1,2,5,"Lost"
12923.0,"2011-10-06 16:20:00",1,176.97000000000006,3,1,1,5,"Needs Attention"
15463.0,"2011-11-10 12:57:00",1,126.14,2,1,1,4,"Lost"
12938.0,"2011-11-14 11:21:00",1,114.14,2,1,1,4,"Lost"
13828.0,"2011-11-17 16:02:00",1,209.48999999999998,2,1,1,4,"Lost"
12953.0,"2011-11-30 09:24:00",1,329.85,1,1,2,4,"Lost"
16597.0,"2011-12-05 15:44:00",1,90.04,1,2,1,4,"Lost"
15986.0,"2011-11-09 15:17:00",1,168.11999999999998,2,1,1,4,"Lost"
15419.0,"2011-11-15 09:23:00",1,135.86,2,1,1,4,"Lost"
14714.0,"2011-11-15 13:07:00",1,160.19,2,1,1,4,"Lost"
12531.0,"2011-11-25 11:12:00",1,125.22000000000001,2,1,1,4,"Lost"
14960.0,"2011-12-01 12:54:00",2,221.26999999999995,1,2,1,4,"Lost"
14804.0,"2011-12-01 11:20:00",1,353.27,1,1,2,4,"Lost"
17885.0,"2011-11-27 14:40:00",1,190.18999999999997,2,1,1,4,"Lost"
16433.0,"2011-11-11 14:09:00",1,184.26000000000002,2,1,1,4,"Lost"
15692.0,"2011-11-11 14:12:00",1,191.03999999999996,2,1,1,4,"Lost"
14860.0,"2011-12-01 09:44:00",2,168.61999999999998,1,2,1,4,"Lost"
18014.0,"2011-11-11 15:28:00",1,166.41999999999996,2,1,1,4,"Lost"
15458.0,"2011-11-14 13:08:00",1,161.64,2,1,1,4,"Lost"
17737.0,"2011-11-30 15:16:00",2,168.24,1,2,1,4,"Lost"
14661.0,"2011-11-13 11:51:00",1,107.95,2,1,1,4,"Lost"
17911.0,"2011-11-30 14:52:00",1,366.23,1,1,2,4,"Lost"
13298.0,"2011-12-08 13:11:00",1,360.0,1,1,2,4,"Lost"
17538.0,"2011-11-14 12:12:00",1,98.42000000000002,2,1,1,4,"Lost"
13170.0,"2011-11-13 12:19:00",1,116.01000000000002,2,1,1,4,"Lost"
14666.0,"2011-11-15 12:57:00",1,195.25000000000006,2,1,1,4,"Lost"
15168.0,"2011-11-14 11:26:00",1,106.56,2,1,1,4,"Lost"
13844.0,"2011-11-28 13:21:00",1,361.62,1,1,2,4,"Lost"
12660.0,"2011-11-28 13:26:00",1,245.09999999999997,1,1,2,4,"Lost"
18101.0,"2011-11-28 13:37:00",2,223.65,1,2,1,4,"Lost"
18209.0,"2011-11-11 12:07:00",1,139.10000000000002,2,1,1,4,"Lost"
13146.0,"2011-11-13 15:29:00",1,228.91,2,1,1,4,"Lost"
15097.0,"2011-12-05 14:03:00",1,248.08,1,1,2,4,"Lost"
13603.0,"2011-11-13 15:57:00",1,164.33999999999997,2,1,1,4,"Lost"
14494.0,"2011-11-14 09:21:00",1,139.56,2,1,1,4,"Lost"
13638.0,"2011-11-24 10:38:00",1,122.64000000000001,2,1,1,4,"Lost"
16720.0,"2011-11-13 16:22:00",1,155.24,2,1,1,4,"Lost"
14785.0,"2011-11-29 13:21:00",2,77.4,1,2,1,4,"Lost"
14480.0,"2011-11-28 16:35:00",1,279.04999999999995,1,1,2,4,"Lost"
13349.0,"2011-11-29 08:07:00",1,247.32,1,1,2,4,"Lost"
15619.0,"2011-11-29 08:14:00",1,336.40000000000003,1,1,2,4,"Lost"
16482.0,"2011-11-24 12:33:00",1,220.61999999999998,2,1,1,4,"Lost"
17772.0,"2011-11-29 11:05:00",2,182.76999999999995,1,2,1,4,"Lost"
16789.0,"2011-12-01 15:12:00",1,80.8,1,2,1,4,"Lost"
15148.0,"2011-11-29 08:21:00",1,301.28999999999996,1,1,2,4,"Lost"
15783.0,"2011-11-29 09:50:00",1,246.3,1,1,2,4,"Lost"
17791.0,"2011-11-10 12:09:00",1,106.1,2,1,1,4,"Lost"
15435.0,"2011-11-17 16:39:00",1,149.29000000000002,2,1,1,4,"Lost"
15567.0,"2011-11-21 10:48:00",1,186.01,2,1,1,4,"Lost"
17436.0,"2011-12-08 12:30:00",2,216.3,1,2,1,4,"Lost"
17650.0,"2011-11-18 14:52:00",1,166.07999999999998,2,1,1,4,"Lost"
16406.0,"2011-11-21 11:57:00",1,163.06999999999996,2,1,1,4,"Lost"
14362.0,"2011-11-17 15:08:00",1,161.20000000000002,2,1,1,4,"Lost"
15520.0,"2011-12-08 10:58:00",1,343.5,1,1,2,4,"Lost"
12984.0,"2011-11-21 12:37:00",1,97.5,2,1,1,4,"Lost"
12558.0,"2011-12-08 10:14:00",2,-1.2434497875801753e-14,1,2,1,4,"Lost"
17253.0,"2011-11-21 12:59:00",1,178.26000000000002,2,1,1,4,"Lost"
13739.0,"2011-11-21 13:35:00",1,216.89999999999998,2,1,1,4,"Lost"
16784.0,"2011-11-20 12:20:00",1,107.6,2,1,1,4,"Lost"
17600.0,"2011-11-22 09:43:00",1,161.67000000000002,2,1,1,4,"Lost"
15432.0,"2011-11-16 16:30:00",1,171.19,2,1,1,4,"Lost"
17942.0,"2011-12-02 10:45:00",1,77.50000000000001,1,2,1,4,"Lost"
15758.0,"2011-11-15 10:48:00",1,205.25,2,1,1,4,"Lost"
12702.0,"2011-11-20 10:36:00",1,219.0,2,1,1,4,"Lost"
14087.0,"2011-12-07 12:41:00",2,181.67000000000002,1,2,1,4,"Lost"
14052.0,"2011-11-20 12:30:00",1,225.35999999999996,2,1,1,4,"Lost"
17286.0,"2011-11-18 12:47:00",1,153.92000000000004,2,1,1,4,"Lost"
17561.0,"2011-11-20 12:53:00",1,167.6199999999999,2,1,1,4,"Lost"
13926.0,"2011-11-16 13:16:00",1,223.85,2,1,1,4,"Lost"
12618.0,"2011-11-18 11:10:00",1,177.31,2,1,1,4,"Lost"
16971.0,"2011-12-07 09:15:00",2,232.2099999999997,1,2,1,4,"Lost"
13322.0,"2011-11-22 14:21:00",1,199.48,2,1,1,4,"Lost"
14789.0,"2011-11-11 08:59:00",1,197.64,2,1,1,4,"Lost"
17680.0,"2011-11-16 12:42:00",1,184.4,2,1,1,4,"Lost"
15988.0,"2011-11-20 13:23:00",1,158.03,2,1,1,4,"Lost"
12650.0,"2011-12-06 16:34:00",1,314.4400000000001,1,1,2,4,"Lost"
12445.0,"2011-11-17 18:43:00",1,133.4,2,1,1,4,"Lost"
17297.0,"2011-11-22 14:43:00",1,131.78000000000006,2,1,1,4,"Lost"
17901.0,"2011-11-10 17:29:00",1,110.38000000000001,2,1,1,4,"Lost"
12920.0,"2011-11-22 15:05:00",1,164.23000000000002,2,1,1,4,"Lost"
14966.0,"2011-11-25 12:20:00",1,191.3199999999999,2,1,1,4,"Lost"
18249.0,"2011-11-22 15:07:00",1,95.34,2,1,1,4,"Lost"
16666.0,"2011-11-20 14:01:00",1,118.98000000000002,2,1,1,4,"Lost"
14641.0,"2011-11-18 10:42:00",1,110.46,2,1,1,4,"Lost"
16528.0,"2011-12-06 12:45:00",1,244.41,1,1,2,4,"Lost"
16620.0,"2011-12-06 12:19:00",2,178.96000000000004,1,2,1,4,"Lost"
17914.0,"2011-12-06 11:58:00",1,336.4299999999999,1,1,2,4,"Lost"
15318.0,"2011-12-06 11:30:00",1,312.62,1,1,2,4,"Lost"
15992.0,"2011-12-06 11:00:00",1,41.989999999999995,1,2,1,4,"Lost"
14581.0,"2011-11-23 12:39:00",1,138.6,2,1,1,4,"Lost"
12893.0,"2011-11-09 12:34:00",1,188.13999999999993,2,1,1,4,"Lost"
17038.0,"2011-11-09 13:50:00",1,112.40000000000003,2,1,1,4,"Lost"
17153.0,"2011-11-15 13:42:00",1,213.77999999999997,2,1,1,4,"Lost"
14968.0,"2011-11-09 13:58:00",1,147.59,2,1,1,4,"Lost"
17301.0,"2011-11-18 13:43:00",1,197.63000000000002,2,1,1,4,"Lost"
14793.0,"2011-12-05 16:25:00",2,214.14000000000004,1,2,1,4,"Lost"
14219.0,"2011-12-05 16:23:00",1,89.94000000000001,1,2,1,4,"Lost"
14946.0,"2011-11-25 13:33:00",1,100.9,2,1,1,4,"Lost"
16516.0,"2011-11-09 14:59:00",1,101.69999999999999,2,1,1,4,"Lost"
13522.0,"2011-11-09 15:11:00",1,125.80000000000001,2,1,1,4,"Lost"
13790.0,"2011-12-05 15:48:00",1,348.8,1,1,2,4,"Lost"
18058.0,"2011-11-30 08:38:00",1,170.16,1,1,1,3,"Lost"
17359.0,"2011-11-28 14:37:00",1,127.86000000000001,1,1,1,3,"Lost"
14569.0,"2011-12-08 14:58:00",1,227.39,1,1,1,3,"Lost"
18174.0,"2011-12-02 16:56:00",1,104.0,1,1,1,3,"Lost"
12367.0,"2011-12-05 16:48:00",1,168.9,1,1,1,3,"Lost"
14349.0,"2011-11-29 15:39:00",1,133.50000000000003,1,1,1,3,"Lost"
18015.0,"2011-12-05 14:49:00",1,120.03000000000006,1,1,1,3,"Lost"
13188.0,"2011-11-28 15:28:00",1,114.60000000000001,1,1,1,3,"Lost"
15790.0,"2011-11-29 14:53:00",1,220.84999999999997,1,1,1,3,"Lost"
13428.0,"2011-11-29 14:20:00",1,218.46999999999994,1,1,1,3,"Lost"
12966.0,"2011-11-30 12:38:00",1,160.18,1,1,1,3,"Lost"
14601.0,"2011-11-29 09:48:00",1,213.95999999999998,1,1,1,3,"Lost"
13017.0,"2011-12-02 15:53:00",1,204.0,1,1,1,3,"Lost"
14204.0,"2011-12-07 13:38:00",1,161.02999999999994,1,1,1,3,"Lost"
12442.0,"2011-12-06 14:22:00",1,172.06,1,1,1,3,"Lost"
15540.0,"2011-11-28 13:51:00",1,213.3,1,1,1,3,"Lost"
15904.0,"2011-12-01 14:50:00",1,164.68000000000004,1,1,1,3,"Lost"
16569.0,"2011-12-06 15:32:00",1,124.2,1,1,1,3,"Lost"
16988.0,"2011-12-04 16:02:00",1,126.12,1,1,1,3,"Lost"
14578.0,"2011-12-06 17:18:00",1,168.63,1,1,1,3,"Lost"
17383.0,"2011-12-05 17:36:00",1,199.28999999999996,1,1,1,3,"Lost"
13436.0,"2011-12-08 10:33:00",1,196.89,1,1,1,3,"Lost"
12587.0,"2011-12-02 12:47:00",1,144.0,1,1,1,3,"Lost"
13560.0,"2011-12-02 13:11:00",1,174.36999999999998,1,1,1,3,"Lost"
